review_id,analysis_number,analysis_name,k,total_N,total_cases,beta,lambda,r2
CD000028_pub4,1,All-cause mortality,34,27971.0,2501.0,0.7767316000649727,0.7405777124297838,0.6253378204869131
CD000028_pub4,2,Cardiovascular morbidity and mortality,6,5206.0,437.0,1.0803207743342782,0.045980674083373245,0.22650294930503823
CD000028_pub4,2,Cardiovascular mortality and morbidity,14,10993.0,1010.0,0.8268553650373194,0.4055778208982868,0.4355968670946403
CD000028_pub4,2,Cause of cardiovascular mortality,19,21849.0,393.0,0.8820284853116924,0.05243387167559465,0.4319916248661687
CD000028_pub4,3,Cardiovascular mortality and morbidity,14,11845.0,1174.0,0.8167060371864068,0.5387444314860966,0.815354646340779
CD000028_pub4,3,Cerebrovascular morbidity and mortality,6,5206.0,161.0,1.0930550074487781,0.01547663733677482,0.18235243856353467
CD000028_pub4,3,Cerebrovascular mortality and morbidity,14,10993.0,375.0,0.6988404124656191,0.4405857678755566,0.5728911534471057
CD000028_pub4,4,Cerebrovascular mortality and morbidity,12,11491.0,402.0,0.7500844498303921,0.3126504688503384,0.6264749589980596
CD000028_pub4,4,Coronary heart disease morbidity and mortality,6,5206.0,177.0,0.9994579061939448,0.03625387355011387,2.1571541943488093e-05
CD000028_pub4,4,Coronary heart disease mortality and morbidity,12,10035.0,412.0,1.0618486365101352,0.024618867686641083,0.18042517014116755
CD000028_pub4,5,Coronary heart disease mortality and morbidity,10,10533.0,447.0,0.8251115044109132,0.17769541203776174,0.6375006994285426
CD000028_pub4,6,Withdrawal due to adverse effects,4,5803.0,865.0,1.896937582816726,7.071588560227736e-05,0.9740586319967924
CD000143_pub2,1,Extubation failure,47,1634.0,454.0,1.2644961447811842,0.04616793813456942,0.75021162112531
CD000143_pub2,2,Endotracheal reintubation,23,927.0,257.0,1.2126373714893237,0.07175783297733586,0.6844160472782237
CD000143_pub2,4,Oxygen dependency at 28 days,5,216.0,92.0,1.0628432619335497,0.2870024140405545,0.13233744341441167
CD000214_pub3,1,Smoking abstinence at longest follow-up,77,34099.0,2257.0,0.9225202241574316,0.11949856035446325,0.1263443789297447
CD000214_pub3,2,Quit attempts,19,9080.0,793.0,0.8339661189098662,0.24664686548849482,0.23907309814692412
CD000219_pub5,1,Pain,27,3455.0,773.0,0.929173380378854,0.3561398239225613,0.16822103753874962
CD000219_pub5,2,"Vomiting, diarrhoea or rash",11,1500.0,384.0,1.7716879195531332,0.001039682771967129,0.6620171051367336
CD000219_pub5,3,Abnormal tympanometry,13,1959.0,737.0,1.128869335247435,0.15805085976409486,0.7560694302037612
CD000219_pub5,4,Tympanic membrane perforation,7,813.0,11.0,0.17060847671168278,3.0338694623480635,0.9817567490035541
CD000219_pub5,5,Contralateral otitis (in unilateral cases),4,453.0,48.0,1.706241764262225,0.001396917549821357,0.6318191374746218
CD000219_pub5,6,Late AOM recurrences,6,1138.0,208.0,0.9409863193356887,0.2592237316483714,0.05696276663249433
CD000247_pub4,1,Persistent rhinitis (purulent),4,394.0,155.0,1.0960120584427,0.13065034881853732,0.022557242376524678
CD000247_pub4,1,Persisting symptoms 1 to 7 days,6,664.0,168.0,0.7260941045621168,0.9349939680976149,0.2590518955083102
CD000247_pub4,2,Persistent purulent rhinitis with Herne added as purulent,5,440.0,158.0,0.9975889494459746,0.17678707639770175,1.1931748107207873e-05
CD000247_pub4,2,Persisting symptoms day 1 to 7 with Herne out,5,618.0,161.0,0.7811837340599653,0.7127337742141986,0.1727091449647694
CD000247_pub4,3,Persistent purulent rhinitis with currently available medication,4,368.0,146.0,2.9911269007133017,3.464472863306494e-06,0.8996709489656616
CD000247_pub4,3,Persisting symptoms days 1 to 7 in adults,4,489.0,149.0,0.9565069916517828,0.2990490216824565,0.006416455671360732
CD000247_pub4,4,Adverse effects for purulent rhinitis studies,3,354.0,87.0,1.243749499120199,0.05810396625713788,0.8013904126401634
CD000247_pub4,5,Persisting symptoms day 1 to 7 with Hoagland and McKerrow out,3,449.0,117.0,2.7524978745172994,4.552433472674493e-06,0.8317077752802691
CD000247_pub4,6,Persisting symptoms 1 to 7 days with Kaiser out,5,518.0,71.0,0.4277960858922788,4.6331770165458845,0.9696586506317377
CD000247_pub4,7,Adverse effects,5,515.0,124.0,1.0348440258498646,0.1735893131562064,0.24415830654918735
CD000247_pub4,8,Adverse effects in adults,3,363.0,96.0,1.0811209550542582,0.1588160185294435,0.9243717046826103
CD000247_pub4,10,Adverse effects with McKerrow out,3,298.0,62.0,1.079388113753485,0.13088623858269416,0.311264978652958
CD000402_pub5,1,Endometrial hyperplasia at 1 year,51,11545.0,594.0,0.7086434594035818,1.1137382212346685,0.8802145731826894
CD000402_pub5,1,Endometrial hyperplasia at 1 year (low-dose estrogen),4,866.0,17.0,0.05100123624305142,12.160975404315106,0.9992634077078634
CD000402_pub5,1,Endometrial hyperplasia at 1 year&nbsp;,5,832.0,29.0,1.120902265008137,0.012357487568943162,0.05770772776213218
CD000402_pub5,2,Endometrial hyperplasia at &gt; 1 year,50,4901.0,490.0,1.0161701685813904,0.1271589510273153,0.003411527333361253
CD000402_pub5,2,Endometrial hyperplasia at 1 year (moderate-dose estrogen),10,1721.0,10.0,0.8481790136246731,0.021878412745872707,0.1330220615024913
CD000402_pub5,3,Endometrial cancer at 1 year,14,5403.0,3.0,0.18118009471251761,0.29499044845911937,0.8637105874153791
CD000402_pub5,3,Endometrial cancer at 1 year&nbsp;,5,837.0,1.0,0.0,1.0,1.0
CD000402_pub5,4,Endometrial cancer at &gt; 1 year,23,11070.0,31.0,1.6553678695728946,6.429077267511235e-06,0.9478504577889746
CD000402_pub5,5,Adherence to therapy,13,4639.0,3443.0,1.0056130301946817,0.6741293079625543,0.00528345484096826
CD000402_pub5,5,Adherence to therapy&nbsp;,4,800.0,478.0,1.0894460448231897,0.3220735573918884,0.2178434166009714
CD000402_pub5,6,Additional investigations (endometrial biopsy),3,149.0,102.0,0.9266288526924439,0.9801505770713805,0.96913409657934
CD000402_pub5,6,Additional investigations (unscheduled biopsy),3,358.0,167.0,0.621993273559336,3.70397581062067,0.5041369280402643
CD000402_pub5,6,Adherence to therapy (moderate-dose estrogen),3,334.0,286.0,1.0566963064657038,0.617254585023348,0.8468666194056194
CD000402_pub5,6,Withdrawal due to adverse events,10,908.0,174.0,1.0590675931023101,0.14268044405387306,0.0523391290534565
CD000402_pub5,7,Withdrawal due to adverse events,6,454.0,65.0,1.211143325806951,0.03849703264752944,0.7679144632244036
CD000402_pub5,7,Withdrawal due to adverse events&nbsp;,19,4025.0,598.0,0.9937385693319476,0.20737191520535858,0.0015418373417982467
CD000402_pub5,7,Withdrawals due to adverse events,10,1170.0,194.0,0.9743526962660226,0.2373816317615088,0.004552038984629414
CD000402_pub5,9,Withdrawal due to adverse events (low-dose estrogen),3,606.0,81.0,0.7549256983510179,0.6541310225207677,0.9680361525299894
CD000402_pub5,9,Withdrawal due to adverse events (moderate-dose estrogen),4,592.0,70.0,0.6809198167581894,0.890273047813406,0.9617218388920228
CD000402_pub5,10,Withdrawal due to adverse events (moderate-dose estrogen),4,963.0,190.0,1.205564881135014,0.04493497390176508,0.7498705986653913
CD000478_pub5,1,Any adverse event,6,141.0,41.0,2.0286647249451533,0.0010194786472009416,0.5778972101653659
CD000478_pub5,1,Failure to maintain remission,13,268.0,109.0,0.7813031999363486,1.2618942320755262,0.8095437865247578
CD000478_pub5,1,Failure to maintain remission - all trials,13,268.0,110.0,0.7972873882670363,1.169999164085599,0.8169061963533477
CD000478_pub5,2,Withdrawal due to adverse event,6,141.0,21.0,2.2647200692594045,0.00021322614551057232,0.6389073340043627
CD000512_pub3,1,Death OR neurodevelopmental impairment at 18 to 26 months' postmenstrual age (trials adjusted for chronologic age and critical illness)&nbsp;,3,1533.0,752.0,0.8918554106822049,1.0420218283561107,0.7777476638903711
CD000512_pub3,2,Mortality by 18 to 26 months postmenstrual age&nbsp;,3,1604.0,227.0,0.7515510075390356,0.7968857300310054,0.7270642589129581
CD000512_pub3,4,Mortality at hospital discharge&nbsp;,6,1726.0,221.0,0.8126852607430137,0.4747593917413719,0.550637950918275
CD000512_pub3,5,Individual components of neurodevelopmental outcome in survivors at 18 to 26 months postmenstrual age (trials adjusted for chronologic age and critical illness),15,6479.0,821.0,0.7682854228224122,1.1829708057382249,0.6017116127488918
CD000512_pub3,6,Severe brain injury on ultrasound,6,1632.0,218.0,1.0743604279146681,0.0692701136149589,0.3587794690948195
CD000512_pub3,7,Necrotising enterocolitis&nbsp;,5,1716.0,148.0,1.3807349232495034,0.0060879819947565,0.7340802821549364
CD000512_pub3,8,Bronchopulmonary dysplasia (oxygen at 36 weeks' postmenstrual age),6,1540.0,699.0,1.3452934431702122,0.04815116770603872,0.6977813838393896
CD000512_pub3,9,Retinopathy of prematurity (stage 3 or greater)&nbsp;,6,1541.0,236.0,1.4136250693349433,0.00969128980532464,0.6119577275195047
CD000547_pub3,4,Frequency of blood transfusions,4,65.0,9.0,1.0889428643633499,0.1173800383566247,0.015939902958786223
CD000547_pub3,5,Frequency of blood transfusions,6,293.0,17.0,1.178484683206682,0.024408158576986565,0.24174380614514623
CD000547_pub3,5,Postoperative morbidity (complications),5,94.0,15.0,0.5655981098318826,1.2654834139145787,0.8878141006501137
CD000547_pub3,6,Postoperative morbidity (complications),7,398.0,47.0,1.1162101231658308,0.07035132045997056,0.10772631911951935
CD000547_pub3,6,Serious adverse events,9,1257.0,7.0,0.4397286388406242,0.24620541567316231,0.8969624746891665
CD000547_pub3,7,Other adverse events,48,3360.0,167.0,0.591241677016898,1.606638009140082,0.8819239978646641
CD000547_pub3,7,Proportion with individual complications,6,720.0,16.0,0.8235169858352128,0.07730543768467099,0.4305487662463815
CD000547_pub3,7,Total frequency of adverse events,5,434.0,352.0,0.9003848622170698,1.531121482391348,0.8284540647061522
CD000547_pub3,8,Individual adverse events,49,4809.0,879.0,0.7254270962689873,1.8044656885075083,0.9603752200783161
CD000547_pub3,8,Proportion with difficult surgery,5,348.0,115.0,0.91139691585828,0.5103678461280279,0.2184781940620938
CD000547_pub3,9,Proportion undergoing vaginal rather than abdominal procedure,3,195.0,80.0,0.47956034758865007,5.5291926269298,0.8415041415027202
CD000547_pub3,10,Adverse events,39,1961.0,359.0,0.7950401515327709,0.9125400615443433,0.6777429324536753
CD000547_pub3,10,Proportion with vertical incision,4,260.0,42.0,0.6134142812123946,1.4944856735125682,0.8010364174781496
CD001059_pub6,1,Pre-eclampsia,8,18672.0,683.0,1.0355615276834678,0.03141639097514023,0.022294369803035452
CD001059_pub6,2,Maternal death,5,15708.0,8.0,1.3912382209131098,1.132067877271624e-05,0.4921623806253932
CD001059_pub6,5,Eclampsia,3,6776.0,21.0,1.565166269010002,2.2012901146400826e-05,0.9873451934418608
CD001059_pub6,14,Pregnancy loss at any age or pre-eclampsia,3,6776.0,551.0,1.0463348090529707,0.054837590691756644,0.7780865909124124
CD001059_pub6,20,Any hypertensive disorder of pregnancy excluding chronic hypertension,4,7115.0,1182.0,1.2069161703114488,0.02904968480190011,0.654119286673937
CD001059_pub6,21,Gestational hypertension or pregnancy-induced hypertension,6,7367.0,873.0,1.2132827969989362,0.020353286592506285,0.8968811944419759
CD001059_pub6,23,Severe hypertension,3,6776.0,59.0,1.2317133877763922,0.0011620619915336484,0.9549082869210134
CD001059_pub6,31,Perinatal loss,6,14145.0,548.0,1.4050361312071633,0.000654921967023528,0.8318444031397751
CD001059_pub6,32,Preterm delivery at or before 37 weeks,8,17832.0,1824.0,1.1206576246917452,0.03289562938438438,0.7403454400908632
CD001059_pub6,34,Stillbirth,6,17612.0,405.0,1.6711138642921564,3.8434761627520266e-05,0.8978068856681451
CD001059_pub6,35,Neonatal death,4,6644.0,52.0,1.3493398741601221,0.00036208351695758624,0.9362081401014727
CD001059_pub6,36,Infant loss,3,12438.0,121.0,1.2403769533919478,0.0008113132478741027,0.3821292635082867
CD001059_pub6,37,Early preterm delivery &nbsp;at &lt; 34 weeks,4,6890.0,204.0,0.7205308768541696,0.3557122008165988,0.9792742434706526
CD001059_pub6,45,Small for gestational age,4,12812.0,2992.0,1.9325113896088277,4.247589894854986e-05,0.932161284947313
CD001059_pub6,54,Pre-eclampsia: sensitivity analysis - exclusion of small studies,4,7355.0,344.0,1.2371541554094303,0.006487316681373375,0.6055376558931336
CD001059_pub6,55,Preterm delivery &lt; 37 weeks: sensitivity analysis - exclusion of small studies,4,7207.0,683.0,1.1689063956686456,0.022641975744238683,0.8285718629658818
CD001059_pub6,56,Any hypertensive disorder of pregnancy excluding chronic hypertension: sensitivity analysis - exclusion of small studies,3,7025.0,1179.0,1.2396353364865227,0.023259301447930116,0.6966725530301913
CD001059_pub6,57,Gestational hypertension or pregnancy-induced hypertension: sensitivity analysis - exclusion of small studies,3,7025.0,835.0,1.2212576436080698,0.019112263554050365,0.7059038521613537
CD001059_pub6,58,Pre-eclampsia: subgroup analysis - high-risk versus low-risk populations,6,7672.0,354.0,1.2000796870053287,0.008969182533609555,0.43053507418552495
CD001059_pub6,59,Pre-eclampsia: subgroup analysis - high-intake versus low-intake populations,6,7672.0,354.0,1.2000796870053287,0.008969182533609555,0.43053507418552495
CD001059_pub6,60,Pre-eclampsia: subgroup analysis - high-dose versus low-dose calcium&nbsp;,6,7672.0,354.0,1.2000796870053287,0.008969182533609555,0.43053507418552495
CD001059_pub6,64,Perinatal loss: subgroup analysis - high risk versus low risk,4,3410.0,53.0,1.16784642125898,0.00370372772783069,0.8680037421371894
CD001059_pub6,65,Perinatal loss: subgroup analysis - high-intake versus low-intake populations,4,3410.0,53.0,1.16784642125898,0.00370372772783069,0.8680037421371894
CD001059_pub6,66,Perinatal loss: subgroup analysis - high dose versus low dose,4,3410.0,53.0,1.16784642125898,0.00370372772783069,0.8680037421371894
CD001059_pub6,67,Preterm delivery &lt; 37 weeks: subgroup analysis - high risk versus low risk,6,7528.0,700.0,1.1459665826685796,0.027035934943832014,0.7202158210742264
CD001059_pub6,68,Preterm delivery &lt; 37 weeks: subgroup analysis - high intake versus low intake population,6,7528.0,700.0,1.1459665826685796,0.027035934943832014,0.7202158210742264
CD001059_pub6,69,Preterm delivery &lt; 37 weeks: subgroup analysis - high dose versus low dose,6,7528.0,700.0,1.1459665826685796,0.027035934943832014,0.7202158210742264
CD001059_pub6,70,Stillbirth: subgroup analysis - high versus low risk,4,7033.0,130.0,1.9884447088514818,2.937440322289304e-06,0.9927504974908907
CD001059_pub6,71,Stillbirth: subgroup analysis - high versus low intake population,4,7033.0,130.0,1.9884447088514818,2.937440322289304e-06,0.9927504974908907
CD001059_pub6,72,Stillbirth: subgroup analysis - high dose versus low dose,4,7033.0,130.0,1.9884447088514818,2.937440322289304e-06,0.9927504974908907
CD001059_pub6,73,Neonatal death: subgroup analysis - high risk versus low risk,4,6644.0,52.0,1.3493398741601221,0.00036208351695758624,0.9362081401014727
CD001059_pub6,74,Neonatal death: subgroup analysis - high-intake versus low-intake population,4,6644.0,52.0,1.3493398741601221,0.00036208351695758624,0.9362081401014727
CD001059_pub6,75,Neonatal death: subgroup analysis - high dose versus low dose,4,6644.0,52.0,1.3493398741601221,0.00036208351695758624,0.9362081401014727
CD001125_pub2,24,Side effects,6,95.0,11.0,1.8952852754394858,0.003121847303577728,0.45286286677485676
CD001125_pub2,25,Withdrawals during treatment,3,66.0,11.0,2.6530659370167786,0.000180330754868458,0.9375461957329568
CD001155_pub3,1,"Alendronate 5 mg/day vs Alendronate 35 mg/week, Primary",6,2166.0,130.0,1.5369727330077305,0.0015059880966742198,0.44453917307693014
CD001155_pub3,1,"Alendronate vs Other active agent, Primary",109,9903.0,569.0,1.0744157712773463,0.03897168919154901,0.04620785273290029
CD001155_pub3,1,"Alendronate vs Other active agent, Secondary",4,1167.0,32.0,0.6269148059327319,0.371168311927063,0.7404716916449775
CD001155_pub3,1,Clinical vertebral fractures,48,17030.0,263.0,0.833439523407917,0.08984659700600998,0.5027870293519205
CD001155_pub3,1,Non-vertebral fractures,7,3060.0,297.0,1.0478770502401806,0.07144279785043303,0.3220198121333103
CD001155_pub3,2,"Alendronate vs Other active agent, Secondary",404,79905.0,3353.0,1.0379107995049863,0.031126815100285008,0.017763701995349157
CD001155_pub3,2,Hip fractures,3,2698.0,19.0,-9.687806112879116e-13,19.000000000143604,1.0
CD001155_pub3,2,Non-vertebral fractures,69,35391.0,3110.0,0.8818724982369728,0.33503620433692055,0.5613993479241219
CD001155_pub3,3,Hip fractures,68,33417.0,260.0,0.8779006872359701,0.029972631928437847,0.657342358359593
CD001155_pub3,3,Radiographic vertebral fractures,5,702.0,32.0,1.209679194135665,0.011760626555921262,0.9864836710056326
CD001155_pub3,4,Radiographic vertebral fractures,14,4553.0,211.0,1.2786704963639248,0.00472721867390188,0.5952409792176281
CD001155_pub3,4,Wrist fractures,56,27378.0,707.0,1.0927131408244717,0.010820614950763991,0.4435038919790404
CD001155_pub3,5,Radiographic vertebral fractures,26,20959.0,846.0,0.8754931852333342,0.16037018065034342,0.20293617252893104
CD001155_pub3,5,Withdrawals due to adverse events,6,1050.0,68.0,0.7292593622811168,0.4910822266931633,0.906417092973216
CD001155_pub3,6,Serious adverse events,6,1329.0,111.0,0.580821303554038,1.5544384415858683,0.9557600777641339
CD001155_pub3,6,Withdrawals due to adverse events,29,6549.0,575.0,1.2180048014180322,0.0135653560509355,0.8950363199203194
CD001155_pub3,7,Gastrointestinal adverse events,4,767.0,231.0,0.9064583545861074,0.5585733447709021,0.9983289354231062
CD001155_pub3,7,Serious adverse events,14,2499.0,214.0,1.3204164773615803,0.007390084548568569,0.5621060089512286
CD001155_pub3,8,Gastrointestinal adverse events,17,5140.0,1999.0,1.221492683575722,0.06821739794818985,0.8117750503845417
CD001321_pub7,1,Symptomatic UTI: culture-verified UTI,66,6903.0,1413.0,1.0928533981450541,0.10917372506785367,0.3481923939953644
CD001321_pub7,1,Symptomatic UTI: culture-verified UTI (commercial involvement),13,1607.0,274.0,0.882001726626157,0.41141338770662894,0.15518438402475532
CD001321_pub7,1,Symptomatic UTI: culture-verified UTI (low dose PAC < 40 mg/day),6,742.0,127.0,1.1427621349533938,0.07349927085731964,0.3164752553106084
CD001321_pub7,1,Symptomatic UTI: culture-verified UTI (⪰ 108 CFU/L),18,2159.0,360.0,0.9619277248167312,0.2592559530508206,0.06783969383072475
CD001321_pub7,2,"Clinical UTI: symptoms, no culture",10,1803.0,536.0,0.8885602567374569,0.7753189563038926,0.34834087225972166
CD001321_pub7,2,Symptomatic UTI: culture-verified UTI (< 108 CFU/L),3,416.0,41.0,2.216297534722253,6.412293287454925e-05,0.9997190214876485
CD001321_pub7,2,Symptomatic UTI: culture-verified UTI (moderate dose PAC 40 to 80 mg/day),4,233.0,18.0,0.9472084397327886,0.10054057851720195,0.053006373325053535
CD001321_pub7,2,Symptomatic UTI: culture-verified UTI (no commercial involvement),12,1362.0,173.0,1.0593635891545383,0.07219987861830379,0.014702257728564705
CD001321_pub7,3,Microbiological UTI: positive culture without known symptoms,5,274.0,108.0,1.6133214404639933,0.011953656553833803,0.969533867830418
CD001321_pub7,4,Death,4,779.0,170.0,2.941929418787935,6.423180185309238e-07,0.9801344103504676
CD001321_pub7,5,Gastrointestinal adverse events,10,1141.0,56.0,0.8521610335553076,0.14848427321167226,0.09601842764981883
CD001396_pub4,1,Response rate,3,134.0,77.0,0.7462512674458996,1.817058384959016,0.8283524170846926
CD001396_pub4,2,Nausea,28,2327.0,472.0,1.0762406554149329,0.09912964168178272,0.2692559239919956
CD001396_pub4,2,Response rates,28,2030.0,1214.0,0.9299505003563073,0.9325605567978726,0.556558994377531
CD001396_pub4,3,Insomnia or sleep disturbance,29,2354.0,257.0,0.8904145435335851,0.2556310294303175,0.4999718526202762
CD001396_pub4,4,Sexual dysfunction or decreased libido,23,1786.0,171.0,0.9003553249013246,0.1810560947252453,0.5096680360861031
CD001396_pub4,5,Fatigue or sedation,14,742.0,118.0,1.0065449395094306,0.1630213734817948,0.0011413863717826267
CD001396_pub4,6,Dizziness or vertigo,21,1680.0,144.0,1.0303576469928712,0.07115493096857349,0.028811573021990777
CD001396_pub4,7,Tremor,8,900.0,60.0,1.0153134542626339,0.06792733396851193,0.0018620685148484917
CD001396_pub4,8,Somnolence/decreased concentration,14,1302.0,137.0,0.9276397846307041,0.15462122582700644,0.09988255568562443
CD001396_pub4,9,Sweating,16,1470.0,116.0,0.8585294051447879,0.21750000305241965,0.7912707458634146
CD001396_pub4,10,Dry mouth,16,1057.0,111.0,1.0639538408322213,0.06329879825182678,0.13050511351852845
CD001396_pub4,11,Asthenia/decreased energy,13,1127.0,175.0,1.083165683682787,0.08620616495857808,0.5368244796446986
CD001396_pub4,12,Diarrhoea,19,1678.0,116.0,1.082521648660828,0.0319312177434339,0.3668044916871074
CD001396_pub4,13,Constipation,10,648.0,36.0,0.6331024188042598,0.5901462821723433,0.9734224447692489
CD001396_pub4,14,Withdrawal due to adverse effects,26,2100.0,229.0,0.92563849271654,0.21851169232580966,0.15897454823157264
CD001396_pub4,19,Response rates,30,2142.0,1267.0,0.9317109662590077,0.9145255221328193,0.5391490992291004
CD001396_pub4,20,Withdrawal for any reason,18,995.0,226.0,1.1029693528057838,0.11217640250046128,0.5841940909628325
CD001431_pub6,1,Accurate risk perceptions - all studies,25,3937.0,1810.0,0.8627422205660209,1.5255031560962036,0.929149804914343
CD001431_pub6,1,Choice: surgery over conservative option (subgroup by condition),38,4212.0,2090.0,1.3022304751241385,0.03997193075520902,0.7578244830456614
CD001431_pub6,1,Informed values-choice congruence - all studies,22,4860.0,2199.0,0.8511103457946576,1.6303532381546118,0.8077664958483285
CD001431_pub6,1,Participation in decision-making - all studies,61,6506.0,2217.0,1.0768133758735854,0.17963259837850643,0.2699863059095887
CD001431_pub6,1,Proportion undecided - all studies,42,4381.0,725.0,1.668685195029391,0.0007682689282614618,0.805758504565178
CD001431_pub6,2,Accurate risk perceptions - studies without high risk of bias,20,3126.0,1554.0,0.865427446872389,1.4641170294455268,0.9418492617491042
CD001431_pub6,2,Choice for screening,43,22215.0,9164.0,0.9694093708108069,0.5361792886546732,0.16954004441962311
CD001431_pub6,2,Discussed topic with provider,11,2027.0,1391.0,1.1291199155943417,0.2478045223677403,0.6514510380089913
CD001431_pub6,2,Informed values-choice congruence - without studies of high risk of bias,18,3810.0,1797.0,0.845110149366965,1.7256866150707815,0.8174554680795207
CD001431_pub6,2,Participation in decision-making - studies without high risk of bias,48,4546.0,1526.0,1.07013062310082,0.19657215167861003,0.19772996488742112
CD001431_pub6,2,Proportion undecided - studies without high risk of bias,37,3911.0,670.0,1.2911913327304265,0.016353433104692283,0.48759549058547624
CD001431_pub6,3,Accurate risk perceptions - old vs new studies,25,3937.0,1810.0,0.8636562783151197,1.5154101812574607,0.9256644399422898
CD001431_pub6,3,Choice: diabetes medication (uptake of new medication),6,662.0,305.0,1.0633409225615005,0.21439314551736502,0.05876502805322292
CD001431_pub6,3,Informed values-choice congruence - old vs new studies,22,4860.0,2199.0,0.8485583916277023,1.6554772586621604,0.8257846730243397
CD001431_pub6,3,Participation in decision-making - clinician-controlled - old vs new studies,21,2354.0,353.0,1.0569137443430114,0.09510677092985355,0.2346221705247894
CD001431_pub6,3,Proportion undecided - old vs new studies,42,4381.0,725.0,1.6422246179833209,0.0009465110057066152,0.809127474193539
CD001431_pub6,4,Choice: surgery over conservative option - studies without high risk of bias,32,3552.0,1815.0,1.3398166639588478,0.03089690309980715,0.775045597185149
CD001431_pub6,4,Discussed topic with provider - studies without high risk of bias,10,1707.0,1106.0,1.1251815808153385,0.25303454718929735,0.6088183421051185
CD001431_pub6,4,Informed values-chose congruence - using MMIC,13,3203.0,1640.0,0.8411781982523422,1.7713740336812007,0.7945366295837798
CD001431_pub6,4,Participation in decision-making - patient-controlled - old vs new studies,20,2021.0,1103.0,1.032172016427041,0.4273631535713254,0.08242034120757458
CD001431_pub6,5,Choice for screening - studies without high risk of bias,38,13347.0,5290.0,0.9425064378522535,0.6361442307954263,0.2752846645439537
CD001431_pub6,5,Informed values-chose congruence - using non-MMIC measures,9,1637.0,559.0,0.8721652561646867,0.8969247901197617,0.8457554557511162
CD001431_pub6,5,Participation in decision-making - shared decision-making - old vs new studies,20,2131.0,761.0,0.9689769735191174,0.4102629083624595,0.054845798504822296
CD001431_pub6,6,Choice: diabetes medication (uptake of new medication) - studies without high risk of bias,4,243.0,49.0,0.8021643564216139,0.6177613657158988,0.6973372123236212
CD001533_pub7,1,Number with frequent relapses by 12 to 24 months,14,826.0,295.0,1.203676363491287,0.09381256787973109,0.518834841663425
CD001533_pub7,1,Number with relapse,3,105.0,54.0,0.9747400181075948,0.6122705146401197,0.05759419237698804
CD001533_pub7,1,Number with relapse with infection,7,301.0,120.0,1.2222843637147838,0.11071801870506312,0.9450240208753937
CD001533_pub7,1,Number with relapses,4,152.0,59.0,3.3371372022365726,3.9750955711095785e-06,0.9476220110876564
CD001533_pub7,2,Adverse events,9,316.0,40.0,0.6366591469064344,0.8948298018171781,0.43945712999397635
CD001533_pub7,2,Number relapsing by 12 to 24 months,21,1128.0,600.0,1.0319793900349103,0.3898119824348466,0.05732399176742442
CD001533_pub7,2,Number with relapse,5,118.0,75.0,0.9772682045956574,0.7772813984716789,0.02336072698751368
CD001533_pub7,3,Adverse events,6,204.0,17.0,0.7945621483256204,0.30167264873611266,0.3063236048062695
CD001533_pub7,3,Number with frequent relapses by 12 to 24 months: stratified by risk of selection bias,8,469.0,186.0,1.3193905721541166,0.05891670431263323,0.6640695797846822
CD001533_pub7,3,Number with frequent relapses: stratified by risk of selection bias,6,357.0,109.0,1.6523803872840315,0.007097118952331221,0.8435480198285628
CD001533_pub7,4,Number relapsing by 12 to 24 months: stratified by risk of selection bias,20,1097.0,575.0,1.0992522360524164,0.24083767714791343,0.6420731862555827
CD001533_pub7,5,Adverse events,66,3664.0,616.0,1.2241385650205692,0.022808371806391097,0.32025036142665475
CD001552_pub3,1,Clinical improvement at short-term follow-up: 3 months or less,5,194.0,126.0,0.7728685310299062,2.123242247172352,0.9749882005362362
CD001552_pub3,2,Clinical improvement at long-term follow-up: over 3 months,7,201.0,167.0,0.9478464246190504,1.1437387353586062,0.7967742152775334
CD001703_pub4,25,Non-specific low back pain and spine-related leg pain: total adverse events,18,1160.0,724.0,0.8760988863417798,1.4972424512112232,0.9587051699045743
CD001703_pub4,26,Non-specific low back pain and spine-related leg pain: serious adverse events,10,936.0,23.0,0.5655629916608171,0.41441747888737734,0.8863863260335973
CD001703_pub4,27,Non-specific low back pain and spine-related leg pain: withdrawals due to adverse events,22,1358.0,190.0,1.218189577749036,0.03636236273281996,0.4940268958855458
CD001797_pub4,1,Significant improvement in disability within 6 weeks,7,181.0,92.0,1.2337761240588008,0.1667244483321063,0.6723378834689533
CD001797_pub4,3,Improvement ≥ 1 point on Rankin scale,3,50.0,16.0,1.1891119776414518,0.14837855284764193,0.6202815675455919
CD001797_pub4,9,Frequency of serious side effects,3,172.0,10.0,1.2767098774949104,0.015863769717425237,0.42549092685778966
CD001797_pub4,10,Frequency of any side effects,3,167.0,82.0,2.2411557986528114,0.0011819744469760104,0.7449095086857779
CD001837_pub4,1,Behavioural support,10,1947.0,521.0,0.8507056388195363,0.7913728679182561,0.9462509073580971
CD001837_pub4,1,Patients with cardiovascular disease,31,3912.0,1403.0,0.8617581235961456,1.0528941460619912,0.7798885997786625
CD001837_pub4,1,Quit at longest follow-up (6 + months),65,11938.0,2759.0,0.8498390407890748,0.8020995884281245,0.6136537483397988
CD001837_pub4,2,Bupropion vs placebo or no bupropion,4,432.0,105.0,1.1853350084636392,0.0788741395984465,0.7643397332657706
CD001837_pub4,2,Combined (pharmacotherapy + behavioural) support versus no support post-discharge,7,2804.0,496.0,1.1114459043370197,0.08891353091473397,0.3034880683790082
CD001837_pub4,2,Health system telephone counselling vs quitline,3,1627.0,281.0,0.45132989712868266,9.946077477389167,0.9919264376496808
CD001837_pub4,2,Patients with respiratory disease,6,397.0,104.0,1.41337608458547,0.02423362296759603,0.8766609471224905
CD001837_pub4,3,Patients with stroke,3,198.0,69.0,1.039288922725205,0.26831854313836473,0.0961978704542159
CD001837_pub4,3,Varenicline vs placebo or no varenicline,4,416.0,121.0,1.1680471010358915,0.11088533333527968,0.8951687883555612
CD001837_pub4,4,Combined (pharmacotherapy + behavioural) support vs neither,7,2804.0,496.0,1.1267313312938234,0.08445351826906632,0.3251143367082501
CD001909_pub4,1,Ataxia,12,903.0,160.0,1.2795826801494552,0.03533381442328366,0.749476584253742
CD001909_pub4,1,Treatment withdrawal,14,1043.0,180.0,1.404354533929533,0.010057644602832205,0.9089533779150307
CD001909_pub4,1,≥ 50% reduction in seizure frequency (intention-to-treat analysis),25,1380.0,384.0,1.1297615205443845,0.09999412060055272,0.30318596403036235
CD001909_pub4,2,Dizziness,13,1024.0,168.0,1.2484235150093594,0.03873592805604468,0.3752693767216373
CD001909_pub4,2,≥ 50% reduction in seizure frequency (worst-case analysis),12,690.0,192.0,1.2044474266160476,0.07283907099873113,0.39047682040850984
CD001909_pub4,3,Fatigue,12,881.0,80.0,0.7166999334708231,0.5612729456555505,0.9479699077764905
CD001909_pub4,3,≥ 50% reduction in seizure frequency (best-case analysis),12,690.0,308.0,1.3193187332868064,0.05703482859450396,0.5830814635063158
CD001909_pub4,4,Nausea,12,883.0,155.0,1.2569995598135857,0.04000337817039595,0.7644951780770763
CD001909_pub4,5,Somnolence,13,1024.0,136.0,0.999371181751847,0.13586227439270765,5.010845151753873e-05
CD001909_pub4,6,Diplopia,3,618.0,177.0,0.8684027685924801,0.7076023549925102,0.7081573377344135
CD001909_pub4,7,Headache,5,837.0,241.0,0.9562441661866369,0.4168789902550086,0.12954832651539583
CD001920_pub4,5,Adverse events,4,352.0,86.0,1.6381826157640622,0.004109722571901283,0.39585624943449416
CD001920_pub4,6,Adverse events,8,292.0,41.0,1.1530106133807614,0.05976258858139164,0.039452020224112094
CD001920_pub4,6,Functional task training compared to other approaches: Adverse events,6,237.0,32.0,4.281791202569087,3.7116510769576938e-09,0.724269869342612
CD001939_pub5,1,All-cause mortality,16,389.0,97.0,1.5170349263597775,0.015257035556146827,0.5895570001050798
CD001939_pub5,2,Hepatic encephalopathy,17,424.0,191.0,0.8970912283625609,0.7929837544667301,0.5144255519657817
CD001939_pub5,3,Serious adverse events: nausea and diarrhoea,6,477.0,58.0,0.6546107682486647,0.9090104099543479,0.8690908812251328
CD001939_pub5,6,Subgroup analysis: all-cause mortality: mode of administration,16,389.0,97.0,1.4426595173822245,0.023615900114010466,0.4147088349898299
CD001939_pub5,7,Subgroup analysis: all-cause mortality: type of hepatic encephalopathy,16,389.0,97.0,1.514014645415282,0.015438681560695054,0.5928654535093725
CD001939_pub5,8,Subgroup analysis: all-cause mortality: type of control,17,401.0,97.0,1.4191214453424643,0.026191252288768424,0.38418135876295323
CD001939_pub5,9,Subgroup analysis: all-cause mortality: type of data,16,389.0,97.0,1.4461337019293699,0.023457870572071226,0.4154041620515294
CD001939_pub5,10,Subgroup analysis: hepatic encephalopathy: mode of administration,17,424.0,191.0,0.8754319761341705,0.8999698499387727,0.623386983334099
CD001939_pub5,11,Subgroup analysis: hepatic encephalopathy: overt or minimal&nbsp;,17,424.0,191.0,0.8990331053083117,0.7815260190945558,0.5024323701898903
CD001939_pub5,12,Subgroup analysis: hepatic encephalopathy: type of control,16,413.0,187.0,0.875112655079954,0.9110223817151129,0.6353292018310945
CD001939_pub5,13,Subgroup analysis: hepatic encephalopathy: type of data,17,424.0,191.0,0.8754618143389735,0.9144175293254032,0.7103938061461097
CD001939_pub5,14,Sensitivity analysis: all-cause mortality: low risk of bias,5,109.0,11.0,1.2285530292746052,0.019531016784334745,0.07094008846522237
CD001939_pub5,15,Sensitivity analysis: all-cause mortality: excluding trials with lactulose or neomycin controls,11,263.0,61.0,1.5932450240754368,0.012872476250008175,0.503895552094793
CD001939_pub5,16,Sensitivity analysis: all-cause mortality: trials with lactulose or neomycin control,4,115.0,36.0,1.2783654939371494,0.0750306746285236,0.4916852935596624
CD001939_pub5,17,Sensitivity analysis: all-cause mortality: only participants with cirrhosis,15,379.0,97.0,1.3207451547611848,0.047459904845670725,0.3750792808837978
CD001939_pub5,18,Sensitivity analysis: hepatic encephalopathy: low risk of bias,5,109.0,47.0,0.7425127999974306,1.3591496367140237,0.6916062008953429
CD001939_pub5,19,Sensitivity analysis: hepatic encephalopathy: publication status,17,424.0,191.0,0.8970912283625609,0.7929837544667301,0.5144255519657817
CD001939_pub5,20,Sensitivity analysis: hepatic encephalopathy: excluding trials with lactulose or neomycin controls,12,298.0,151.0,0.9063468407683315,0.8270186682750534,0.5064090285217512
CD001939_pub5,21,Sensitivity analysis: hepatic encephalopathy: trials with lactulose or neomycin control,4,115.0,36.0,0.8690206224809706,0.5828866594544388,0.5536115652117316
CD001939_pub5,22,Sensitivity analysis: hepatic encephalopathy: only participants with cirrhosis,16,414.0,188.0,0.890928318053702,0.8337198424612327,0.5062545590727514
CD002042_pub6,1,Participants exposed to blood transfusion (all trials),44,12531.0,5946.0,0.983807608694639,0.5555525847653422,0.073329952912917
CD002042_pub6,2,Participants exposed to blood transfusion by clinical specialties,46,12623.0,5970.0,0.9846247392335956,0.5449063007938677,0.06773840815367493
CD002042_pub6,3,Participants exposed to blood transfusion by threshold difference,33,10406.0,4993.0,0.938893259760601,0.8189844980232448,0.6135269171883679
CD002042_pub6,4,30-day mortality,4,1163.0,27.0,0.5248821519625244,0.6595783336067074,0.9827715918022927
CD002042_pub6,4,Participants exposed to blood transfusion by restrictive threshold,35,8625.0,4307.0,0.9854246621943675,0.5486861127309917,0.05189217262363721
CD002042_pub6,5,30-day mortality: subgroup by clinical specialties,5,1226.0,29.0,0.9383071974460776,0.048074508520403535,0.09342895286120045
CD002042_pub6,6,30-day mortality,33,10374.0,831.0,0.8985975051645217,0.20265232605392136,0.3753286727737942
CD002042_pub6,6,30-day mortality: subgroup by prospective trial registration vs no prospective registration,4,1163.0,27.0,0.5454192869360849,0.5702127641738066,0.9779391814784911
CD002042_pub6,7,30-day mortality: sensitivity analysis by allocation concealment,3,1110.0,27.0,0.5300108358541069,0.6566009387585386,0.9999459139018776
CD002042_pub6,7,30-day mortality: subgroup by restrictive haemoglobin level,31,8374.0,658.0,0.9418072435624897,0.14351499892154618,0.12764938684802796
CD002042_pub6,8,30-day mortality (sensitivity analysis excluding Maitland study),3,376.0,14.0,0.0,14.000000000000004,1.0
CD002042_pub6,8,30-day mortality: subgroup by clinical specialties (random-effects model),34,10409.0,835.0,0.8872067017937874,0.22407672112076443,0.36838772153024635
CD002042_pub6,9,30-day mortality: subgroup by clinical specialties (fixed-effect model),34,10409.0,835.0,0.8872067017937874,0.22407672112076443,0.36838772153024635
CD002042_pub6,10,30-day mortality: subgroup by prospective trial registration vs no prospective registration,33,10374.0,831.0,0.9140418738252357,0.1685542457555558,0.2940516696898764
CD002042_pub6,11,30-day mortality: sensitivity analysis by allocation concealment,27,9593.0,808.0,0.9741945373505769,0.10870658758270044,0.01938069250640384
CD002042_pub6,12,30-day mortality sensitivity analysis excluding trials at high risk of non-anaemic participants,23,6607.0,678.0,0.9499978156734863,0.1585789376236371,0.1123356192740329
CD002042_pub6,13,In-hospital mortality (as defined by triallists),14,3271.0,323.0,1.6716485286756169,0.0004680846315021661,0.5243115131866243
CD002042_pub6,14,90-day mortality,7,2075.0,419.0,1.1372678675497176,0.07621544018160131,0.17163788564477578
CD002042_pub6,15,"6-month, 12-month mortality",16,9314.0,1330.0,0.7780503333963873,0.720955153347196,0.6052149643987312
CD002042_pub6,17,Morbidity: myocardial infarction,24,8955.0,386.0,1.3776862136867216,0.0010537270164951054,0.5684661716061632
CD002042_pub6,17,Morbidity: pneumonia,3,1158.0,27.0,0.589554185695929,0.4311548422931366,0.7341343254004162
CD002042_pub6,18,Morbidity: congestive heart failure,15,5035.0,202.0,0.8047696764108632,0.16067145877405217,0.6199907944251863
CD002042_pub6,19,Morbidity: cerebrovascular accident (CVA) – stroke,21,8747.0,127.0,0.7932347443360712,0.06963381741919733,0.49755514469659023
CD002042_pub6,20,Morbidity: infection (composite),26,9943.0,1256.0,1.1639607128821932,0.037142655037877156,0.10648044559593195
CD002042_pub6,21,Morbidity: pneumonia,16,4760.0,387.0,0.6092849930554576,1.7313279814110385,0.6983224706148619
CD002042_pub6,22,Morbidity: sepsis/bacteraemia,12,4321.0,461.0,0.9808936115627547,0.15148407478533313,0.004097259171030543
CD002042_pub6,23,Morbidity: sepsis,7,1709.0,289.0,1.4874601877744809,0.004261423644478597,0.8276784366176484
CD002042_pub6,24,Morbidity: bacteraemia,8,3154.0,172.0,0.959114818518991,0.07691685259928364,0.010439535173931924
CD002042_pub6,26,Morbidity: wound infection,11,3016.0,104.0,2.4677422179037922,2.615282533840356e-07,0.9873331804382612
CD002042_pub6,27,Morbidity: thromboembolism,15,4193.0,46.0,0.7465675341383871,0.05792888814167396,0.8075236589186006
CD002042_pub6,28,Morbidity: rebleeding,11,3756.0,500.0,1.354338107935627,0.00914434030967818,0.8033721355422683
CD002042_pub6,29,Morbidity: clinically significant bleeding through thrombocytopaenia at longest follow-up,3,237.0,66.0,0.5186811083772176,3.5604278377390832,0.9315843699315894
CD002042_pub6,30,Morbidity: acute kidney injury (AKI),12,6787.0,1347.0,1.4847676116330584,0.003550251873766347,0.8784785586911064
CD002042_pub6,31,Morbidity: renal failure requiring dialysis/replacement therapy,6,3396.0,201.0,1.1060523590479858,0.034485885744357056,0.03384494065811716
CD002042_pub6,32,Morbidity: delirium,10,3472.0,414.0,1.010067914530256,0.09134114219450525,0.004551050974683002
CD002042_pub6,33,Adverse events (composite of all),11,4412.0,50.0,0.6312506538748963,0.1654636627865524,0.40531967286142645
CD002042_pub6,34,Adverse events (serious only),7,3377.0,29.0,1.3926024789023743,0.0002730133089410844,0.16348871647274033
CD002052_pub4,3,All‐cause mortality until hospital discharge,3,63.0,11.0,0.942117177046264,0.18202590663085297,0.01189215647326225
CD002052_pub4,6,Intraventricular haemorrhage (any grade),4,85.0,28.0,1.0471507201052663,0.30320158225835164,0.053732427612032674
CD002052_pub4,7,Pneumothorax,5,115.0,10.0,0.3007011511148422,2.252718592323389,0.9867643757769183
CD002112_pub2,2,Number of children achieving 14 consecutive dry nights by the end of treatment,91,3634.0,1652.0,1.2195507854366423,0.06939017697706977,0.651653865004109
CD002112_pub2,3,Number of children dry at follow-up (maintaining 14 consecutive dry nights after stopping treatment),9,491.0,157.0,0.9777881278481558,0.3234368918890646,0.01856934131134258
CD002112_pub2,4,Adverse events,8,478.0,88.0,0.8699528991781759,0.29874251038117994,0.17611966178971616
CD002112_pub2,4,Number of children dry at follow-up (maintaining 14 consecutive dry nights after stopping treatment),22,976.0,342.0,1.427929665548766,0.018677952372408217,0.542182520250921
CD002112_pub2,4,Number of children relapsing after cessation of treatment,6,277.0,153.0,0.7613979965653223,2.0919513823320695,0.9899990122033464
CD002112_pub2,5,Adverse events,3,186.0,12.0,4.036427025828711,1.218689750370659e-08,0.6466968912296585
CD002112_pub2,5,Number of children relapsing after cessation of treatment,3,195.0,89.0,0.8183698358754925,1.1713414472145458,0.9570694151188907
CD002115_pub6,2,Number of participants with self-reported improvement in constipation (dichotomous),5,256.0,172.0,1.2194656605592384,0.21189815102141432,0.7755198566888188
CD002115_pub6,11,Number of participants with adverse effects (dichotomous),4,155.0,4.0,0.5913370578340938,0.20293153523831373,0.9274566438342198
CD002115_pub6,13,Number of participants with adverse events (dichotomous),4,149.0,13.0,3.554290586765313,2.054500924878606e-07,0.8075125908361506
CD002118_pub7,1,Clinical pregnancy rate,32,3474.0,1502.0,0.9329770243235451,0.6730216497312026,0.4133203689136239
CD002118_pub7,1,Embryo freezing rate,15,1702.0,1032.0,1.005040469768472,0.4053888690189845,0.000650582498028629
CD002118_pub7,1,Failure to transfer any embryos (per couple),17,1848.0,105.0,1.16827666857597,0.023886027538580136,0.2481845836395148
CD002118_pub7,1,Live birth following fresh transfer,15,1680.0,612.0,1.0585293028073002,0.25244463076740914,0.6746891520019889
CD002118_pub7,1,Miscarriage,21,2620.0,226.0,1.2372291740282662,0.015781356221572496,0.6949882117185974
CD002118_pub7,1,Multiple pregnancy,22,2669.0,211.0,1.0714956744848847,0.06477085554032819,0.14209686117043396
CD002118_pub7,2,Clinical pregnancy rate: grouped by number of embryos transferred,30,3105.0,1343.0,0.985891672996522,0.46444973994583333,0.04891520094548851
CD002118_pub7,2,Live birth following fresh transfer: grouped by number of embryos transferred,15,1680.0,612.0,1.0996225365265022,0.19169495636379796,0.5247719591752226
CD002118_pub7,2,Miscarriage rate per fresh clinical pregnancy,21,1174.0,226.0,1.1857057313014716,0.061912319628038656,0.5283062883295412
CD002118_pub7,2,Multiple pregnancy: grouped by number of embryos transferred,22,2669.0,211.0,1.032414605599636,0.08579249661502278,0.024131409229722123
CD002118_pub7,3,Clinical pregnancy rate: grouped by prognosis,32,3474.0,1502.0,0.922809504210903,0.7275606547152902,0.5496642094593389
CD002118_pub7,3,Live birth following fresh transfer: grouped by prognosis,15,1680.0,612.0,1.023380826775355,0.32127533051233187,0.08887180306346898
CD002118_pub7,3,Multiple pregnancy: grouped by prognosis,22,2669.0,211.0,1.0644084288765983,0.06828011568288177,0.11247470261173309
CD002118_pub7,4,Clinical pregnancy rate: grouped by day of randomisation,32,3474.0,1502.0,0.9260816800958156,0.7105023568944686,0.5152808827124656
CD002118_pub7,4,Live birth following fresh transfer: grouped by day of randomisation,15,1680.0,612.0,1.0716893072285427,0.22932740905604415,0.6770240569166908
CD002118_pub7,4,Multiple pregnancy: grouped by day of randomisation,22,2675.0,211.0,1.031502122061713,0.08795337993531843,0.021783004734764577
CD002118_pub7,5,High-order pregnancies (more than 2 gestational sacs),12,1125.0,5.0,0.5702188991668076,0.06702669025035371,0.615575220562073
CD002122_pub3,1,Pain (dichotomous),13,1363.0,1027.0,0.9561557228184782,1.0949575268497123,0.3766025785357059
CD002122_pub3,1,Patient satisfaction,5,280.0,196.0,0.8716384676650841,1.4574911720453472,0.9681071196807358
CD002122_pub3,2,Adverse effects,57,3924.0,487.0,1.6937366670860796,0.0003617456508824615,0.8754458900361264
CD002122_pub3,2,Pain (dichotomous),9,606.0,269.0,0.9089101194078584,0.7140064430035776,0.4089167781152363
CD002122_pub3,3,Adverse effects,28,623.0,103.0,0.8391942538947227,0.45778432966047355,0.541910425067968
CD002122_pub3,3,Pain (dichotomous),11,379.0,100.0,0.8276925539612382,0.6143382235780229,0.299077787914545
CD002122_pub3,4,Adverse effects,8,321.0,83.0,1.592333660097807,0.011421085149582903,0.4069931195811276
CD002122_pub3,6,Adverse effects,42,1585.0,241.0,1.0944814526017832,0.06397282415708257,0.10788382876547142
CD002122_pub3,7,Adverse effects,82,5419.0,931.0,0.850857623997113,0.5447100328452199,0.5008395946409328
CD002203_pub5,3,Adverse events,4,420.0,74.0,0.7800724193914716,0.6154547019542316,0.23638611784143737
CD002203_pub5,3,Number free of pulmonary exacerbation,9,584.0,410.0,1.0290072903567713,0.5828842441125043,0.0658172857045447
CD002203_pub5,5,Adverse effects of antibiotic treatment,50,4634.0,903.0,0.8043786933816017,1.0756334178079807,0.6547407971491925
CD002203_pub5,7,Admission to hospital,4,389.0,53.0,0.918559841613637,0.2193772255476389,0.16916044276079534
CD002203_pub5,9,Acquisition of Pseudomonas aeruginosa,4,307.0,10.0,0.8497471753198533,0.05920999256902347,0.1160543227149109
CD002203_pub5,10,Acquisition of Staphylococcal aureus,6,285.0,38.0,2.8083769155363116,5.272436962537748e-06,0.7831502882020208
CD002203_pub5,13,Acquisition of meticillin-resistant Staphylococcus aureus (MRSA),5,390.0,24.0,1.3908629816401643,0.006847879886824011,0.864847530412646
CD002203_pub5,14,Acquisition of Haemophilus influenzae,4,317.0,33.0,0.8861481823773361,0.16787911747838674,0.12414459993793636
CD002203_pub5,17,Need for additional oral antibiotics,5,430.0,220.0,1.0742709005760285,0.36273483853936367,0.315638723521926
CD002203_pub5,20,Need for intravenous antibiotics,5,430.0,68.0,0.6976090518050508,0.9851098094163594,0.934055318175959
CD002243_pub5,1,28-day all-cause mortality,75,10619.0,2522.0,1.0144552469135417,0.23701210359739575,0.005416843309363317
CD002243_pub5,2,28-day all-cause mortality - sensitivity analysis based on methodological quality,180,31722.0,7140.0,0.9100540374290181,0.5965733671753769,0.2918548363192395
CD002243_pub5,3,28-day all-cause mortality by subgroups based on study drug,69,10353.0,2440.0,1.0161742011807797,0.23333586936318984,0.006281030222124784
CD002243_pub5,3,Hospital mortality,3,180.0,63.0,0.9347047049181751,0.5296538403985084,0.11706227344842113
CD002243_pub5,4,28-day all-cause mortality by subgroups based on treatment dose/duration,66,10251.0,2435.0,1.014077014518957,0.24516292041563614,0.0045274333662550514
CD002243_pub5,5,28-day all-cause mortality based on mode of drug administration,66,9624.0,2375.0,0.9582701827833372,0.3971942072327964,0.0673630934207391
CD002243_pub5,5,Intensive care unit mortality,4,183.0,78.0,1.0514826281284058,0.3146049520025746,0.7222749468347969
CD002243_pub5,6,28-day all-cause mortality based on mode of drug termination,68,9972.0,2368.0,1.014610938447359,0.2374357390319221,0.0046232678468448585
CD002243_pub5,7,28-day all-cause mortality by subgroups based on age,67,10093.0,2407.0,0.9423468545184894,0.4437805577168072,0.12042306488069343
CD002243_pub5,8,28-day all-cause mortality by subgroups based on targeted population,71,10391.0,2441.0,1.013643625263027,0.23988475317725427,0.004195831714312925
CD002243_pub5,8,Number of participants with shock reversal at day 7,4,183.0,104.0,0.9723616798083219,0.6580658465871028,0.0793285174602194
CD002243_pub5,9,28-day mortality in participants with versus without critical illness-related corticosteroid insufficiency,21,993.0,404.0,1.0287573581906917,0.36112150880113225,0.06793436348268966
CD002243_pub5,10,Long-term mortality,12,4338.0,1482.0,0.9684710696719937,0.4707785844863306,0.038486964571703974
CD002243_pub5,11,Hospital mortality,40,7686.0,2283.0,1.0605503541747892,0.19956393131850053,0.06389677873999022
CD002243_pub5,11,Number of participants with adverse events,13,603.0,118.0,1.1594319965478543,0.08286015953148813,0.5909951795120507
CD002243_pub5,12,90-day all-cause mortality,13,4287.0,1244.0,0.9618562533817643,0.4549621222262271,0.07430899621674492
CD002243_pub5,13,Intensive care unit mortality,24,4441.0,1117.0,0.9067051985346115,0.5866337647685707,0.362514862170487
CD002243_pub5,18,Number of participants with shock reversal at day 7,18,3474.0,2711.0,1.0691450695242894,0.4248521484708199,0.6250263241783467
CD002243_pub5,19,Number of participants with shock reversal at 28 days,16,3701.0,2987.0,1.0347142429518068,0.573794395201249,0.1741379547361791
CD002243_pub5,21,Number of participants with adverse events,148,31200.0,3187.0,1.1030750819287853,0.04869016985367279,0.09114136822251784
CD002290_pub6,1,Adverse events,4,396.0,60.0,0.447524347494343,4.365735737016384,0.9751509121116628
CD002290_pub6,1,Changing versus fixed dose: relapse,3,72.0,23.0,1.923876301436442,0.007391309508996317,0.8000526449186187
CD002290_pub6,1,Relapse,52,1543.0,669.0,0.9072070258189178,0.8871471161287671,0.5572711364855589
CD002290_pub6,1,Relapse at 12 months,9,180.0,82.0,1.5735181402565757,0.025128135732987552,0.7250647753535366
CD002290_pub6,1,Relapse at 6 months,5,168.0,45.0,0.8630043987192859,0.5267142450851523,0.2454007146846946
CD002290_pub6,1,Relapse at 6 to 12 months,6,102.0,29.0,0.9262631197997916,0.34898521216432027,0.12005768040254383
CD002290_pub6,1,Relapse by 12 months,5,151.0,51.0,1.2002901945240079,0.12061073060614642,0.6822532565263901
CD002290_pub6,2,Adverse events,40,1156.0,129.0,0.797517821249763,0.49707040918373896,0.6434998188299582
CD002290_pub6,2,Changing versus fixed dose: adverse events,9,204.0,19.0,0.6271522001331551,0.6367353672735138,0.7471964184634947
CD002290_pub6,2,Relapse at 12 to 24 months,4,28.0,3.0,0.4101748854733973,0.6658530703949763,0.6630241025204855
CD002290_pub6,3,Adverse events,34,872.0,87.0,0.9793816862749066,0.1415511403519057,0.001980155032765163
CD002290_pub6,3,Leucopenia,4,91.0,25.0,0.7721819440748133,0.7723011468382349,0.6497427977796862
CD002290_pub6,3,Sustained remission,3,176.0,45.0,1.1611840530934023,0.12072591242018336,0.2978493346595448
CD002290_pub6,4,High versus lower CSA target level: adverse effects,7,301.0,56.0,1.5946029193162965,0.007510017633785642,0.5926003807809951
CD002290_pub6,4,Relapse during treatment according to risk of bias,8,249.0,105.0,0.7436058113538031,1.6547310576137726,0.6150986103082476
CD002290_pub6,5,Adverse events,3,117.0,15.0,1.8865801449192152,0.0021611651471096067,0.8668309711260871
CD002303_pub4,1,Reulceration,6,696.0,351.0,1.1171299762121059,0.1937427772765304,0.1739579163267061
CD002303_pub4,2,Noncompliance ,6,723.0,120.0,0.4047095794377671,7.51229829402452,0.9192202404577684
CD002971_pub6,1,Necrotising enterocolitis,11,1145.0,42.0,1.5036272624685916,0.001017806362618083,0.7334908379522349
CD002971_pub6,2,Late-onset invasive infection,7,814.0,223.0,0.8360746224763622,0.8763876012005213,0.7839774736640142
CD002971_pub6,3,All-cause mortality,9,1067.0,90.0,1.04984815406093,0.05743184086306297,0.08847617754384607
CD002971_pub6,11,Cerebral palsy,4,560.0,45.0,1.19601606813768,0.024981371089399414,0.8738701470302144
CD002971_pub6,14,Bayley-III score < 70,6,1167.0,226.0,1.3129731078604512,0.021697615467295185,0.9240455722679273
CD002974_pub3,1,Failed therapy on assigned mode of ventilation at any time point&nbsp;,3,173.0,48.0,0.667623847675181,1.321597543081442,0.546551896115254
CD002974_pub3,2,Mortality at any time during hospitalization or in the first year,3,173.0,31.0,2.2894762046629684,0.0002147929747542476,0.9843852990506339
CD002974_pub3,5,Oxygen requirement of more than 28 days&nbsp;,3,173.0,52.0,1.0591376595148996,0.2414395367271836,0.10711940031210798
CD003129_pub2,1,Treatment response,3,188.0,84.0,0.8535233842753708,0.9348404951422173,0.8109929955643536
CD003129_pub2,6,Serious adverse events,5,340.0,1.0,0.0,1.0,1.0
CD003129_pub2,7,Withdrawals due to adverse events,5,340.0,11.0,0.9318471127601878,0.04492903808297106,0.2069530162426596
CD003216_pub3,1,Incidence of pressure ulcers,11,3064.0,251.0,0.6740714969625725,1.2089468767246878,0.4570008067893573
CD003216_pub3,1,Pressure ulcers healed,11,526.0,163.0,0.7940720590678783,1.2448050906650938,0.9658295938623882
CD003216_pub3,2,At least one adverse gastrointestinal effect,4,159.0,25.0,0.3868136622375682,3.8378059260062685,0.8361531986169701
CD003216_pub3,4,At least one adverse gastrointestinal effect,3,118.0,21.0,0.17267102596551986,9.010719588202237,0.9939124309992315
CD003216_pub3,6,At least one adverse gastrointestinal effects,3,142.0,6.0,3.334795612840084,4.3783824601789754e-07,0.9042900250859288
CD003308_pub3,10,Proportion of infants who require exchange transfusion&nbsp;,7,1340.0,8.0,0.24829883706380784,1.2439827452504022,0.9891503435480195
CD003308_pub3,11,Adverse effects of phototherapy,18,830.0,60.0,0.7691851562783407,0.29642383930826444,0.4336920546637223
CD003308_pub3,20,Adverse effects of phototherapy subgroup analysis birth weight&nbsp;,11,324.0,14.0,2.047798864442214,0.00010928533290246287,0.7990114903602674
CD003331_pub6,1,All-cause mortality up to 12 months' follow-up,36,2013.0,100.0,0.9757897245739661,0.06809474297924605,0.022165000743351482
CD003331_pub6,2,All-cause mortality more than 12 months' follow-up,8,1887.0,300.0,0.9019235452458615,0.3622087223000566,0.4041892532394191
CD003331_pub6,3,Hospital admissions (all-cause) up to 12 months' follow-up,24,1148.0,182.0,1.7174616319509948,0.0013297101414846072,0.7709579723109827
CD003331_pub6,4,Hospital admissions (all-cause) more than 12 months' follow-up,8,1757.0,1004.0,1.4525325561068925,0.022000831502658358,0.9636790535458354
CD003331_pub6,5,Hospital admissions (heart failure only) up to 12 months' follow-up,10,457.0,26.0,1.5581379381982434,0.0019118676403432273,0.6443810680615194
CD003331_pub6,6,Hospital admissions (heart failure only) more than 12 months' follow-up,6,558.0,131.0,1.3972444061691283,0.020225985906369717,0.865968933457338
CD003333_pub4,1,All-cause mortality,5,2365.0,492.0,0.9222455656425513,0.3353988708348067,0.5771907200039066
CD003333_pub4,2,"Non-fatal cardiovascular events (non-fatal stroke, myocardial infarction, pulmonary embolism, peripheral arterial embolism)",5,2349.0,144.0,1.1380354300147295,0.019099308035745582,0.807820219574539
CD003333_pub4,3,Major bleeding events,5,2365.0,130.0,1.032675130091428,0.042526760369426285,0.28011077651187
CD003357_pub5,1,Live birth rate per woman,9,529.0,202.0,0.9859964308789524,0.431372711035566,0.04078484167443441
CD003357_pub5,2,Clinical pregnancy rate per woman,8,432.0,213.0,1.7143866670772638,0.009715709678144018,0.7884154094004274
CD003357_pub5,3,Multiple pregnancy rate per woman,6,330.0,25.0,0.4630030180485637,1.6563274265522234,0.9428653293433625
CD003357_pub5,4,Incidence of OHSS per woman,4,267.0,12.0,0.9341507482679883,0.07076400714146534,0.1836201874275497
CD003357_pub5,5,Miscarriage rate per woman,3,208.0,23.0,0.5225572706854291,1.5755668669940857,0.7568746082116963
CD003376_pub4,1,"Treatment versus reference, secondary",27,1004.0,32.0,3.6223276622056826,6.043791331207344e-10,0.6537013158655471
CD003376_pub4,2,Non-vertebral fractures,11,1165.0,190.0,1.0591357518765465,0.10961205230078654,0.4140951412973357
CD003376_pub4,2,"Treatment versus reference, secondary",11,404.0,12.0,0.7726104634997659,0.12005553722940501,0.3114281042095659
CD003376_pub4,3,Hip fractures,6,630.0,6.0,0.9999999999999828,0.009523809523810474,0.0
CD003376_pub4,4,Radiographic vertebral fractures,4,390.0,16.0,0.8619844020092821,0.09278359093187014,0.6469380501005976
CD003376_pub4,5,Radiographic vertebral fractures,9,895.0,37.0,0.9183442451203473,0.06929649142573215,0.6084010811122169
CD003376_pub4,6,Withdrawals due to adverse events,3,236.0,8.0,0.922260825574993,0.03933312349113024,0.012882339037195822
CD003414_pub4,1,Live birth rate per woman,19,2250.0,607.0,1.1713261541307587,0.06334035885338661,0.5534814842139603
CD003414_pub4,2,Miscarriage rate per woman,26,2384.0,103.0,0.9355483242371395,0.05687495952453881,0.11479415664753478
CD003414_pub4,3,Ongoing pregnancy rate per woman,18,1926.0,457.0,1.0321932811153904,0.14987794617183917,0.024898221963231104
CD003414_pub4,4,Clinical pregnancy rate per woman,32,3091.0,946.0,1.111161638189759,0.10555898423176972,0.4851246653962007
CD003414_pub4,5,Multiple pregnancy rate per woman,5,501.0,41.0,0.8223304321761585,0.27517412583133755,0.5545646370211244
CD003414_pub4,6,Cycle cancellation rate per woman,9,1278.0,144.0,1.6928314027973541,0.0009603464351597913,0.8744136481596337
CD003414_pub4,6,Multiple pregnancy rate per woman,5,496.0,49.0,1.8532270580412487,0.0005440024714570532,0.9612364824107982
CD003429_pub5,10,Adverse events,6,160.0,21.0,0.807580047182816,0.3191321101876912,0.35261615954925885
CD003511_pub6,1,Miscarriage (all trials),8,643.0,175.0,1.1563547869765483,0.09470309529781082,0.6673111378059947
CD003511_pub6,2,Miscarriage (placebo-controlled trials only),8,643.0,175.0,1.1563547869765483,0.09470309529781082,0.6673111378059947
CD003511_pub6,3,Miscarriage (women with previous recurrent miscarriage only),8,643.0,175.0,1.1563547869765483,0.09470309529781082,0.6673111378059947
CD003511_pub6,4,Miscarriage (by route of administration versus placebo),7,583.0,164.0,1.1069181780360058,0.13720484088340412,0.42919234329960787
CD003511_pub6,5,Live birth rate,5,516.0,356.0,0.926692623476563,1.0998229214560726,0.929083214225716
CD003511_pub6,6,Preterm birth,4,149.0,14.0,1.7762009430483374,0.002254449986155284,0.48468667873261984
CD003511_pub6,7,Neonatal death,3,381.0,4.0,0.6557313706884136,0.09369065413524641,0.6083962241331435
CD003519_pub5,1,Exclusive breastfeeding at hospital discharge to 1 month post birth,46,3317.0,2445.0,0.9754725358641748,0.9207402234531487,0.40152416715633654
CD003519_pub5,1,Exclusive breastfeeding at hospital discharge to 1 month postbirth,12,782.0,581.0,0.9774106790236832,0.9016633588465385,0.2457255757289032
CD003519_pub5,2,Exclusive breastfeeding 6 weeks to 6 months post birth,22,1129.0,717.0,1.3193950275433415,0.09385629138828872,0.8385592411560533
CD003519_pub5,2,Exclusive breastfeeding 6 weeks to 6 months postbirth,8,332.0,243.0,1.4285655448437273,0.07479942540810057,0.9076229560434868
CD003519_pub5,2,Exclusive breastfeeding at hospital discharge to 1 month post birth - Marin 2010 sensitivity analysis,11,664.0,481.0,0.9768895846208518,0.8652575348083982,0.21765336993020046
CD003519_pub5,3,Breastfeeding 1 month to 4 months post birth,32,1138.0,807.0,1.006346820215835,0.6366071998305874,0.020353700027756827
CD003519_pub5,3,Exclusive breastfeeding at hospital discharge to 1 month post birth - Perez-Jimenez 2023 sensitivity analysis,11,742.0,544.0,0.9826024174886597,0.8800004044741813,0.16326070344115728
CD003519_pub5,4,Exclusive breastfeeding 6 weeks to 6 months post birth,9,371.0,266.0,1.394210250124848,0.08571353593832447,0.8827390083056749
CD003519_pub5,5,Exclusive breastfeeding 6 weeks to 6 months post birth &nbsp;- Mulupuru 2019 sensitivity analysis,9,371.0,266.0,1.394210250124848,0.08571353593832447,0.8827390083056749
CD003519_pub5,12,Breastfeeding 1 month to 4 months post birth,14,445.0,300.0,1.0018298609677072,0.6415825910531587,0.0008120270849969469
CD003519_pub5,13,Breastfeeding 1 month to 4 months post birth - Sosa 1976a sensitivity analysis,13,415.0,278.0,0.9686872053418611,0.7609669463949081,0.23827757423205764
CD003519_pub5,18,Successful first breastfeeding (IBFAT score 10-12 or BAT score 8-12 or not specified),8,414.0,315.0,0.9096751886834427,1.2916648711426226,0.8601125667368867
CD003519_pub5,20,Infant transferred to the neonatal intensive care unit,4,421.0,15.0,0.655631249807779,0.29453167704045646,0.9412826998098214
CD003519_pub5,21,Infant transferred to the neonatal intensive care unit - Marin 2010 sensitivity analysis,3,284.0,10.0,0.6076426441867083,0.36509645415626646,0.9249902157173924
CD003519_pub5,25,Mother's most certain preference for same postdelivery care in the future,3,217.0,162.0,0.7995147036659401,2.1137954010295785,0.7722690539105859
CD003594_pub7,1,Complete or partial response at one year,3,93.0,56.0,0.7533219461123161,1.5854394721053642,0.30226842881900784
CD003594_pub7,1,Complete remission,18,252.0,86.0,1.1486562173611188,0.1657810712548167,0.21789706335775127
CD003594_pub7,1,Short-term response (remission),3,19.0,17.0,1.3093408673462479,0.3701234277438434,0.9686212578954304
CD003594_pub7,1,Treatment response at 3 to 6 months,6,234.0,122.0,1.4029862354202218,0.06304762616626701,0.7463870329475275
CD003594_pub7,1,Treatment response at 52 weeks,3,216.0,66.0,1.392637492213869,0.03522980438069899,0.9090418121303778
CD003594_pub7,1,Treatment response at 6 months,6,141.0,68.0,1.003829444862107,0.42680315954453835,0.0001455958608467256
CD003594_pub7,2,Adverse events,5,365.0,56.0,0.39137082795024436,5.56661391726798,0.9530827356675049
CD003594_pub7,2,Complete or partial remission,8,112.0,72.0,1.5558937149791177,0.04918700281778823,0.8816454078380838
CD003594_pub7,2,Long-term response (remission at 12 months),3,19.0,13.0,1.1012775305791627,0.5119387331201543,0.9753101665154774
CD003594_pub7,2,Relapse or treatment failure by one year,3,93.0,6.0,0.6706719891559465,0.31888345666269585,0.6108229873921753
CD003594_pub7,2,Sustainable remission of proteinuria (weeks 52 to 78),3,216.0,72.0,2.2201445212810205,0.00042320698911513927,0.9513496063841227
CD003594_pub7,2,Treatment response at 12 months,6,84.0,50.0,1.1721766459373657,0.26310597761377846,0.5234707647805267
CD003594_pub7,3,Adverse events,5,327.0,28.0,0.5557070092710792,1.181036677386268,0.9321826414466634
CD003594_pub7,3,Complete or partial resistance in subgroups,4,52.0,32.0,1.025882469441997,0.5672896245263878,0.4628521885021667
CD003594_pub7,4,Adverse events,16,336.0,50.0,0.8789146378031796,0.2929036545283469,0.1991758058301274
CD003594_pub7,5,Adverse events,23,1147.0,177.0,1.0344060323563906,0.07700206615113256,0.006113612797946755
CD003594_pub7,6,Adverse events,3,93.0,5.0,0.4942621809789336,0.575033517652612,0.8720413136207631
CD003594_pub7,6,Adverse events (weeks 0 to 26),6,432.0,120.0,1.7887453284976642,0.002883484701987426,0.8668959676242931
CD003598_pub3,1,All-cause death,51,3449.0,431.0,1.381097825249076,0.002839109439111551,0.349018159466732
CD003598_pub3,2,Graft loss,37,2804.0,571.0,1.065671447100137,0.08706663809399823,0.08543319287578877
CD003598_pub3,3,Graft loss,6,452.0,6.0,2.3402665580570003,1.685017282272464e-06,0.2317166109227421
CD003598_pub3,6,Cardiovascular death,20,743.0,3.0,1.2282904790836175,0.0008328597473660789,0.05983218037071936
CD003598_pub3,7,Doubling of serum creatinine,3,339.0,8.0,0.5017553922283771,0.43537476000696923,0.966970920754694
CD003598_pub3,8,Any rejection,3,93.0,2.0,1.3655743202889425e-14,1.9999999999998912,1.0
CD003598_pub3,8,Cardiovascular death,7,358.0,5.0,1.3030675014010327,0.00305984888165891,0.1805846512025142
CD003598_pub3,10,Any rejection,16,552.0,166.0,0.9488517851853288,0.5017004198170874,0.06223994272091282
CD003598_pub3,11,Acute rejection,14,468.0,98.0,1.1631204716576509,0.08434121178554761,0.24106480968565613
CD003598_pub3,13,Any rejection,5,217.0,25.0,0.36492851164338613,2.9425008425524677,0.9386399262089716
CD003598_pub3,13,Hyperkalaemia,4,132.0,14.0,0.4455724889916991,1.5116385581715193,0.9823238268376676
CD003598_pub3,14,Acute rejection,8,364.0,27.0,0.9268574328799863,0.08733824835459207,0.09079002665250901
CD003598_pub3,15,Nonfatal myocardial infarction,5,349.0,1.0,0.0,1.0,1.0
CD003598_pub3,17,Cardiovascular events,4,455.0,20.0,1.332452749236738,0.004855407799628493,0.17370168040869227
CD003598_pub3,20,Hyperkalaemia,3,97.0,27.0,1.204301176602705,0.12986213540184796,0.6178198823969774
CD003598_pub3,20,New onset hypertension,4,140.0,53.0,0.9240326036108846,0.5564288651759672,0.49914168915981494
CD003598_pub3,22,Hyperkalaemia,3,120.0,19.0,1.9183796868371998,0.001813749766519221,0.9401218489195783
CD003598_pub3,23,Withdrawn due to adverse events,7,237.0,22.0,1.3665216847386603,0.013076407737627232,0.6375793341208211
CD003598_pub3,24,Withdrawal due to adverse events,11,527.0,31.0,0.8066339421868376,0.22685194739352468,0.33251864071976056
CD003598_pub3,25,Withdrawal due to adverse events,6,444.0,30.0,0.3898423126741899,2.941262987026026,0.85746032821467
CD003598_pub3,28,Withdrawal due to hypotension,4,191.0,11.0,0.970189647883539,0.08158967802673565,0.01091673377552016
CD003598_pub3,30,Cough,3,271.0,30.0,2.013833223132414,0.000382162892263658,0.9761631322089545
CD003598_pub3,33,Withdrawal due to adverse events,7,234.0,28.0,0.7571701892195677,0.35536078315089525,0.5011537872587257
CD003743_pub3,4,Infection up to discharge from home support or hospital,6,270.0,15.0,0.5510464037162727,0.6190409150714,0.8028424264314781
CD003743_pub3,16,Other health service use from discharge from home support or hospital to 12 months,4,164.0,78.0,0.876621043028602,0.8625771286589213,0.7784174228817116
CD003774_pub5,1,Allocation concealment,36,1939.0,160.0,1.0497168802650627,0.07015399277064516,0.0840301985520806
CD003774_pub5,1,CMV disease,48,3423.0,313.0,1.006766390701964,0.08894866180018712,0.0010499367930985049
CD003774_pub5,1,CMV disease in CMV donor +ve / recipient -ve,12,2151.0,380.0,0.9736114514221988,0.13876102657456904,0.008309082567353854
CD003774_pub5,1,CMV disease in all treated patients,34,2354.0,118.0,1.133039064226672,0.018992291619406475,0.45490062193643255
CD003774_pub5,1,IV doses given at different frequencies,9,333.0,64.0,0.8779475599685904,0.3974835601692112,0.24256061410364604
CD003774_pub5,2,All symptomatic CMV disease stratified by antibody status,37,1141.0,111.0,1.1979191215847762,0.036396803257349473,0.40118449467978723
CD003774_pub5,2,Blinding of participants and investigators,17,933.0,41.0,1.1121483125192715,0.018863351677452615,0.15490284846821922
CD003774_pub5,2,Blinding of participants/investigators,19,1006.0,119.0,1.0545420339631077,0.10233902088577858,0.04156094338973193
CD003774_pub5,2,CMV disease by antibody +ve recipients,5,361.0,10.0,0.9456912128427917,0.036715804679350345,0.00734195627338341
CD003774_pub5,2,Death,6,639.0,23.0,0.7431580973108058,0.14388590955938158,0.2643305243069314
CD003774_pub5,2,Oral versus IV ganciclovir,12,305.0,45.0,1.0515280377593619,0.10027830023736496,0.047599108980915905
CD003774_pub5,3,CMV disease by +ve donors / CMV -ve recipients,5,120.0,22.0,0.6978849240267249,0.6461656399581495,0.731579063707901
CD003774_pub5,3,CMV disease in all patients by antiviral medication,19,1006.0,119.0,1.1149901960566255,0.07212042445983934,0.1849771810212234
CD003774_pub5,3,CMV infection,9,377.0,160.0,1.1963938176028728,0.11494558549785992,0.4457794530232252
CD003774_pub5,3,CMV invasive disease,3,380.0,4.0,1.5313667750780109,0.0004628212078111923,0.926860802609695
CD003774_pub5,3,Intention-to-treat analysis (ITT),36,1939.0,160.0,1.0841614831459214,0.05367802456672859,0.13715686781805336
CD003774_pub5,4,Additional outcomes,28,2860.0,451.0,0.8296679717075521,0.5527671740747767,0.5430014489342911
CD003774_pub5,4,All-cause death and time of outcome assessment or trial publication date,17,933.0,41.0,1.1176962909999697,0.01957672422424558,0.22047517245683623
CD003774_pub5,4,CMV -ve donor / CMV -ve recipient,3,21.0,1.0,0.0,1.0,1.0
CD003774_pub5,4,CMV disease by time of outcome assessment,19,1006.0,119.0,1.0600357719952131,0.10072365841021162,0.04597574862664311
CD003774_pub5,4,CMV disease for different organ transplants,19,1005.0,124.0,1.1204553287616,0.07113406580381842,0.2125862572131686
CD003774_pub5,5,All-cause death and trial publication date,17,933.0,41.0,1.0713302818163086,0.02372250710058669,0.0612077457807475
CD003774_pub5,5,CMV disease and effect of prophylaxis for different transplanted organs,9,515.0,35.0,1.0333060437645385,0.05335023870438952,0.010156048881951873
CD003774_pub5,5,CMV disease and ganciclovir duration,11,467.0,70.0,0.9700137109261326,0.23099190910002773,0.01435481830632268
CD003774_pub5,5,CMV disease by trial publication date,19,1006.0,119.0,1.0686089290610115,0.09632836650233377,0.05693333164503256
CD003774_pub5,5,CMV infection,4,535.0,149.0,1.3864766001159394,0.023621504584876555,0.7343045036536295
CD003774_pub5,6,CMV disease and ATG therapy and antiviral efficacy,11,346.0,55.0,1.3626287837350526,0.021533823510177567,0.722463378793191
CD003774_pub5,6,Death,14,983.0,67.0,1.1620539250855062,0.02527660082209863,0.131744498846166
CD003774_pub5,7,Acute rejection,4,535.0,59.0,0.9645455233958016,0.12273754571878871,0.028922314322047837
CD003774_pub5,7,CMV disease and immunosuppression without ATG induction and antiviral efficacy,6,330.0,40.0,0.6249576211406755,0.9580086837341911,0.849303794034248
CD003774_pub5,7,CMV infection,6,405.0,90.0,0.7548899339027835,0.813324527143127,0.7815359124249796
CD003774_pub5,8,All-cause death according to antiviral medication,17,933.0,41.0,1.1341143321092861,0.01691391921983391,0.19953108090944938
CD003774_pub5,8,CMV infection by antibody +ve recipients,5,261.0,38.0,0.6589963589802859,0.8395508772084789,0.8113657226742659
CD003774_pub5,8,Other outcomes,3,347.0,73.0,1.5913852578575565,0.007636824044185026,0.4382311625648584
CD003774_pub5,9,Adverse effects,11,1330.0,376.0,0.6582947343102741,2.827941141575138,0.6951545613868705
CD003774_pub5,9,All-cause death according to CMV status,11,529.0,19.0,1.1084694060792664,0.019690565415386774,0.09651615261932511
CD003774_pub5,9,CMV infection by +ve donors / CMV -ve recipients,4,113.0,36.0,1.1181774209391315,0.209525246292524,0.1026312641104189
CD003774_pub5,10,All-cause death for different organ transplants,17,933.0,41.0,1.0995709752501648,0.0209722686163184,0.13397128420696425
CD003774_pub5,10,CMV infection and effect of prophylaxis for different transplanted organs,8,405.0,91.0,0.7191687526729713,1.0234557545438474,0.8382557737825679
CD003774_pub5,11,Additional outcomes,31,2339.0,492.0,1.112801406999469,0.09545015083972867,0.20751324279485528
CD003774_pub5,11,All-cause death and ganciclovir duration,10,454.0,18.0,0.9223410497089698,0.04940929703624228,0.06824462422117061
CD003774_pub5,12,All-cause death with or without ATG therapy and antiviral efficacy,15,603.0,34.0,1.1998806825909656,0.012687919192692167,0.34785666217364686
CD003774_pub5,13,CMV infection,17,906.0,239.0,0.9997305114231785,0.2860687861398281,2.3616508125767766e-06
CD003774_pub5,14,Death due to CMV disease or other causes,14,1310.0,27.0,1.0095523415171426,0.014605135160021772,0.0007160825051131248
CD003774_pub5,15,Additional outcomes: all medications,42,2325.0,408.0,1.1132207527931097,0.07327638824586015,0.20176112437886196
CD003774_pub5,16,Acute rejection according to method of diagnosis,13,717.0,287.0,1.0130463569297528,0.3954817369950526,0.006076935566299846
CD003774_pub5,17,Valaciclovir: additional outcomes,4,626.0,189.0,1.0475572396356225,0.21621586602727297,0.31372587063216184
CD003774_pub5,18,Adverse effects,23,2378.0,233.0,1.360974162552654,0.0066980499157101026,0.7197617012596939
CD003833_pub5,6,Vascular events,4,125.0,5.0,1.6101994263816801,0.002194861919910112,0.9626328066187336
CD003962_pub3,1,Kidney failure or doubling of serum creatinine,5,200.0,33.0,1.0628353403966306,0.06931550889113064,0.01569777978935294
CD003962_pub3,2,Kidney failure,7,193.0,18.0,0.9550779315476262,0.11870571910463881,0.04442033619818009
CD003962_pub3,3,> 50% decrease in proteinuria,3,95.0,61.0,0.9058707500312873,1.0109638000257755,0.6713460526452377
CD003962_pub3,3,Remission of proteinuria,3,87.0,37.0,2.870746867776887,9.13649941015637e-05,0.9875638127372299
CD003962_pub3,4,Remission of haematuria,3,91.0,77.0,1.0817209222027049,0.5785513097920078,0.7935146690357675
CD003962_pub3,9,> 50% increase in serum creatinine,3,104.0,4.0,0.3972313392840302,0.6598001822866536,0.772849273086332
CD003962_pub3,13,Adverse events,13,483.0,74.0,0.50791762568638,2.812503502872673,0.9442624769821714
CD003962_pub3,15,Adverse events,3,230.0,53.0,0.7398545199694219,0.7858297770352903,0.2455375114916234
CD004143_pub6,1,Breast cancer: estrogen-only HT,11,22377.0,670.0,1.3463274579887787,0.0009624217916448928,0.9974713761361332
CD004143_pub6,1,Death from any cause: estrogen-only HT,9,17845.0,2665.0,1.888065184255061,2.6218796914510878e-05,0.9555110969944091
CD004143_pub6,2,Death from any cause: combined HT,12,62714.0,4166.0,1.319507652284982,0.0009656573391469092,0.3029974089746541
CD004143_pub6,3,Breast cancer: combined continuous HT,14,77230.0,2072.0,2.442794778603461,2.771152933720777e-09,0.969723542288898
CD004143_pub6,3,Death from any cause: combined continuous HT,4,2683.0,266.0,0.8535220529956569,0.3187427182758266,0.958154052102997
CD004143_pub6,4,Breast cancer: combined sequential HT,6,966.0,13.0,1.367672478193751,0.0011704514923778582,0.6466618962615682
CD004143_pub6,4,Death from coronary heart disease: estrogen-only HT,7,16714.0,434.0,1.726737784092502,2.1952292658213895e-05,0.9496020248561431
CD004143_pub6,5,Death from coronary heart disease: combined continuous HT,3,25518.0,422.0,2.0736529598429874,2.543538280680141e-07,0.8394571036520488
CD004143_pub6,6,Death from coronary heart disease: combined continuous HT,7,6823.0,242.0,1.6751888036721234,9.293282361636612e-05,0.9984883252852225
CD004143_pub6,8,Colorectal cancer: combined continuous HT,11,64448.0,471.0,1.0377135904402108,0.002603624242146458,0.011791314990945212
CD004143_pub6,8,Death from stroke: combined continuous HT,3,19208.0,201.0,3.664865843957541,4.927775361734114e-14,0.9652775624785244
CD004143_pub6,9,Colorectal cancer: combined sequential HT,3,436.0,1.0,0.0,1.0,1.0
CD004143_pub6,9,Coronary event (MI or cardiac death): estrogen-only HT,4,1186.0,164.0,1.1558878263261152,0.042711814846344655,0.6753349687051731
CD004143_pub6,11,Coronary event (MI or cardiac death): combined continuous HT,7,6823.0,600.0,1.4829918033151601,0.0012731669713349316,0.988892655533038
CD004143_pub6,11,Death from colorectal cancer: combined continuous HT,4,34024.0,118.0,1.775876250307996,9.806438024454585e-07,0.9588209322495682
CD004143_pub6,12,Death from breast cancer: estrogen-only HT,3,15930.0,58.0,2.0819882695021543,1.0812897123271542e-07,0.9893851952341223
CD004143_pub6,12,Lung cancer: combined continuous HT (mod dose oestrogen),3,25518.0,406.0,1.4757188141780342,0.00011899816342173466,0.8855791390901926
CD004143_pub6,12,Stroke (first or recurrent): estrogen-only HT (mod dose),3,1086.0,27.0,0.8712288781007197,0.05472308497023137,0.6947857121997293
CD004143_pub6,13,Death from breast cancer: combined continuous HT,4,34024.0,161.0,2.7049298011511187,9.849329746283626e-11,0.9921185992009603
CD004143_pub6,14,Death from lung cancer: estrogen-only HT (moderate dose),3,15930.0,67.0,0.6365834262828944,0.1489415082148672,0.8917886022486647
CD004143_pub6,14,Stroke (first or recurrent): combined continuous HT (mod dose oestrogen),4,2650.0,131.0,1.2517438235634202,0.0068953565473235025,0.9709775153425484
CD004143_pub6,15,Death from lung cancer: combined continuous HT (moderate dose),4,34024.0,299.0,0.9065288659541526,0.01919598246202849,0.08015748575953774
CD004143_pub6,15,Endometrial cancer: combined continuous HT (mode dose estrogen),10,55376.0,157.0,2.397495091299308,5.916026773651416e-10,0.9649556473986525
CD004143_pub6,16,Endometrial cancer: combined sequential HT,6,852.0,6.0,1.0626734394961688,0.004922878098282007,0.14812512533019473
CD004143_pub6,18,Coronary events (MI or cardiac death): estrogen-only HT,4,10906.0,525.0,1.5216133077175789,0.0003908085407256458,0.9978874077302208
CD004143_pub6,19,Coronary events (MI or cardiac death): combined continuous HT,8,46814.0,912.0,1.8870526061905855,1.4639384942664443e-06,0.9460884693882041
CD004143_pub6,20,Coronary events (MI or cardiac death): combined sequential HT,3,470.0,3.0,0.4467520414256094,0.18625304808862456,0.9233780191807963
CD004143_pub6,20,Gallbladder disease requiring surgery: estrogen-only HT,3,4416.0,200.0,1.6454940450830144,0.00020376847058642514,0.9998671184987707
CD004143_pub6,20,VTE (first or recurrent PE or DVT): estrogen-only HT,3,673.0,10.0,0.37197956143245703,0.9023802560551606,0.9993371684886995
CD004143_pub6,21,Gallbladder disease requiring surgery: combined continuous HT,4,8721.0,289.0,1.0555003249131876,0.023704494601833288,0.051930420020173895
CD004143_pub6,21,Venous thromboembolism (first or recurrent PE or DVT): combined continuous HT,8,6894.0,121.0,1.3818958422810552,0.0006121084640580047,0.9423273927680051
CD004143_pub6,22,Stroke: Estrogen only HT,3,10731.0,405.0,1.2495735892800512,0.0037423205783216054,0.9972747031389424
CD004143_pub6,23,Hip fractures: estrogen-only HT,3,15930.0,296.0,1.6665318482246996,3.0228925954222503e-05,0.988928068492543
CD004143_pub6,23,Stroke: combined continuous HT,7,51440.0,906.0,2.2783719223842427,1.5796331572513736e-08,0.9618111765169544
CD004143_pub6,24,Stroke: combined sequential HT,4,642.0,3.0,0.9036308456019191,0.010117075892878807,0.09364144427744614
CD004143_pub6,25,Hip fractures: combined continuous HT,9,55768.0,479.0,2.408735341661055,1.5244122827080658e-09,0.9420206005705345
CD004143_pub6,28,Vertebral fractures: combined continuous HT,4,19548.0,184.0,0.9238612355442121,0.016582521935759095,0.2500022611907954
CD004143_pub6,29,All clinical fractures: estrogen-only HT (moderate dose),3,5923.0,561.0,0.26159979032852876,57.85136167043066,0.9949192302343817
CD004143_pub6,29,Venous thromboembolism (DVT or PE): estrogen-only HT,4,16105.0,303.0,0.9479658636542366,0.01867177111497153,0.03436634243213077
CD004143_pub6,30,Venous thromboembolism (DVT or PE): combined continuous HT,6,44726.0,622.0,1.5564905680376397,3.452937768265147e-05,0.9462174649846021
CD004143_pub6,31,Venous thromboembolism (DVT or PE): combined sequential HT,5,2380.0,4.0,0.46518421354530615,0.11970712239993875,0.8633236126423129
CD004143_pub6,32,All clinical fractures: combined continuous HT,7,22252.0,2111.0,1.1644120650508643,0.020258954945680904,0.5002455830775545
CD004184_pub3,2,Serious adverse events,4,828.0,26.0,0.9107389362702669,0.06002231160163099,0.3908144432552416
CD004184_pub3,3,Overall adverse events,14,1538.0,416.0,0.7064912176098945,1.8814279444332203,0.5181264452503762
CD004184_pub3,4,Withdrawals from treatment due to adverse events,14,1786.0,58.0,1.1934856640361016,0.006256729677545792,0.4278654465399818
CD004307_pub7,1,Smoking cessation (subgrouped by when incentives were provided),39,10594.0,1017.0,0.9141550056670976,0.21529261120112192,0.5155768021255145
CD004307_pub7,1,Smoking cessation at longest follow-up,13,1985.0,265.0,0.9047329829257735,0.3165958318624976,0.7137030812294176
CD004307_pub7,2,Abstinence at end of pregnancy,11,1471.0,375.0,0.9031405969273167,0.4828965081136083,0.7160629231561311
CD004307_pub7,2,Smoking cessation (grouped by substance misuse),39,10594.0,1017.0,0.9132435071260973,0.21753375455000376,0.5488650876536459
CD004307_pub7,3,Contingent rewards versus guaranteed payments,3,118.0,22.0,1.781617995102076,0.005238330410247747,0.8266635313282785
CD004366_pub7,3,Completed exercise or antidepressants,5,332.0,201.0,0.9065390485465925,1.2102624633372723,0.1805870989821028
CD004366_pub7,3,Completed exercise or pyschological therapies,7,208.0,179.0,1.0476180399347752,0.6335084453477395,0.1677096954310081
CD004366_pub7,3,Completed intervention or control,57,1344.0,1138.0,1.02332380994416,0.7300254976439398,0.1594388185813046
CD004376_pub4,4,Participant-reported treatment success immediately post-intervention,11,1008.0,540.0,1.2572456117962798,0.10289765647624576,0.7339372773132451
CD004376_pub4,5,Study withdrawals at final follow-up,121,5950.0,879.0,1.0195939428737941,0.12258144078229956,0.0742154720620698
CD004376_pub4,6,Adverse events at final follow-up,47,3056.0,289.0,1.8059625586799486,0.00012691330669917458,0.5518362705104436
CD004406_pub6,1,Resolution of symptoms post-treatment (ITT analysis),14,2513.0,823.0,0.8836064065570868,0.6842781776124506,0.28776082335938524
CD004406_pub6,2,Resolution of symptoms post-treatment (evaluable participants only),6,619.0,87.0,1.082901218736336,0.07072567939646666,0.07871540442963076
CD004406_pub6,2,Resolution of symptoms post-treatment (evaluable participants),8,1243.0,85.0,1.0932968693427043,0.037349938323153024,0.09490770760735556
CD004406_pub6,3,Incidence of relapse (evaluable participants),3,267.0,21.0,0.7311552924496602,0.34992452534534674,0.9910467225653555
CD004406_pub6,3,Resolution of symptoms ITT (subgroup sponsored versus no sponsor reported),6,952.0,420.0,0.9486606490375297,0.5985119201927757,0.43033907750420053
CD004406_pub6,4,Adverse events (ITT analysis),3,396.0,75.0,1.0357288707706873,0.1656507052482057,0.02645996975195475
CD004406_pub6,4,Resolution of symptoms ITT (subgroup sponsored versus no sponsor reported),5,1165.0,282.0,0.7292312386098465,1.1230335321498675,0.38071707867025917
CD004406_pub6,6,Incidence of relapse (evaluable participants),6,441.0,22.0,0.6170423873164232,0.4529943498214267,0.7711194723140611
CD004406_pub6,7,Adverse events (ITT analysis),6,952.0,282.0,0.7602991191075887,1.1388882293225644,0.3895391100566612
CD004406_pub6,7,Incidence of relapse (evaluable participants),4,797.0,22.0,0.3887374324480559,1.1927075887415721,0.8768526975301415
CD004406_pub6,9,Adverse events (ITT analysis),3,788.0,210.0,1.097854417897859,0.12228376899814757,0.19273779126173418
CD004417_pub6,1,Antibiotic use: delayed versus immediate antibiotics,17,2322.0,691.0,0.9820167171374753,0.35220027512990243,0.08776097450905596
CD004417_pub6,1,Number of participants with malaise on days 3 to 6: delayed versus immediate antibiotics,4,536.0,180.0,0.9124284565791441,0.5913101308705937,0.8141479330146442
CD004417_pub6,1,Number of participants with pain on days 3 to 6: delayed versus immediate antibiotics,4,422.0,232.0,0.5741031031435616,6.3829393217069965,0.7970700755394918
CD004417_pub6,1,Patient satisfaction: delayed versus immediate antibiotics,13,1804.0,1564.0,0.9608564360250386,1.148877540537118,0.8324746026072003
CD004417_pub6,1,Reconsultation rate: delayed versus immediate antibiotics,9,1062.0,92.0,0.7775824339662103,0.38585597718468867,0.9193760477711974
CD004417_pub6,1,Vomiting: delayed versus immediate antibiotics,6,876.0,174.0,0.502121592831882,5.965617482789181,0.9162092206842288
CD004417_pub6,2,Antibiotic use: delayed versus no antibiotics,11,1646.0,452.0,0.9428768264040324,0.4107201294929222,0.38149738141053
CD004417_pub6,2,Patient satisfaction: delayed versus no antibiotics,9,1436.0,1266.0,0.9642197061786456,1.1172686798464198,0.5696787957654197
CD004417_pub6,2,Reconsultation rate: delayed versus no antibiotics,5,688.0,50.0,1.0811254541601072,0.0372297603876746,0.1648612673947356
CD004417_pub6,3,Diarrhoea: delayed versus immediate antibiotics,8,1064.0,116.0,0.9040450118268477,0.21756064754731666,0.7387737297646475
CD004508_pub5,1,Postoperative ileus,4,203.0,7.0,1.1442105087117,0.019870557623547946,0.06561041395318934
CD004508_pub5,2,"Nausea or vomiting, or both (random-effects model)",6,362.0,128.0,0.7482776584498035,1.36825522100928,0.505739117906123
CD004508_pub5,3,Nausea (random-effects model),3,220.0,54.0,0.3470099523998692,8.358886061196369,0.9991591773814005
CD004508_pub5,4,Vomiting,4,273.0,28.0,1.5053236477271228,0.005167741246787161,0.7445074536896238
CD004508_pub5,5,Abdominal distension,4,273.0,63.0,0.5193841898896298,3.611200687883329,0.9535166907341716
CD004508_pub5,6,Postoperative placement of nasogastric tube,3,220.0,3.0,-2.4424906541753444e-14,3.000000000000368,1.0
CD004508_pub5,12,Febrile morbidity,3,220.0,68.0,0.3408616619895831,10.54516241769904,0.9853815791384976
CD004508_pub5,14,Wound complications,4,228.0,21.0,0.04991888250779586,16.116220633864888,0.9989889211155136
CD004661_pub4,1,"Death (fetal, neonatal, or later (up to 2 years' corrected age))",32,17524.0,1300.0,1.0480213067794555,0.06468612635332101,0.16325808617813775
CD004661_pub4,1,Fetal death,6,3400.0,19.0,0.6423153351367339,0.12471282039191277,0.9460742232843775
CD004661_pub4,1,Later death (up to 2 years' corrected age),5,3322.0,32.0,1.8337855134996883,1.3262766641097306e-05,0.8813457904519324
CD004661_pub4,2,Cerebral palsy (up to 2 years' corrected age),31,15235.0,625.0,0.837906315572893,0.22942217300543827,0.9112386629626836
CD004661_pub4,2,Cerebral palsy severity (school age),4,1026.0,53.0,2.6165371933014594,8.249010468913239e-07,0.8938448310051441
CD004661_pub4,2,Cerebral palsy severity (up to 2 years' corrected age),12,6098.0,125.0,0.7997886088678849,0.13438355472668626,0.936124477475806
CD004661_pub4,2,Neonatal death,12,6746.0,400.0,1.1574160342042616,0.023094832641518674,0.48973794601974285
CD004661_pub4,3,Any neurodevelopmental disability (school age),7,1682.0,498.0,1.9882667485455527,0.00016797839241548143,0.9128200264589378
CD004661_pub4,3,Death or cerebral palsy (up to 2 years' corrected age),31,16140.0,1925.0,0.9636366804714239,0.21563741390087615,0.20794190869010487
CD004661_pub4,4,Death or any neurodevelopmental disability (up to 2 years' corrected age),3,1607.0,528.0,0.6756302810305681,3.6173121642619632,0.9973739966909944
CD004661_pub4,4,Death or major neurodevelopmental disability (up to 2 years' corrected age),12,8448.0,1784.0,0.9060532311231231,0.5545998910140885,0.5891699623042952
CD004661_pub4,4,Side effects of treatment,4,2646.0,1881.0,0.9138140121103678,1.3428638215818087,0.19354139474691623
CD004661_pub4,5,Blindness (up to 2 years' corrected age),4,1846.0,4.0,1.1254488121967952,0.0009381051118255117,0.23864132541096206
CD004661_pub4,5,"Death (fetal, neonatal, or later (up to school age))",4,1762.0,244.0,0.9915403828949497,0.1479568956277644,0.5929143047709045
CD004661_pub4,5,Death or major neurodevelopmental disability (up to 2 years' corrected age),3,2112.0,446.0,0.7968269717078414,1.0622663114987592,0.7369572962011482
CD004661_pub4,5,Side effect: respiratory depression,5,3991.0,107.0,0.3072963275318651,8.757645795997417,0.9686553175938595
CD004661_pub4,6,Adverse effects severe enough to stop treatment,6,4720.0,286.0,0.5613541294105706,2.6099661968953427,0.9299244873534398
CD004661_pub4,6,Cerebral palsy (school age),4,1026.0,106.0,1.2213148343644185,0.021155201055019425,0.7235068851964135
CD004661_pub4,6,Deafness (up to 2 years' corrected age),4,1846.0,11.0,0.23991191351979768,1.654571868348317,0.9431532620871792
CD004661_pub4,6,Side effect: hypotension,3,1550.0,122.0,0.4503682557876907,4.291491737548024,0.9239932599350191
CD004661_pub4,7,Apgar score less than 7 at 5 minutes,4,2482.0,374.0,1.0393790346624368,0.11463844470328204,0.21712506848619362
CD004661_pub4,7,Developmental delay/intellectual impairment (up to 2 years' corrected age),10,7192.0,1453.0,1.0286706097117047,0.16636325436469662,0.08068571454103124
CD004661_pub4,7,Major neurodevelopmental disability (school age),4,950.0,104.0,0.8799961885619237,0.2565955835341377,0.7444693635534698
CD004661_pub4,8,Gross motor dysfunction (school age),5,1334.0,408.0,1.0200681519378698,0.24843153423632436,0.016580162532286558
CD004661_pub4,8,Gross motor dysfunction (up to 2 years' corrected age),4,1684.0,193.0,0.5580006552344574,2.9144925327169977,0.7975355696374546
CD004661_pub4,8,Side effect: warmth over body/flushing,4,2646.0,1519.0,0.9107032779168536,1.1211098274569349,0.1819871875913044
CD004661_pub4,8,Use of active resuscitation at birth,9,6402.0,2598.0,1.1965806447872986,0.06930695202958631,0.1711792463334224
CD004661_pub4,9,Adverse effects severe enough to stop treatment,6,4720.0,286.0,0.5613541294105706,2.6099661968953427,0.9299244873534398
CD004661_pub4,9,Intraventricular haemorrhage,6,3273.0,565.0,1.0260007897551693,0.1790998951903502,0.05876052495459094
CD004661_pub4,9,Psychomotor dysfunction (up to 2 years' corrected age),4,3634.0,503.0,1.8840470568774705,9.258682356274809e-05,0.9874711552060504
CD004661_pub4,9,Side effect: arm discomfort with infusion,3,2360.0,889.0,0.5890652183578609,8.582952513855997,0.9423810543336459
CD004661_pub4,10,Death or substantial gross motor dysfunction (up to 2 years' corrected age),5,2524.0,313.0,0.9969505385064086,0.14540494279959393,0.0015617453363847567
CD004661_pub4,10,Severe intraventricular haemorrhage (grade 3 or 4),5,2932.0,102.0,0.4943819656451106,2.0108806958805956,0.9262234416612155
CD004661_pub4,11,Cystic periventricular leukomalacia,6,3273.0,81.0,0.9686641239288755,0.043080657251307816,0.05312706372559073
CD004661_pub4,11,Side effect: nausea or vomiting,4,2646.0,420.0,0.7385250884967292,1.1879801937531271,0.7621219233447424
CD004661_pub4,12,Adverse effects severe enough to stop treatment,3,2360.0,143.0,0.4084544183485056,5.993795527877834,0.9999999202303884
CD004661_pub4,12,Behaviour (school age),7,1526.0,384.0,0.9653751397651886,0.30669472341215587,0.0725411803117002
CD004661_pub4,13,Blood pressure (up to 2 years' corrected age),3,1016.0,347.0,0.754709808469731,1.773035067257316,0.7868950718909371
CD004661_pub4,13,Side effect: sweating,3,2360.0,498.0,1.0964631218606582,0.10930786834030527,0.31567848011190536
CD004661_pub4,14,Educational achievement (school age),6,1121.0,62.0,0.3766019333930287,3.4648955107638586,0.9442756196719604
CD004661_pub4,14,Neonatal convulsions,5,3340.0,66.0,0.6032088579747434,0.5165160232911947,0.9850272892432889
CD004661_pub4,15,Behaviour (up to 2 years' corrected age),8,3190.0,213.0,1.3397620913504027,0.004909521230831349,0.4203154449645362
CD004661_pub4,16,Necrotising enterocolitis,5,3340.0,174.0,1.213263003800555,0.011418353776524028,0.3632990677688801
CD004661_pub4,17,Retinopathy of prematurity,3,1777.0,325.0,0.5105575293997691,7.148664432981383,0.9977364452264542
CD004661_pub4,18,Patent ductus arteriosus,3,2370.0,187.0,0.2798044239356122,21.7295736598876,0.9595232623811578
CD004661_pub4,19,Mode of birth: caesarean birth,5,2929.0,1352.0,0.8823916809393104,1.0995803894054477,0.7424360294230774
CD004661_pub4,19,Respiratory distress syndrome,3,2379.0,1024.0,1.0399101237946005,0.33345547486608357,0.27478740143681246
CD004661_pub4,20,Chronic lung disease/bronchopulmonary dysplasia,5,3340.0,593.0,0.4929102234952396,11.279611794535946,0.9741646612161501
CD004661_pub4,21,Postpartum haemorrhage,5,2814.0,309.0,0.8474726802261805,0.34894882582011355,0.15288593397160977
CD004661_pub4,22,Use of respiratory support (mechanical ventilation or continuous positive airway pressure) ,4,2999.0,1958.0,0.7610084635749652,4.309558509627236,0.9784803504848142
CD004661_pub4,25,Early- or late-onset sepsis,4,3237.0,292.0,0.6511757224755303,1.7816642825434736,0.7719895985604395
CD004667_pub6,1,Spontaneous vaginal birth (as defined by trial authors),60,39088.0,27840.0,0.9668116959497126,1.0597293110393837,0.414230734764248
CD004667_pub6,2,Caesarean birth,64,39412.0,5400.0,1.196371779251842,0.014232535508652425,0.5147833685748389
CD004667_pub6,3,Regional analgesia (epidural/spinal),60,38944.0,9204.0,1.084191919864557,0.08221860382484557,0.2962962498267132
CD004667_pub6,4,Intact perineum,48,31916.0,9852.0,1.1081530549856289,0.10604643940490373,0.8486399606805017
CD004667_pub6,5,Fetal loss at or after 24 weeks gestation,48,35492.0,156.0,0.675728416035766,0.14335438040023013,0.9448902610174426
CD004667_pub6,6,Preterm birth (< 37 weeks),40,31012.0,1632.0,1.033372023684747,0.0377133609520793,0.07373026347409972
CD004667_pub6,7,Neonatal death (baby born alive at any gestation and dies within 28 days),40,32704.0,80.0,0.6821566639674487,0.07318299208759177,0.921386878513924
CD004667_pub6,10,Induction of labour,14,9688.0,1884.0,1.2593250998454628,0.01592783637597879,0.6370151063706411
CD004667_pub6,11,Instrumental vaginal birth (forceps/vacuum),14,9723.0,1190.0,1.0431515115919578,0.06958904263496073,0.06261891166073608
CD004667_pub6,12,Episiotomy,15,9776.0,1829.0,0.8467090176414931,0.7650610755472509,0.8951025187984905
CD004667_pub6,13,Third or fourth degree tear,7,5314.0,91.0,1.5658215056124547,9.719033007133361e-05,0.6100042878823215
CD004667_pub6,14,Postpartum haemorrhage (as defined by trial authors),11,8040.0,631.0,1.178570419276669,0.013062621680748529,0.5989810459555569
CD004667_pub6,15,Breastfeeding initiation,8,4566.0,3224.0,1.6886234561093971,0.002419109266628779,0.8917904963117792
CD004667_pub6,18,Attendance at birth by known midwife,11,4709.0,3909.0,0.9487098702047705,1.235704259427359,0.7140443640466806
CD004667_pub6,20,Birth weight less than 2500 g,8,7054.0,323.0,0.872513313238667,0.14422915647108847,0.7809781395662398
CD004667_pub6,22,Apgar score less than or equal to 7 at 5 minutes,13,6689.0,160.0,0.8395572068247298,0.09559363565613457,0.7660152647586589
CD004667_pub6,23,Admission to special care nursery/neonatal intensive care unit,13,8954.0,660.0,1.293455200744526,0.003934048387853728,0.21942903790697388
CD004667_pub6,24,Fetal loss before 24 weeks gestation,12,8781.0,177.0,1.039211037912021,0.013380326477598771,0.018221121829737008
CD004703_pub3,1,Bleeding,15,721.0,6.0,0.4258140832118318,0.38211415242666885,0.7671811800554805
CD004703_pub3,1,Serious adverse events,19,893.0,3.0,1.8176011263872232,1.0887629416450032e-05,0.45102052941813453
CD004703_pub3,2,Chronic pain (persisting for > 6 months after surgery),6,456.0,6.0,0.4456755972210903,0.4040261547949083,0.9776431306693767
CD004703_pub3,2,Conversion to another hernia repair method,13,587.0,2.0,0.28082742527854243,0.2227075347125503,0.6666388939408014
CD004703_pub3,3,Conversion from laparoscopic technique  to open surgery,13,587.0,2.0,0.28082742527854243,0.2227075347125503,0.6666388939408014
CD004703_pub3,3,Hernia recurrence,17,879.0,13.0,0.5957723289243013,0.25700058254797575,0.7502765965958992
CD004703_pub3,5,Haematoma or seroma,15,739.0,44.0,1.0201862989947486,0.05910249213961535,0.0059207497204453174
CD004736_pub6,1,Maternal anaemia at term (Hb less than 110 g/L at 37 weeks' gestation or more) (ALL),38,15851.0,799.0,1.2591556349076072,0.00909238660588105,0.2533613563392648
CD004736_pub6,2,Maternal anaemia at term (Hb less than 110 g/L at 37 weeks' gestation or more): SUBGROUP ANALYSIS by gestation at the start of supplementation,3,208.0,15.0,1.9982245865624977,0.00041887937931839265,0.3550400953771219
CD004736_pub6,2,Maternal anaemia at term (Hb less than 110 g/L at 37 weeks' gestation or more): SUBGROUP ANALYSIS by gestational age at the start of supplementation,34,14861.0,685.0,1.3108908864520012,0.006708732056425489,0.2927702043309609
CD004736_pub6,3,Maternal anaemia at term (Hb less than 110 g/L at 37 weeks gestation or more): SUBGROUP ANALYSIS by anaemia status at the start of supplementation,13,1031.0,106.0,1.8954548885152502,0.00026953044687061953,0.8505751607779646
CD004736_pub6,3,Maternal anaemia at term (Hb less than 110 g/L at 37 weeks' gestation or more): SUBGROUP ANALYSIS by anaemia status at the start of supplementation,23,13192.0,475.0,1.1873799139594003,0.017348350115877598,0.12823864664474516
CD004736_pub6,4,Maternal anaemia at term (Hb less than 110 g/L at 37 weeks' gestation or more ): SUBGROUP ANALYSIS by dose of iron,4,6748.0,281.0,0.8543493968188323,0.12642033028245525,0.39341672915525694
CD004736_pub6,4,Maternal anaemia at term (Hb less than 110 g/L at 37 weeks' gestation or more): SUBGROUP ANALYSIS by dose of iron,33,8321.0,419.0,1.5674581325619013,0.0011954417470042152,0.6452059201740967
CD004736_pub6,5,Maternal anaemia at term (Hb less than 110 g/L at 37 weeks' gestation or more): SUBGROUP ANALYSIS by malarial status of setting,37,15037.0,690.0,1.3191913279953402,0.00615443253711553,0.3177874889090798
CD004736_pub6,6,"Maternal iron deficiency at term (as defined by trialists, based on any indicator of iron status at 37 weeks' gestation or more) (ALL)",18,3164.0,1306.0,0.8420951078391845,0.9434063878712912,0.3304962923254493
CD004736_pub6,7,"Maternal iron deficiency at term (as defined by trialists, based on any indicator of iron status at 37 weeks' gestation or more): SUBGROUP ANALYSIS by gestational age at the start of supplementation",15,2127.0,836.0,0.952596321047934,0.6176601320846303,0.15719263307153908
CD004736_pub6,7,Maternal iron-deficiency anaemia at term (Hb less than 110 g/L and at least one additional laboratory indicator at 37 weeks' gestation or more) (ALL),3,1036.0,110.0,0.9913288184651181,0.11289093547324842,0.9081042325425337
CD004736_pub6,8,"Maternal iron deficiency at term (as defined by trialists, based on any indicator of iron status at 37 weeks' gestation or more): SUBGROUP ANALYSIS by anaemia status at the start of supplementation",15,2127.0,836.0,0.8039339000219279,1.2109240976336757,0.4619159518925915
CD004736_pub6,9,Low birthweight (less than 2500 g) (ALL),3,7691.0,398.0,0.2430932700080819,44.757565506687,0.9994973914069242
CD004736_pub6,9,"Maternal iron deficiency at term (as defined by trialists, based on any indicator of iron status at 37 weeks' gestation or more): SUBGROUP ANALYSIS by dose of iron",15,2127.0,836.0,0.804062150035233,1.2100828836647493,0.4702500722003773
CD004736_pub6,10,Low birthweight (less than 2500 g): SUBGROUP ANALYSIS by gestational age at the start of supplementation,3,7691.0,398.0,0.2430932700080819,44.757565506687,0.9994973914069242
CD004736_pub6,10,"Maternal iron deficiency at term (as defined by trialists, based on any indicator of iron status at 37 weeks' gestation or more): SUBGROUP ANALYSIS by malarial status of setting",15,2127.0,836.0,0.804062150035233,1.2100828836647493,0.4702500722003773
CD004736_pub6,10,Maternal severe anaemia at any time during second and third trimester (Hb less than 70 g/L) (ALL),8,476.0,2.0,1.5292217962196968,0.0001731770298386885,0.7513476521409749
CD004736_pub6,11,Low birthweight (less than 2500 g): SUBGROUP ANALYSIS by anaemia status at the start of supplementation,3,7691.0,398.0,0.2430932700080819,44.757565506687,0.9994973914069242
CD004736_pub6,11,Maternal iron-deficiency anaemia at term (Hb less than 110 g/L and at least one additional laboratory indicator at 37 weeks' gestation or more) (ALL),13,1958.0,136.0,0.9409143985204795,0.07789117957721142,0.05307368837091275
CD004736_pub6,12,Low birthweight (less than 2500 g): SUBGROUP ANALYSIS by dose of iron,3,7691.0,398.0,0.2430932700080819,44.757565506687,0.9994973914069242
CD004736_pub6,12,Maternal iron-deficiency anaemia at term (Hb less than 110 g/L and at least one additional laboratory indicator at 37 weeks' gestation or more): SUBGROUP ANALYSIS by gestational age at the start of supplementation,6,572.0,25.0,0.8407073232319608,0.12612262759361398,0.20018102289986783
CD004736_pub6,12,Maternal iron-deficiency anaemia at term (Hb less than 110 g/L and at least one additional laboratory indicator at 37 weeks' gestation): SUBGROUP ANALYSIS by gestational age at the start of supplementation,7,1386.0,111.0,1.088528113463547,0.03262465456150692,0.08005750765510766
CD004736_pub6,13,Low birthweight (less than 2500 g): SUBGROUP ANALYSIS by malarial status of setting,3,7691.0,398.0,0.2430932700080819,44.757565506687,0.9994973914069242
CD004736_pub6,13,Maternal iron-deficiency anaemia at term (Hb less than 110 g/L and at least one additional laboratory indicator at 37 weeks' gestation or more): SUBGROUP ANALYSIS by anaemia status at the start of supplementation,13,1958.0,136.0,0.9409143985204795,0.07789117957721142,0.05307368837091275
CD004736_pub6,14,Maternal iron-deficiency anaemia at term (Hb less than 110 g/L and at least one additional laboratory indicator at 37 weeks' gestation or more): SUBGROUP ANALYSIS by dose of iron,13,1958.0,136.0,0.9298232670798537,0.07978301604210394,0.06356923979039353
CD004736_pub6,14,Preterm birth (less than 37 weeks of gestation) (ALL),3,768.0,149.0,1.150970858463993,0.0776848241653699,0.9152793290316349
CD004736_pub6,15,Maternal iron-deficiency anaemia at term (Hb less than 110 g/L and at least one additional laboratory indicator at 37 weeks' gestation or more): SUBGROUP ANALYSIS by malarial status of setting,13,1958.0,136.0,0.9162135342798495,0.08556455061842967,0.08910107609368245
CD004736_pub6,15,Preterm birth (less than 37 weeks of gestation): SUBGROUP ANALYSIS by gestational age at the start of supplementation,3,681.0,149.0,1.1735273253106058,0.07202847613203112,0.9960281509645458
CD004736_pub6,16,Maternal death (death while pregnant or within 42 days of termination of pregnancy) (ALL),5,7800.0,4.0,0.24716418828753295,0.4777108209992205,0.9110133738804093
CD004736_pub6,16,Preterm birth (less than 37 weeks of gestation): SUBGROUP ANALYSIS by anaemia status at the start of supplementation,3,768.0,149.0,1.150970858463993,0.0776848241653699,0.9152793290316349
CD004736_pub6,17,Adverse effects (any reported throughout the intervention period) (ALL),17,2052.0,491.0,0.8288027439079607,0.8078372412404852,0.4386443194498538
CD004736_pub6,17,Preterm birth (less than 37 weeks of gestation): SUBGROUP ANALYSIS by dose of iron,3,768.0,149.0,1.150970858463993,0.0776848241653699,0.9152793290316349
CD004736_pub6,18,Adverse effects (any reported throughout the intervention period): SUBGROUP ANALYSIS by gestational age at the start of supplementation,17,2052.0,524.0,0.8584310438604595,0.673770070914749,0.28921790331888375
CD004736_pub6,18,Preterm birth (less than 37 weeks of gestation) (ALL),3,768.0,149.0,1.150970858463993,0.0776848241653699,0.9152793290316349
CD004736_pub6,18,Preterm birth (less than 37 weeks of gestation): SUBGROUP ANALYSIS by malarial status of setting,3,768.0,149.0,1.150970858463993,0.0776848241653699,0.9152793290316349
CD004736_pub6,19,Adverse effects (any reported throughout the intervention period): SUBGROUP ANALYSIS by anaemia status at the start of supplementation,17,2052.0,524.0,0.8584310438604595,0.673770070914749,0.28921790331888375
CD004736_pub6,19,Preterm birth (less than 37 weeks of gestation) (ALL),3,7693.0,545.0,0.5368730915770479,4.229317256398251,0.9617117808054823
CD004736_pub6,19,Preterm birth (less than 37 weeks of gestation): SUBGROUP ANALYSIS by gestation at the start of supplementation,3,681.0,149.0,1.1735273253106058,0.07202847613203112,0.9960281509645458
CD004736_pub6,20,Adverse effects (any reported throughout the intervention period): SUBGROUP ANALYSIS by dose of iron,21,2052.0,524.0,0.836480893127513,0.7857142403672395,0.34970330945213646
CD004736_pub6,20,Preterm birth (less than 37 weeks of gestation): SUBGROUP ANALYSIS by anaemia status at the start of supplementation,3,768.0,149.0,1.150970858463993,0.0776848241653699,0.9152793290316349
CD004736_pub6,20,Preterm birth (less than 37 weeks of gestation): SUBGROUP ANALYSIS by gestational age at the start of supplementation,3,7693.0,545.0,0.5368730915770479,4.229317256398251,0.9617117808054823
CD004736_pub6,21,Adverse effects (any reported throughout the intervention period): SUBGROUP ANALYSIS by malarial status of setting,17,2052.0,524.0,0.8584310438604595,0.673770070914749,0.28921790331888375
CD004736_pub6,21,Preterm birth (less than 37 weeks of gestation): SUBGROUP ANALYSIS by anaemia status at the start of supplementation,3,7693.0,545.0,0.5368730915770479,4.229317256398251,0.9617117808054823
CD004736_pub6,21,Preterm birth (less than 37 weeks of gestation): SUBGROUP ANALYSIS by dose of iron,3,768.0,149.0,1.150970858463993,0.0776848241653699,0.9152793290316349
CD004736_pub6,22,Maternal severe anaemia at any time during second and third trimester (Hb less than 70 g/L) (ALL),13,1289.0,5.0,2.6058023215061654,3.9722999069460395e-08,0.8427541288645957
CD004736_pub6,22,Preterm birth (less than 37 weeks of gestation): SUBGROUP ANALYSIS by dose of iron,3,7693.0,545.0,0.5368730915770479,4.229317256398251,0.9617117808054823
CD004736_pub6,22,Preterm birth (less than 37 weeks of gestation): SUBGROUP ANALYSIS by malarial status of settings,3,768.0,149.0,1.150970858463993,0.0776848241653699,0.9152793290316349
CD004736_pub6,23,Maternal severe anaemia at any time during second and third trimester (Hb less than 70 g/L): SUBGROUP ANALYSIS by gestational age at the start of supplementation,13,1289.0,5.0,2.629284707278278,2.8685801417527645e-08,0.6934929048033762
CD004736_pub6,23,Preterm birth (less than 37 weeks of gestation): SUBGROUP ANALYSIS by malarial status of setting,3,7693.0,545.0,0.5368730915770479,4.229317256398251,0.9617117808054823
CD004736_pub6,24,Maternal severe anaemia at any time during second and third trimester (Hb less than 70 g/L): SUBGROUP ANALYSIS by anaemia status at the start of supplementation,7,725.0,3.0,2.007634226131665,4.786891511944902e-06,0.5489017420545441
CD004736_pub6,24,Neonatal death (within 28 days after delivery) (ALL),3,7891.0,104.0,0.5413379170883243,0.9021662745189205,0.8340972903184705
CD004736_pub6,25,Maternal anaemia at or near term (Hb less than 110 g/L at 34 weeks' gestation or more) (ALL),3,208.0,15.0,1.9982245865624977,0.00041887937931839265,0.3550400953771219
CD004736_pub6,25,Maternal severe anaemia at any time during second and third trimester (Hb less than 70 g/L): SUBGROUP ANALYSIS by dose of iron,13,1289.0,5.0,2.629284707278278,2.8685801417527645e-08,0.6934929048033762
CD004736_pub6,25,Neonatal death (within 28 days after delivery): SUBGROUP ANALYSIS by gestational age at the start of supplementation,3,7891.0,104.0,0.5413379170883243,0.9021662745189205,0.8340972903184705
CD004736_pub6,26,Maternal severe anaemia at any time during second and third trimester (Hb less than 70 g/L): SUBGROUP ANALYSIS by malarial status of setting,13,1289.0,5.0,2.6058023215061654,3.9722999069460395e-08,0.8427541288645957
CD004736_pub6,26,Neonatal death (within 28 days after delivery): SUBGROUP ANALYSIS by anaemia status at the start of supplementation,3,7891.0,104.0,0.5413379170883243,0.9021662745189205,0.8340972903184705
CD004736_pub6,27,Neonatal death (within 28 days after delivery): SUBGROUP ANALYSIS by dose of iron,3,7891.0,104.0,0.5413379170883243,0.9021662745189205,0.8340972903184705
CD004736_pub6,28,Low birthweight (less than 2500 g) (ALL),17,10199.0,538.0,1.30383085684396,0.010777882738824155,0.26219306903646855
CD004736_pub6,28,Neonatal death (within 28 days after delivery): SUBGROUP ANALYSIS by malarial status of setting,3,7891.0,104.0,0.5413379170883243,0.9021662745189205,0.8340972903184705
CD004736_pub6,29,Low birthweight (less than 2500 g): SUBGROUP ANALYSIS by gestational age at the start of supplementation,17,10199.0,538.0,1.3056690964007942,0.010967551906389176,0.24945291767418443
CD004736_pub6,29,Maternal anaemia at or near term (Hb less than 110 g/L at 34 weeks' gestation or more) (ALL),3,208.0,15.0,1.9982245865624977,0.00041887937931839265,0.3550400953771219
CD004736_pub6,30,Low birthweight (less than 2500 g): SUBGROUP ANALYSIS by anaemia status at the start of supplementation,17,10199.0,538.0,1.3222619026592928,0.009828085600742689,0.27176370614316914
CD004736_pub6,31,Low birthweight (less than 2500 g): SUBGROUP ANALYSIS by dose of iron,17,10199.0,538.0,1.3036331200952405,0.011221717594897887,0.24271748348970423
CD004736_pub6,32,Low birthweight (less than 2500 g): SUBGROUP ANALYSIS by malarial status of setting,17,10199.0,538.0,1.299634137862311,0.01123663189149543,0.24977296739863208
CD004736_pub6,36,Moderate anaemia at postpartum (Hb more than 80 g/L and less than 110 g/L) (ALL),3,220.0,10.0,0.9399873696570439,0.06624809637369829,0.7089529674421562
CD004736_pub6,38,Preterm birth (less than 37 weeks of gestation) (ALL),15,10715.0,859.0,0.6232941898273698,2.319524786553403,0.8783184628318224
CD004736_pub6,39,Preterm birth (less than 37 weeks of gestation): SUBGROUP ANALYSIS by gestational age at the start of supplementation,15,10715.0,859.0,0.6518780499110236,1.823001046842378,0.867447632856571
CD004736_pub6,40,Preterm birth (less than 37 weeks of gestation): SUBGROUP ANALYSIS by anaemia status at the start of supplementation,15,10715.0,859.0,0.6518780499110236,1.823001046842378,0.867447632856571
CD004736_pub6,41,Preterm birth (less than 37 weeks of gestation): SUBGROUP ANALYSIS by dose of iron,15,10715.0,859.0,0.6518780499110236,1.823001046842378,0.867447632856571
CD004736_pub6,42,Preterm birth (less than 37 weeks of gestation): SUBGROUP ANALYSIS by malarial status of setting,15,10715.0,859.0,0.6326728783910176,2.1432317405393215,0.8755107381523469
CD004736_pub6,43,Neonatal death (within 28 days after delivery) (ALL),5,9241.0,144.0,0.6627524227741507,0.4266235954250438,0.6761727855681423
CD004736_pub6,44,Neonatal death (within 28 days after delivery): SUBGROUP ANALYSIS by gestational age at the start of supplementation,4,8566.0,124.0,0.6051097712154603,0.6206261658687737,0.7423627494458517
CD004736_pub6,45,Maternal anaemia at or near term (Hb less than 110 g/L at 34 weeks' gestation or more) (ALL),14,1389.0,243.0,1.908927826095129,0.00030979983321992375,0.8168754792771937
CD004736_pub6,45,Neonatal death (within 28 days after delivery): SUBGROUP ANALYSIS by anaemia status at the start of supplementation,4,8566.0,124.0,0.6051097712154603,0.6206261658687737,0.7423627494458517
CD004736_pub6,46,"Maternal iron deficiency at or near term (as defined by trialists, based on any indicator of iron status at 34 weeks' gestation or more) (ALL)",8,1139.0,220.0,0.6153225376828122,2.936108087949716,0.8743972253659817
CD004736_pub6,46,Neonatal death (within 28 days after delivery): SUBGROUP ANALYSIS by dose of iron,4,8566.0,124.0,0.6051097712154603,0.6206261658687737,0.7423627494458517
CD004736_pub6,47,Maternal iron-deficiency anaemia at or near term (Hb less than 110 g/L and at least one additional laboratory indicator at 34 weeks' gestation or more) (ALL),7,1036.0,39.0,0.8038307542346055,0.154014834739741,0.41046826091646404
CD004736_pub6,47,Neonatal death (within 28 days after delivery): SUBGROUP ANALYSIS by malarial status of setting,4,8566.0,124.0,0.6051097712154603,0.6206261658687737,0.7423627494458517
CD004736_pub6,48,Congenital anomalies (ALL),3,7158.0,41.0,0.3948817632686289,1.3403244204316347,0.7588511059807639
CD004736_pub6,49,Congenital anomalies: SUBGROUP ANALYSIS by gestational age at the start of supplementation),3,7158.0,41.0,0.3948817632686289,1.3403244204316347,0.7588511059807639
CD004736_pub6,50,Congenital anomalies: SUBGROUP ANALYSIS by anaemia status at the start of supplementation,3,7158.0,41.0,0.3948817632686289,1.3403244204316347,0.7588511059807639
CD004736_pub6,50,Maternal high haemoglobin concentrations during second or third trimester (Hb more than 130 g/L) (ALL),6,608.0,188.0,1.1617112087488362,0.1144029713462051,0.6217741026034329
CD004736_pub6,51,Congenital anomalies: SUBGROUP ANALYSIS by dose of iron,3,7158.0,41.0,0.3948817632686289,1.3403244204316347,0.7588511059807639
CD004736_pub6,51,Maternal high haemoglobin concentrations at or near term (Hb more than 130 g/L at 34 weeks' gestation or more) (ALL),7,642.0,199.0,0.6992787965012968,1.9154778657112035,0.8094368323762716
CD004736_pub6,52,Congenital anomalies: SUBGROUP ANALYSIS by malarial status of setting,3,7157.0,56.0,0.24156382303766022,6.88829675904708,0.9372401638991945
CD004736_pub6,53,Maternal anaemia at or near term (Hb less than 110 g/L at 34 weeks' gestation or more) (ALL),14,1544.0,260.0,1.891157463596258,0.0002890996151024335,0.8615869038627965
CD004736_pub6,54,"Maternal iron deficiency at or near term (as defined by as defined by trialists, based on any indicator of iron status at 34 weeks' gestation or more) (ALL)",8,1138.0,220.0,0.6150429295988513,2.9450729423945985,0.8759160444072459
CD004736_pub6,55,Maternal iron-deficiency anaemia at or near term (Hb less than 110 g/L and at least one additional laboratory indicator at 34 weeks' gestation or more) (ALL),7,1035.0,39.0,0.8035608280292941,0.15457356722784865,0.414121355303981
CD004736_pub6,58,Maternal high haemoglobin concentrations during second or third trimester (Hb more than 130 g/L) (ALL),7,744.0,212.0,1.0342888829068915,0.21528513434442542,0.05021580511651724
CD004736_pub6,59,Maternal high haemoglobin concentrations at or near term (Hb more than 130 g/L at 34 weeks' gestation or more) (ALL),7,765.0,203.0,0.6000745255428261,3.0212238143220986,0.8019515110392603
CD004736_pub6,61,Nausea (ALL),3,365.0,66.0,0.7587132294837489,0.5420461340307011,0.22912077952865229
CD004736_pub6,63,Puerperal infection (ALL),3,1829.0,64.0,3.471850651868255,3.5619253416040093e-10,0.9699189967555357
CD004736_pub6,68,Very premature birth (less than 34 weeks' gestation) (ALL),4,1022.0,24.0,1.6126316552297908,0.0002978023522371829,0.87818668341823
CD004736_pub6,69,Nausea (ALL),3,365.0,66.0,0.7587132294837489,0.5420461340307011,0.22912077952865229
CD004736_pub6,75,Very low birthweight (less than 1500 g) (ALL),4,996.0,8.0,0.7442662799433569,0.04554923614301375,0.3873656680138312
CD004736_pub6,76,Very premature birth (less than 34 weeks' gestation) (ALL),5,2156.0,36.0,1.25919125157675,0.0018784764168638427,0.7873410492435234
CD004871_pub5,2,Pain (dichotomous data; short-term),3,99.0,63.0,0.6729460593614547,2.9434015498504777,0.7026089350675396
CD004871_pub5,2,Pain (dichotomous data; short-term): subgroup analysis by dosage,5,187.0,89.0,1.4396326322840705,0.053341818449246826,0.7558822882197319
CD004904_pub4,1,Postpartum endometritis,4,469.0,14.0,0.44644701551975463,0.8842438789123208,0.9897116533909184
CD004925_pub4,1,Urine leak and obstruction,32,2724.0,38.0,2.704261859808254,2.1419840399787214e-08,0.9229205804200897
CD004925_pub4,2,Subgroup analysis for major urological complications: duration of stenting,11,926.0,19.0,2.447695652668476,1.1396657086077768e-06,0.9148735502229164
CD004925_pub4,3,Subgroup analysis for major urological complications: surgeon's experience,10,826.0,11.0,2.596061517894134,3.9552588702582736e-07,0.8389397885943366
CD004925_pub4,4,UTI,10,872.0,195.0,0.9507651733538798,0.3178677779784175,0.024574667098073877
CD004925_pub4,5,UTI: diagnostic criteria,8,687.0,171.0,1.7556776807260088,0.0022725269522212463,0.712947947109584
CD004925_pub4,6,UTI: antibiotic regimen,8,737.0,163.0,1.6102263721273555,0.005114523555263735,0.5668398736376035
CD004925_pub4,7,Haematuria,8,782.0,91.0,0.863498813479536,0.08760848417330143,0.056333512120273044
CD004953_pub5,1,Death,3,27.0,4.0,0.34259239810150754,1.0485452050132822,0.8158250674343661
CD004953_pub5,2,Death during hospitalisation,11,819.0,132.0,1.0605784628481778,0.0675141078938806,0.04465959034894995
CD004953_pub5,3,Death,17,1143.0,148.0,1.1542940413932679,0.02736048230506089,0.13260891105106398
CD004953_pub5,4,Rate of mechanical ventilation,7,595.0,252.0,0.8169802679520233,1.2773477896181675,0.5410301807477846
CD004953_pub5,5,Chronic lung disease,8,611.0,177.0,1.335642778649924,0.036504963252449965,0.6826234749485162
CD004953_pub5,5,Cranial ultrasound abnormalities,3,21.0,3.0,0.7629726245182891,0.3097577449107756,0.7667999377876304
CD004953_pub5,6,Pneumothorax during hospitalisation,10,776.0,49.0,0.8160288230467585,0.1648055738916756,0.6184387935561472
CD004953_pub5,7,Cranial ultrasound abnormalities,16,970.0,108.0,0.9776668136889578,0.076241349005315,0.0035141832231201375
CD004953_pub5,8,Endotracheal intubation,12,950.0,284.0,0.8815686918090242,0.6299086483623755,0.2905330007549577
CD004953_pub5,9,Surfactant administration,14,1122.0,528.0,1.03251693198425,0.348892863851878,0.023835768250435985
CD004953_pub5,12,Retinopathy of prematurity (ROP) stage ≥ 3,8,396.0,34.0,0.6880617453580922,0.5050517720847701,0.9036790232110549
CD004953_pub5,13,Patent ductus arteriosus (PDA),11,785.0,280.0,0.8321532576362213,0.893712731968735,0.31778667960890716
CD004992_pub4,1,Recurrence of pelvic pain,4,142.0,22.0,1.013131982980637,0.16129075690688788,0.013432116897079682
CD004992_pub4,2,Recurrence of endometrioma,4,134.0,13.0,1.3403677831490857,0.02001000956763748,0.8214182286515161
CD004992_pub4,4,Spontaneous pregnancy rate over the 12 months after surgery,3,48.0,10.0,0.7201135566175619,0.6168124230011911,0.9999227544171513
CD005133_pub4,1,All symptomatic CMV disease,19,826.0,93.0,1.0707656823423926,0.06728099186826834,0.05154546871247634
CD005133_pub4,2,Death (any cause),13,652.0,39.0,0.8373183902077274,0.1711479996427938,0.45919995185401474
CD005133_pub4,3,Adverse events,14,126.0,22.0,0.5084478365947834,1.5880024161419244,0.9137966471776499
CD005133_pub4,3,CMV infection,8,442.0,260.0,0.8869610396191294,1.1434387328517681,0.7968614309897241
CD005133_pub4,3,CMV organ involvement,5,105.0,3.0,2.5868196473766147e-14,2.9999999999996647,1.0
CD005133_pub4,4,Acute rejection,8,509.0,89.0,1.2327639658076754,0.04994383762884089,0.34120240172942284
CD005133_pub4,4,CMV-associated symptoms,5,105.0,6.0,2.4424906541753444e-15,5.999999999999941,1.0
CD005133_pub4,5,Acute rejection,3,92.0,19.0,0.8752412910769103,0.21508586066314622,0.026709244267642873
CD005133_pub4,5,Other infections,16,1041.0,188.0,1.0030414972972566,0.19418931985553417,0.00014408044822267208
CD005133_pub4,7,Graft loss,9,491.0,25.0,0.7294766858472774,0.2995136154445341,0.5140748228323087
CD005133_pub4,8,Adverse events,56,2804.0,469.0,1.8715032743515094,0.00021058267005318482,0.8614856235946243
CD005133_pub4,9,High-risk recipients: D+/R- serostatus,4,38.0,15.0,2.5478056164336413,0.0015633114050172382,0.9538886833552135
CD005133_pub4,10,Low-risk recipients: D+ or D-/R+ serostatus,4,132.0,50.0,1.2775685105781311,0.08163586811737927,0.0882648901122286
CD005187_pub6,1,Influenza,4,623.0,28.0,1.3905163656116342,0.003603708341029574,0.89324959710987
CD005187_pub6,2,Lower respiratory tract infection,4,652.0,28.0,1.339129571958412,0.00488653041027072,0.9164101290791974
CD005187_pub6,4,Deaths from influenza or its complications,3,1068.0,18.0,0.6304619103207073,0.24122899861276476,0.7863399898162364
CD005187_pub6,4,Deaths from lower respiratory tract infection ,3,2212.0,44.0,0.6148414966210023,0.42291119118216597,0.7754161309917678
CD005187_pub6,5,Death from any cause,10,6213.0,555.0,0.987059333110544,0.11670590854257094,0.02091202682727833
CD005343_pub7,6,Postoperative mortality,4,746.0,3.0,0.5242985859269376,0.10091197845655897,0.8410736685135214
CD005343_pub7,7,Surgically-related adverse effects (G3+),32,5056.0,356.0,1.387830138130158,0.0024803741329765096,0.2939800154341926
CD005343_pub7,8,Surgical resection,9,1599.0,136.0,1.0792935026901467,0.04549164404508514,0.0614270022269936
CD005495_pub5,7,Motor outcome at school age ,3,240.0,101.0,0.6190972861437292,3.414837139457857,0.9958833304042173
CD005495_pub5,7,Motor outcome at school age (low score on MABC),9,720.0,303.0,0.8560522642216836,1.1506563829002532,0.6861478379473418
CD005495_pub5,8,Rate of cerebral palsy,36,2412.0,183.0,0.9107756009423542,0.1559880503147412,0.7882877872015444
CD005566_pub4,1,Infectious complications,28,7385.0,760.0,1.4456919255136793,0.002219195315030884,0.8194888620983678
CD005566_pub4,1,Mortality,75,22494.0,675.0,0.9866964838887379,0.03229368325821487,0.005022020670727434
CD005566_pub4,1,"Mortality, including 'no major complications'",25,7498.0,225.0,0.9984242854487843,0.029658593279636606,5.710919961421368e-05
CD005566_pub4,2,Cardiac complications,75,22185.0,1689.0,0.8448068849534639,0.15684009855921477,0.19169170567226046
CD005566_pub4,2,"Cardiac complications, including 'no major complications'",25,7395.0,563.0,0.8060149846946791,0.15807312945414576,0.21767922746541335
CD005566_pub4,2,Gastrointestinal bleeding,6,6261.0,78.0,0.8536048155119976,0.03591448222401266,0.37551615699652685
CD005566_pub4,3,Atrial fibrillation,28,7231.0,1834.0,1.1194714836163884,0.08462964260677472,0.21095652452321678
CD005566_pub4,3,Pulmonary complications,54,20328.0,1389.0,1.0621774280486624,0.026517952479721336,0.08885792470166676
CD005566_pub4,3,"Pulmonary complications, including 'no major complications'",18,6776.0,463.0,1.0947692232124706,0.024224175346436217,0.1421714613719307
CD005566_pub4,4,Atrial fibrillation,84,21693.0,5502.0,1.056825672311245,0.13139119333017624,0.0717092245509463
CD005566_pub4,4,Re-thoracotomy,12,2830.0,201.0,1.0949030961813426,0.024950632949318315,0.10021598537664878
CD005566_pub4,5,Inotropic support,69,2862.0,762.0,1.1155750962073434,0.11297515428486417,0.19585414838906845
CD005566_pub4,5,Neurological complication (stroke),17,6763.0,134.0,0.9145257112131575,0.04505213235073792,0.17360695283943095
CD005566_pub4,6,Renal failure,13,6391.0,182.0,1.0347853091394494,0.018497012400503013,0.009925104615743807
CD005566_pub4,7,Inotropic support,23,954.0,254.0,1.0577418451497078,0.18601526824379516,0.03493205469280303
CD005582_pub5,3,Serious adverse events,6,376.0,6.0,1.1883794145916213,0.005846543424751214,0.7176140339779118
CD005582_pub5,4,Non-serious adverse events,6,376.0,55.0,1.9444929513637121,0.0005512979417155673,0.7476662470933269
CD005595_pub4,8,Pain after surgical fracture management (numbers with pain; all time points),5,91.0,30.0,0.9510456533608299,0.4833208862341258,0.02833755812092953
CD005595_pub4,10,Adverse events,33,1284.0,29.0,1.077861531090577,0.01689526000871644,0.030776208636523417
CD005595_pub4,11,Adverse events (after surgical fracture management),49,2682.0,145.0,0.8776045776179383,0.11682737278050234,0.2728836905076336
CD005595_pub4,12,Adverse events (after non-surgical fracture management),13,1356.0,23.0,0.9417126537688454,0.014127964850141606,0.013000288117049452
CD005595_pub4,12,Adverse events (during initial fracture management period after surgical treatment),25,656.0,17.0,0.3819556227173144,1.1929333758062903,0.9041835493793009
CD005595_pub4,13,Adverse events (after initial fracture management period after either surgical or non-surgical treatment),4,289.0,18.0,1.5963848405273722,0.002798186259816737,0.46320513101266314
CD005951_pub5,1,Death or dependence (mRS 4–6) at day 90,13,2448.0,1281.0,1.0325617179360413,0.4054481608794905,0.6463550785239922
CD005951_pub5,2,Intracerebral haemorrhage expansion by 24 hours,14,1671.0,448.0,0.9092089342085117,0.5296671635609668,0.5198417747629172
CD005951_pub5,3,All serious adverse events,8,1467.0,426.0,1.1084640303183764,0.13481094345982603,0.45042672099933256
CD005951_pub5,4,Thromboembolic adverse events,13,2525.0,160.0,0.9876033103326,0.07516494060628531,0.010794753839976967
CD005951_pub5,5,Death by day 90,9,1535.0,321.0,0.8517415456502582,0.5723860640273185,0.470788822212065
CD005951_pub5,5,Death from any cause by day 90,8,1048.0,194.0,1.2237978969943037,0.040953795815222516,0.8835203081108935
CD005951_pub5,6,Death or dependence (Extended Glasgow Outcome Scale (GOS-E) 1–4) at day 90,3,371.0,265.0,1.032534066165106,0.5934736746375079,0.9717038200709457
CD006023_pub4,1,Death (all causes),73,7872.0,563.0,1.223001791153284,0.013847320893629637,0.40604361262768784
CD006023_pub4,1,Death (all causes): age,18,2176.0,319.0,1.5591896872707367,0.002411200464774373,0.8729822206924394
CD006023_pub4,1,Death (all causes): random sequence generation and allocation concealment,19,2197.0,329.0,1.5566053111367086,0.0024795859776918006,0.8821102183259719
CD006023_pub4,2,Cardiovascular death,32,3910.0,206.0,1.5833678575647396,0.0006407587932124699,0.6573092446194952
CD006023_pub4,2,Cardiovascular death: random sequence generation and allocation concealment,13,1749.0,149.0,1.2848811737713597,0.011286788089684143,0.6322049918599308
CD006023_pub4,2,Death (all causes): CKD GFR category,19,2197.0,320.0,1.545731422469054,0.002631983687300056,0.8734952176358433
CD006023_pub4,2,Hypercalcaemia,4,229.0,9.0,0.3466327867568145,1.6978655178074678,0.9305393613298927
CD006023_pub4,2,Nausea,10,1090.0,132.0,1.1210327298967646,0.04750171091079533,0.3122216256579383
CD006023_pub4,3,Constipation,8,1088.0,85.0,0.6351521814327097,0.6720172023287365,0.7679922997323836
CD006023_pub4,3,Death (all causes): study duration,19,2197.0,320.0,1.560166851200298,0.0023597101432342427,0.8888945427905625
CD006023_pub4,3,Hypercalcaemia,32,2989.0,105.0,0.57076947399826,1.045964208182358,0.9149254516971533
CD006023_pub4,3,Nausea,9,1406.0,148.0,1.0566754399245348,0.06707497196865446,0.18893251209992712
CD006023_pub4,4,Cardiovascular death: age,11,1696.0,156.0,1.2684436095245735,0.014119509705875978,0.7588030548185679
CD006023_pub4,4,Constipation,12,1709.0,149.0,0.8749521361992066,0.24325307531353543,0.39883880395271665
CD006023_pub4,4,Hospitalisation,4,209.0,65.0,0.9778647351180076,0.3443907009063076,0.24741895263432656
CD006023_pub4,4,Nausea,18,1472.0,171.0,0.6397436772940281,1.5768556296145322,0.9315343803246663
CD006023_pub4,5,Cardiovascular death: CKD GFR category,13,1749.0,147.0,1.7102568524548496,0.0004969223946583261,0.8863182012123958
CD006023_pub4,5,Constipation,20,2549.0,111.0,0.8811511127985642,0.08402394766943509,0.023128260760345243
CD006023_pub4,5,Diarrhoea,6,788.0,68.0,1.0898013587321476,0.03603442904487032,0.1374456478441326
CD006023_pub4,6,Cardiovascular death: study duration,13,1749.0,147.0,1.7096518119000281,0.0004984362512954699,0.8858934887535389
CD006023_pub4,6,Kidney failure,4,209.0,13.0,0.8635947465561122,0.11509511708723785,0.19699301561373805
CD006023_pub4,6,Pruritus,3,265.0,5.0,1.2646166496050877,0.0044000207447247195,0.9261446054995877
CD006023_pub4,7,Diarrhoea,5,445.0,73.0,0.6339016144326572,1.4177355651875474,0.8884645393236325
CD006023_pub4,7,Fracture,3,638.0,3.0,0.1402229664276896,1.1655019549050563,0.9954212647632357
CD006023_pub4,7,Start dialysis,4,209.0,12.0,0.8096387088567116,0.13385674063833386,0.1694397500057354
CD006023_pub4,8,Abdominal pain,5,520.0,20.0,1.1743392803980746,0.011105745109212606,0.1881846976918562
CD006023_pub4,8,Myocardial infarction,9,335.0,4.0,2.280024645086052,7.3453891120432795e-06,0.8542589427227139
CD006023_pub4,8,Pruritus,4,702.0,82.0,1.4396789607149163,0.0063807506799086425,0.8832279037310877
CD006023_pub4,9,Diarrhoea,9,1382.0,290.0,1.2242206582520416,0.023905174743754525,0.20042628812610808
CD006023_pub4,9,Stroke,5,129.0,3.0,0.6018255701125356,0.1655369693769823,0.8882266009511055
CD006023_pub4,10,Hospitalisation,7,287.0,66.0,0.5123400633336577,3.3085726858111504,0.9206868662831433
CD006023_pub4,11,Fracture,6,1280.0,24.0,0.9001342855338375,0.04099269352630707,0.18984846067714567
CD006023_pub4,12,Pruritus,4,222.0,3.0,1.286057024214119,0.0033567247232920874,0.05848994940340502
CD006023_pub4,13,Abdominal pain,4,178.0,11.0,0.4710626216059305,0.9073996250471794,0.8424552030058909
CD006023_pub4,13,Vomiting,5,829.0,126.0,0.5477210846584515,3.151509219294955,0.9657861384813007
CD006023_pub4,14,Diarrhoea,3,156.0,19.0,0.39082920528674947,2.6569695543785237,0.9952445418362429
CD006023_pub4,14,Vomiting,3,137.0,17.0,0.695538753083375,0.5036334647696991,0.541017375225944
CD006023_pub4,15,Diarrhoea,6,744.0,85.0,0.7582666547925068,0.5798840081346845,0.5946339676178878
CD006023_pub4,16,Abdominal bloating,3,266.0,9.0,2.046147540680011,9.518903835885964e-05,0.9623563387293019
CD006023_pub4,16,Diarrhoea,4,187.0,15.0,0.37656380444842585,1.7970347890319422,0.9303211865175436
CD006023_pub4,17,Kidney failure,5,307.0,18.0,0.35281716032721944,1.6555582588753672,0.8042388733931998
CD006027_pub3,1,Need for rescue medication,7,481.0,134.0,1.0587900543110453,0.17663004634955937,0.06983497256656945
CD006027_pub3,2,Minor adverse events,4,266.0,58.0,1.6480858063389738,0.007863118873631336,0.29456089961718146
CD006027_pub3,2,Need for rescue medication,26,1192.0,219.0,0.8963979914279846,0.3747912993756626,0.7037417280651217
CD006027_pub3,3,Minor adverse events,11,651.0,300.0,1.7206995214177143,0.006657509368366206,0.7625802724923688
CD006027_pub3,4,Minor adverse events,9,496.0,84.0,0.9746558891524476,0.15295105858728222,0.005918649321193903
CD006124_pub3,1,Early graft loss,4,164.0,1.0,0.0,1.0,1.0
CD006124_pub3,2,Delayed graft function,6,343.0,15.0,1.3086494419949386,0.008681262108971815,0.1943295760838114
CD006124_pub3,3,Acute rejection,6,334.0,47.0,0.8229088102745191,0.4457530498922278,0.4343571623392838
CD006124_pub3,4,Perioperative complications,9,508.0,123.0,1.140480439946127,0.08469369725879994,0.25440648559816403
CD006124_pub3,4,Ureteric complications,6,373.0,15.0,1.1934338047988946,0.011644544544204648,0.08261135934502684
CD006124_pub3,5,Reoperations,9,419.0,4.0,0.8036179575103026,0.024823191436573095,0.11170480147024642
CD006124_pub3,6,One year graft loss,3,187.0,4.0,0.5626333499537806,0.20036312951881538,0.8305363418253023
CD006182_pub3,1,Laparotomy after 7 days of the primary procedure,3,90.0,43.0,1.8494030715439826,0.010413803365431863,0.9984627437001925
CD006182_pub3,1,Mortality or NDI at 18-24 months,3,308.0,216.0,0.9922174809153176,0.7436933919910931,0.008521223319578941
CD006182_pub3,1,Mortality within 28 days of the primary procedure,4,252.0,55.0,0.7785607794197634,0.7649334272355666,0.8391180511817341
CD006182_pub3,2,Abdominal abscess,4,252.0,7.0,1.2088375109796379,0.009646719037635313,0.2720406331863733
CD006182_pub3,2,Mortality within 90 days of the primary procedure,4,252.0,69.0,0.8509264627396593,0.6479707982487599,0.7420291088221129
CD006182_pub3,2,NDI at 18-24 months among surivors,3,212.0,120.0,0.98657148453141,0.6127162042812915,0.04801707830743418
CD006182_pub3,3,Intestinal fistula ,4,252.0,10.0,1.2471145497694185,0.012698563738860143,0.17863615578981407
CD006182_pub3,3,Moderate to severe CP among surviving infants,3,218.0,62.0,0.9641685629643083,0.3512977976421327,0.05164422276610647
CD006182_pub3,3,Need for TPN for more than 3 months after the primary procedure among survivors,3,54.0,19.0,0.3666379430196398,4.444137135675075,0.9852937469981146
CD006182_pub3,4,Intestinal stricture,4,252.0,14.0,1.3419824323991838,0.009565906539574945,0.33437367736390855
CD006182_pub3,6,Subsequent laparotomy during initial hospitalisation,4,252.0,125.0,1.334267786397693,0.08586596178361933,0.7036284282492826
CD006185_pub6,1,Different devices for regaining walking ability,47,1055.0,508.0,1.36400472767702,0.05213110447974437,0.6983804187803948
CD006185_pub6,1,"Independent walking at end of intervention phase, all electromechanical devices used",52,1119.0,532.0,1.3432517238718236,0.05742447982812249,0.6740812011903884
CD006185_pub6,1,"Independent walking at end of intervention phase, all electromechanical devices used (critical outcome)",51,1113.0,546.0,1.3592680175768246,0.05299960295115295,0.7173794350894559
CD006185_pub6,1,"Independent walking at end of intervention phase, all electromechanical devices used (primary outcome)",51,1113.0,546.0,1.3513263419673123,0.05598975074290629,0.6922155560719521
CD006185_pub6,1,Recovery of independent walking: ambulatory status at start of study,51,1118.0,543.0,1.313112444152439,0.07152639348348863,0.5813503210027958
CD006185_pub6,1,Regaining independent walking ability,133,3053.0,1561.0,1.4428669353898018,0.019521980540263266,0.8310339869183235
CD006185_pub6,2,Independent walking at follow-up after study end (critical outcome),8,286.0,198.0,0.9846975709370096,0.7914117537364775,0.027617999549704564
CD006185_pub6,7,"Lost to study during intervention phase, dropouts",101,2207.0,203.0,1.3183971339009344,0.008560421236326197,0.40788218673915944
CD006185_pub6,8,Death from all causes until end of intervention phase,101,2207.0,4.0,0.6531573099422308,0.03369197474884672,0.47792562462156585
CD006257_pub2,1,Death: any cause,74,9924.0,861.0,1.3299173664365498,0.005511025718416231,0.7266300990388995
CD006257_pub2,1,Micro- to macroalbuminuria,3,142.0,10.0,0.964674778479577,0.08338481517189753,0.936003606626698
CD006257_pub2,1,Type of diabetes,43,4884.0,496.0,1.2309679848010688,0.014288084030826107,0.6949744324304845
CD006257_pub2,2,Cardiovascular death,5,761.0,8.0,-1.2789769243681803e-13,8.000000000006475,1.0
CD006257_pub2,2,Micro- to macroalbuminuria,3,128.0,12.0,0.6589100242122441,0.5105615469379847,0.8727514202945003
CD006257_pub2,2,Micro- to normoalbuminuria,3,142.0,40.0,0.5498614724929669,2.4519360589697703,0.9518731201357447
CD006257_pub2,2,Presence of hypertension,44,3694.0,293.0,0.928124981396372,0.12945406524819666,0.2658241653360679
CD006257_pub2,2,Withdrawn,12,3209.0,426.0,0.9968145839733651,0.1399813051802872,0.006456006916903068
CD006257_pub2,2,Withdrawn: any cause,12,1159.0,88.0,1.0755653459841148,0.05090638232990119,0.016244750040050215
CD006257_pub2,3,Cardiovascular death,49,5243.0,172.0,0.36027516173793106,7.972354340142233,0.9921356891082657
CD006257_pub2,3,Microalbuminuria versus macroalbuminuria,49,2493.0,347.0,1.1640841037878347,0.03851451213669054,0.4062205362165061
CD006257_pub2,4,Kidney failure,21,6885.0,423.0,0.980778405489216,0.056721386434651834,0.0023932091306656522
CD006257_pub2,5,Fatal or nonfatal myocardial infarction,16,4690.0,130.0,1.1091216021986225,0.010562206760766784,0.7844388640792684
CD006257_pub2,5,Hyperkalaemia,3,261.0,4.0,2.552402733613235e-13,3.9999999999944063,1.0
CD006257_pub2,6,Fatal or nonfatal stroke,14,4830.0,161.0,0.40758397336260255,4.949463329397115,0.971112364848312
CD006257_pub2,7,Doubling of serum creatinine,19,6842.0,601.0,0.9029453252693892,0.15911578485378874,0.1208816856400724
CD006257_pub2,8,Reduction in GFR,7,947.0,91.0,0.5913788277185859,1.0174356001299203,0.5348211924599169
CD006257_pub2,9,Micro- to macroalbuminuria,11,2099.0,160.0,1.881210518245629,0.00015830419599022563,0.710624629097489
CD006257_pub2,10,Micro- to macroalbuminuria,5,521.0,155.0,2.3435914365027144,7.67279474370556e-05,0.9812033633984827
CD006257_pub2,10,Micro- to normoalbuminuria,10,227.0,124.0,0.8275524988570552,1.276823062138033,0.5117452820860582
CD006257_pub2,11,Hyperkalaemia,14,2020.0,128.0,0.631948686536961,0.5818045098392183,0.6533695373607666
CD006257_pub2,11,Micro- to macroalbuminuria,19,1185.0,155.0,0.9722691307616441,0.15763403064868875,0.022609517166068183
CD006257_pub2,11,Micro- to normoalbuminuria,4,429.0,139.0,1.4131660641802029,0.02726171204991287,0.997678845409408
CD006257_pub2,12,Cough,8,1179.0,21.0,0.5640042935750196,0.3148408236347784,0.7047517928552414
CD006257_pub2,12,Hyperkalaemia,4,654.0,21.0,6.032586379490636,2.42775730171409e-16,0.6993028594343694
CD006257_pub2,12,Micro- to normoalbuminuria,17,1028.0,214.0,0.8274747091405973,0.6739416310043475,0.8064175976275455
CD006257_pub2,13,Cough,3,502.0,238.0,1.9631264564754956,0.001172061427382542,0.9983996100288058
CD006257_pub2,13,Hyperkalaemia,4,638.0,17.0,18.122215573387045,2.393201824204995e-50,0.9966190089184515
CD006257_pub2,14,Cough,10,3302.0,139.0,0.8761590009165302,0.11196365836827117,0.7372619627688601
CD006257_pub2,15,Headache,5,3114.0,10.0,2.625373644733779,4.904988796530812e-09,0.4193739057509619
CD006268_pub3,1,Cecal intubation,10,1129.0,1085.0,0.9877692628917465,1.0468860996773373,0.7730581755921495
CD006268_pub3,4,Patient satisfaction (dichotomous data),9,742.0,622.0,0.994662674800123,0.8001118771533481,0.001940105609894105
CD006268_pub3,6,Pain control (dichotomous outcome),5,429.0,408.0,1.157703165459402,0.39181375519771966,0.8801971130415429
CD006268_pub3,8,Hypoxia,24,2037.0,96.0,0.8283673674950658,0.14330036009825733,0.3127369117997396
CD006268_pub3,9,Apnea events,11,977.0,31.0,0.18648106602725578,5.183007404721144,0.9510567926089077
CD006268_pub3,10,Respiratory events requiring intervention,10,801.0,4.0,1.243783309720687,0.001148048149216511,0.06416529932240977
CD006268_pub3,11,Hypotension,21,1644.0,326.0,1.31490795745616,0.018126582833105274,0.5532618286729455
CD006268_pub3,12,Arrhythmias,19,1702.0,52.0,1.5139195530735243,0.000434447583259391,0.6130910912188922
CD006268_pub3,13,Colonic perforations,3,4350.0,7.0,9.427347791302054e-12,6.999999999450516,1.0
CD006268_pub3,14,Successful sedation (dichotomous),9,791.0,740.0,0.9916290360266538,1.0015935737894932,0.10123830104526332
CD006404_pub5,1,Serious adverse events,8,2481.0,14.0,1.3631151123268652,0.0003320346127659751,0.7979766345273109
CD006404_pub5,1,Total failure: day 28 (polymerase chain reaction-adjusted),15,3295.0,30.0,1.0062145616149745,0.007968836593191416,0.0001614347407966621
CD006404_pub5,2,Adverse events leading to withdrawal,6,2441.0,32.0,0.46844322432642893,0.8000444927690998,0.9373187638150322
CD006404_pub5,2,Total failure: day 42 (polymerase chain reaction-adjusted),14,2849.0,73.0,1.236483631616832,0.004579884038047694,0.16257960267440008
CD006404_pub5,3,"First treatment, alanine aminotransferase increase greater than five times the upper limit of normal",17,3785.0,41.0,1.111695696401415,0.00431911212011634,0.25630613294535465
CD006404_pub5,3,Total failure: day 28 (unadjusted),15,3319.0,106.0,1.3399643167311928,0.002004026619135337,0.28472609231958246
CD006404_pub5,4,"First treatment, aspartate aminotransferase increase greater than five times the upper limit of normal",17,3785.0,32.0,0.9137439939096326,0.01619397147904922,0.2604253504871764
CD006404_pub5,4,Total failure: day 42 (unadjusted),14,3157.0,436.0,1.158836299258741,0.03664463046414511,0.3725728324063754
CD006404_pub5,5,Early treatment failure,8,1941.0,2.0,-5.726530361016557e-13,2.0000000000084306,1.0
CD006404_pub5,5,"First treatment, alanine aminotransferase increase greater than five times the upper limit of normal",6,659.0,3.0,0.6567814179405476,0.03911384549750409,0.6995919852480905
CD006404_pub5,5,"First treatment, bilirubin increase greater than 2.5 times the upper limit of normal",16,3672.0,17.0,0.985117522874645,0.005627953271565708,0.004113353702599798
CD006404_pub5,6,"First treatment, aspartate aminotransferase increase greater than five times the upper limit of normal",6,659.0,1.0,0.0,1.0,1.0
CD006404_pub5,6,Serious adverse events,4,1390.0,5.0,1.0704976160349244,0.0021678111320469783,0.06991489338300405
CD006404_pub5,6,"Subsequent treatment(s), alanine aminotransferase increase greater than five times the upper limit of normal",10,823.0,9.0,1.25918884268865,0.002220004760982003,0.7977175449084517
CD006404_pub5,7,Adverse events leading to withdrawal,3,1305.0,27.0,0.7139447435633128,0.16249475259846777,0.9769441352484891
CD006404_pub5,7,"First treatment, bilirubin increase greater than 2.5 times the upper limit of normal",6,659.0,1.0,0.0,1.0,1.0
CD006404_pub5,7,"Subsequent treatment(s), aspartate aminotransferase increase greater than five times the upper limit of normal",10,823.0,11.0,1.5766436458407234,0.0003310436609643791,0.731579664158857
CD006404_pub5,8,"First treatment, alanine aminotransferase increase greater than five times the upper limit of normal",7,1975.0,20.0,1.4377818245109055,0.000362870865570509,0.4400507188424264
CD006404_pub5,8,"Subsequent treatment(s), alanine aminotransferase increase greater than five times the upper limit of normal",6,400.0,5.0,0.9507849223493032,0.017161835268355397,0.7007427730999297
CD006404_pub5,8,"Subsequent treatment(s), bilirubin increase greater than 2.5 times the upper limit of normal",10,823.0,8.0,1.1235475506630688,0.0032069550956086933,0.11244100168756055
CD006404_pub5,9,"First treatment, aspartate aminotransferase increase greater than five times the upper limit of normal",7,1975.0,21.0,1.2657279354270456,0.0014597104868862793,0.428236462736748
CD006404_pub5,9,"Sensitivity analysis: first treatment, alanine aminotransferase increase greater than five times the upper limit of normal",13,3263.0,39.0,1.3087524936167723,0.0011324485401670718,0.5914190729641084
CD006404_pub5,9,"Subsequent treatment(s), aspartate aminotransferase increase greater than five times the upper limit of normal",6,400.0,5.0,1.5951765910077373,0.0003853186587538934,0.7399846092621636
CD006404_pub5,10,"First treatment, bilirubin increase greater than 2.5 times the upper limit of normal",6,1862.0,9.0,0.7370211456020193,0.032888787910960636,0.4970821285714697
CD006404_pub5,10,Other adverse events,112,34356.0,2140.0,0.8727369881557908,0.21044408056261082,0.6022648054349309
CD006404_pub5,10,"Subsequent treatment(s), bilirubin increase greater than 2.5 times the upper limit of normal",6,400.0,4.0,1.4205849916892541,0.0007351191471020982,0.3736698918577078
CD006404_pub5,11,"Subsequent treatment(s), alanine aminotransferase increase greater than five times the upper limit of normal",4,423.0,4.0,1.3331260190580045,0.0014340825478305077,0.679541404782718
CD006404_pub5,12,Other adverse events (pregnant women),3,327.0,8.0,1.7966518953484147,0.00018828028286577307,0.6108229873921751
CD006404_pub5,12,"Subsequent treatment(s), aspartate aminotransferase increase greater than five times the upper limit of normal",4,423.0,6.0,1.7191151723441267,0.00021423107515009353,0.8571764832914462
CD006404_pub5,13,"Subsequent treatment(s), bilirubin increase greater than 2.5 times the upper limit of normal",4,423.0,4.0,1.082284706551802,0.0044812504629398835,0.036879687292948105
CD006404_pub5,14,Paediatric trials — total failure: day 28 (polymerase chain reaction-adjusted),3,511.0,17.0,1.2246425856293393,0.007514200732114765,0.1178346271694265
CD006404_pub5,16,Trials in children — total failure: day 28 (unadjusted),3,518.0,50.0,0.7878194548336402,0.36462278422535427,0.9905718115606243
CD006475_pub3,1,Asthma by 10 years of age,6,841.0,127.0,1.0018226709028557,0.1439650731850588,0.0017671909714516154
CD006475_pub3,1,Asthma by 2 years of age,4,474.0,43.0,1.1432945399997172,0.03163772987209794,0.1630347654028389
CD006475_pub3,1,Eczema by 2 years of age,3,609.0,156.0,1.0066746279061551,0.24236744894403803,0.0006222703569875865
CD006475_pub3,2,Eczema by 10 years of age,9,1520.0,558.0,0.964032227117309,0.4981204157698483,0.7802939156332968
CD006475_pub3,2,Eczema by 2 years of age,18,1819.0,524.0,1.0062611272115554,0.25365955384564465,0.0021088229835326544
CD006475_pub3,3,Allergic rhinitis by 10 years of age,7,925.0,162.0,0.9835223299586162,0.2074508060580122,0.09025046343833298
CD006475_pub3,3,Allergic rhinitis by 2 years ,5,518.0,15.0,1.5322664710564144,0.0007868586291411901,0.7248281843105165
CD006475_pub3,3,Sensitivity analysis: eczema by 2 years of age by definition of allergic disease,4,1068.0,213.0,0.6190156139262608,2.663675928290148,0.8957126665848528
CD006475_pub3,4,Food allergy by 2 years,3,412.0,40.0,0.7092628740817076,0.596273195297692,0.9048061858759469
CD006475_pub3,4,Sensitivity analysis: eczema by 10 years of age by definition of allergic disease,12,2121.0,702.0,0.9173737678856952,0.6179544946919362,0.7693924573870072
CD006475_pub3,4,Subgroup analysis: eczema by 2 years of age by risk of allergy,3,609.0,156.0,1.0066746279061551,0.24236744894403803,0.0006222703569875865
CD006475_pub3,5,Cow's milk protein allergy by 2 years,4,131.0,17.0,4.114328318920064,4.386897206001518e-08,0.49533620061676475
CD006475_pub3,5,Subgroup analysis: eczema by 2 years of age by synbiotic type,3,609.0,156.0,1.0066746279061551,0.24236744894403803,0.0006222703569875865
CD006475_pub3,6,Sensitivity analysis: eczema by 2 years by definition of allergic disease,27,2808.0,647.0,0.9370496858331528,0.3586973533202746,0.22062298697730232
CD006475_pub3,6,Subgroup analysis: eczema by 2 years of age by period of supplementation,3,609.0,156.0,1.0066746279061551,0.24236744894403803,0.0006222703569875865
CD006475_pub3,7,Sensitivity analysis: eczema by 2 years by risk of bias,4,527.0,119.0,0.7305203347115625,1.255360114495491,0.9762587670801233
CD006475_pub3,7,Subgroup analysis: eczema by 10 years of age by risk of allergy,8,1075.0,383.0,0.9432266161944466,0.5517782913381629,0.7623398661866367
CD006475_pub3,8,Subgroup analysis: eczema by 10 years of age by method of feeding,6,704.0,264.0,0.9632617082381972,0.5003470558852184,0.615938651556032
CD006475_pub3,8,Subgroup analysis: eczema by 2 years by risk of allergy,19,1874.0,530.0,0.9401204209766678,0.3882439092270418,0.1921006400779346
CD006475_pub3,9,Subgroup analysis: eczema by 10 years of age by probiotic type,8,920.0,310.0,0.9061215233816499,0.6532072219050407,0.837769119710932
CD006475_pub3,9,Subgroup analysis: eczema by 2 years by method of feeding,17,1556.0,458.0,1.024443036340895,0.22537301762387155,0.037290701512417535
CD006475_pub3,10,Subgroup analysis: eczema by 10 years of age by period of supplementation,7,852.0,280.0,0.8997658921861695,0.6757130963242911,0.8015105553277948
CD006475_pub3,10,Subgroup analysis: eczema by 2 years by probiotic type,19,1695.0,496.0,1.0216597004296608,0.23079790409321937,0.025770170206392273
CD006475_pub3,11,Subgroup analysis: eczema by 2 years by period of supplementation,19,1852.0,533.0,1.0152487639464147,0.23270216427970575,0.017080378880469205
CD006515_pub2,4,Change of dialysis modality,4,116.0,12.0,0.42068024717477903,1.7268940027473894,0.9471319194452021
CD006515_pub2,9,Other infectious complications,4,106.0,15.0,0.20758529952454174,5.47412231992864,0.9875511402716309
CD006515_pub2,10,Mechanical complications,5,147.0,6.0,0.4864055752489167,0.4387577519312761,0.714026241262798
CD006536_pub5,1,All-cause mortality,140,6871.0,217.0,0.7611758330996816,0.27620241251834377,0.734475746669869
CD006536_pub5,1,All-cause mortality (< 12 months),91,4782.0,92.0,1.1236233300508995,0.007806086541231343,0.6662014162143975
CD006536_pub5,1,All-cause mortality (random sequence generation),25,1466.0,41.0,0.9587123854019036,0.036732362127126106,0.07090353264043059
CD006536_pub5,2,All-cause mortality (allocation concealment),13,901.0,24.0,1.3121504632298318,0.004211996293988493,0.4800670198502677
CD006536_pub5,2,All-cause mortality (≥ 12 months),93,4038.0,195.0,0.718656544958028,0.5683417263104893,0.6180326544329271
CD006536_pub5,2,Cardiovascular mortality,46,2217.0,64.0,0.562331937694622,0.9197100957667754,0.9043937963610864
CD006536_pub5,3,"Composite measure of death, reinfarction, re-hospitalisation for heart failure",9,460.0,29.0,1.8278979655847487,0.0004809460620353514,0.7801564727578145
CD006536_pub5,4,Incidence of reinfarction,40,2038.0,58.0,0.7842318278915578,0.1380465718434516,0.5529113199833351
CD006536_pub5,5,Incidence of re-hospitalisation for heart failure,30,1572.0,55.0,1.274926582759016,0.004635890240205557,0.6515405176570487
CD006536_pub5,6,Incidence of arrhythmias,16,771.0,50.0,0.6845981369812253,0.4402656532575724,0.8442353810320736
CD006536_pub5,7,Incidence of restenosis,14,566.0,52.0,1.156907276540757,0.02925837699977993,0.15158557721387933
CD006536_pub5,8,Incidence of target vessel revascularisation,15,951.0,121.0,1.0668024032378247,0.09624487892525373,0.17287450414766592
CD006589_pub5,1,Clinical malaria,3,367.0,81.0,1.4800898156965763,0.012737670918774882,0.9650681767398237
CD006589_pub5,2,All-cause mortality,3,367.0,15.0,0.5257741213553304,0.6250150103023072,0.5977867522446472
CD006589_pub5,5,All-cause mortality,23,4511.0,45.0,0.5324301580587804,0.5846233274275494,0.7891405069590591
CD006589_pub5,5,Anaemia,3,360.0,68.0,1.536163799486546,0.008711777521217606,0.580198940951856
CD006589_pub5,6,"Anaemia, end of treatment",3,324.0,23.0,0.2680679274926796,5.142574348798958,0.9838754864232032
CD006589_pub5,11,"Malaria parasitaemia, end of follow-up",7,981.0,350.0,0.7741882182460447,1.8831754707204504,0.734081936589696
CD006589_pub5,15,"Anaemia, end of treatment",20,2826.0,1261.0,1.0268793549422608,0.4375270049960449,0.01858250794147631
CD006606_pub5,7,"Clinical pregnancy – all studies (odds ratio, random-effects)",4,406.0,174.0,1.0212178705505566,0.40922480614198103,0.11987126223369715
CD006606_pub5,8,"Clinical pregnancy – all studies (risk ratio, random-effects)",4,406.0,174.0,1.0212178705505566,0.40922480614198103,0.11987126223369715
CD006680_pub4,1,6 month primary patency&nbsp;,4,110.0,65.0,1.1872472618143544,0.20399509183767414,0.16387630360006367
CD006680_pub4,1,6-month primary vessel patency,6,163.0,97.0,1.2166922511414302,0.1804525974518371,0.3288821472589193
CD006680_pub4,2,12 month primary patency,3,121.0,92.0,1.1756746355471388,0.3337095572048911,0.9364651080774984
CD006680_pub4,2,12-month primary vessel patency,5,168.0,120.0,1.084080096764763,0.4794174236541358,0.45785559824521804
CD006680_pub4,3,All cause mortality,10,366.0,12.0,0.7455655396337946,0.13016805884524862,0.6341001876419585
CD006680_pub4,5,Initial technical failure rates,9,324.0,40.0,0.7857504287413305,0.3464191472528574,0.6119376843912789
CD006680_pub4,5,Initial technical failure rates&nbsp;,6,226.0,31.0,0.7992406576416933,0.3657400973962405,0.8356837349090812
CD006680_pub4,6,Bailout stenting,9,339.0,20.0,0.4050447932577381,1.8323902953218305,0.9648576418200674
CD006680_pub4,8,Target vessel revascularisation at 6 months,8,295.0,9.0,1.0118693739341282,0.0312715312229151,0.004584388271636208
CD006680_pub4,9,Target vessel revascularisation at 12 months,9,299.0,24.0,0.8896329668024295,0.14506556433882434,0.3371438992230885
CD006680_pub4,10,Complication rate,11,387.0,63.0,0.8876590244006417,0.3233028330167829,0.3171988407933467
CD006680_pub4,11,Embolisation,15,539.0,18.0,0.5351230324366272,0.6722758444033241,0.9356239999771953
CD006680_pub4,12,Dissections,12,456.0,58.0,1.2736441990193157,0.01757463335146746,0.512301738462143
CD006689_pub3,1,Maternal peripheral parasitaemia at delivery (amplification techniques),8,1907.0,47.0,0.7573161686511917,0.17006563842903988,0.8111015465664037
CD006689_pub3,1,Maternal peripheral parasitaemia at delivery (blood smear),4,487.0,27.0,0.567820721352911,0.6922171099141586,0.7442218267479609
CD006689_pub3,1,Maternal peripheral parasitaemia at delivery (polymerase chain reaction),3,539.0,18.0,0.7923403602818528,0.12429484454043507,0.998049583781287
CD006689_pub3,2,Maternal peripheral parasitaemia at delivery (microscopy),6,1596.0,16.0,1.021434939403542,0.00828414023184871,0.01130778299455748
CD006689_pub3,3,Maternal anaemia at delivery (< 11 g/dL),3,1194.0,549.0,1.174905141280292,0.13618692002299718,0.8873370986676908
CD006689_pub3,3,Placental malaria (blood smear),5,932.0,35.0,0.6231493615022963,0.48288057863679684,0.9364018227830695
CD006689_pub3,4,Placental malaria (any test),8,2122.0,165.0,1.6689734146586943,0.0005091514628121945,0.9039676490706756
CD006689_pub3,5,Placental malaria (histopathologic analysis),3,784.0,64.0,1.1972439312811913,0.026099800617959915,0.5234431746247218
CD006689_pub3,6,Low birth weight (< 2500 g),3,370.0,57.0,0.6912880550586333,0.9397881290221147,0.9870721232622005
CD006689_pub3,7,Low birth weight (< 2500 g),4,319.0,50.0,0.9100562198252599,0.28311997800471783,0.2749951752215627
CD006689_pub3,7,Placental malaria (histopathologic analysis),3,784.0,64.0,1.1972439312811913,0.026099800617959915,0.5234431746247218
CD006689_pub3,9,Prematurity,3,358.0,111.0,0.129695490175878,51.28683459748951,0.9985889600766918
CD006689_pub3,10,Low birth weight (< 2500 g),3,835.0,100.0,0.9979738827785086,0.11023037651826875,0.0004086487240193559
CD006689_pub3,11,Maternal severe anaemia at delivery (< 7 g/dL),4,1290.0,33.0,1.4031932080986864,0.0015260542278703459,0.7724353699710013
CD006689_pub3,11,Prematurity,5,610.0,53.0,0.6171228547733272,1.0166660465430064,0.9334085146120977
CD006689_pub3,12,Low birth weight (less than 2500 g),5,1443.0,185.0,0.7972638633209723,0.5227882087843139,0.9504262878664169
CD006689_pub3,12,SAEs during pregnancy,3,211.0,32.0,0.20323857476994378,10.692608711811474,0.9904382370480882
CD006689_pub3,14,Cord blood parasitaemia (blood smear),5,1352.0,1.0,0.0,1.0,1.0
CD006689_pub3,14,Prematurity ,3,778.0,43.0,0.7328739330632247,0.35421421267353126,0.9119991285643472
CD006689_pub3,14,Stillbirth,3,206.0,6.0,0.7374603698287906,0.12008935689753253,0.7327240580176969
CD006689_pub3,16,Foetal loss,3,796.0,30.0,1.1079589448219398,0.01822333865328115,0.9971989002636149
CD006689_pub3,16,Prematurity,5,1187.0,73.0,0.7042215907535077,0.5022736410656482,0.885929837430397
CD006689_pub3,17,Adverse events: headache,3,736.0,39.0,2.3271751781539773,9.24920030148433e-06,0.9915482136273694
CD006689_pub3,17,Congenital malformations ,3,788.0,16.0,0.6723680347590107,0.18589479853748953,0.9917161563437887
CD006689_pub3,17,Neonatal mortality,3,201.0,3.0,0.7961041934737356,0.042436989804583894,0.29676977619697675
CD006689_pub3,17,Severe adverse events during pregnancy,4,1388.0,108.0,1.0938454718079942,0.040100168108832,0.4746497842671634
CD006689_pub3,18,Adverse events: vomiting,3,736.0,200.0,0.842061447051589,0.7511905023325121,0.9666735079638696
CD006689_pub3,18,Foetal loss,5,1465.0,62.0,0.6974924546081098,0.35954365097293056,0.9647929304458467
CD006689_pub3,19,Adverse events: dizziness,3,736.0,231.0,0.9155624529672053,0.5421364022705745,0.9791936972433639
CD006689_pub3,19,Congenital malformations,5,1439.0,22.0,1.3780937146428258,0.0009978607486052437,0.8612181684177875
CD006689_pub3,20,Adverse events: fatigue/weakness,3,736.0,54.0,0.29387846680429486,6.88333447666859,0.9639999876260958
CD006689_pub3,20,Maternal mortality,4,1388.0,5.0,0.7443437825623809,0.024458399606781003,0.9313271654850231
CD006689_pub3,21,Neonatal mortality,4,1341.0,25.0,0.800818474053798,0.08560076098112895,0.8047104909302469
CD006714_pub3,1,Abortion completed with intended method (defined as fetal expulsion),3,133.0,132.0,1.043246290584881,0.8109310476815865,0.9655730185319322
CD006714_pub3,2,Incomplete abortion requiring an additional procedure or intervention (immediate or delayed),3,133.0,4.0,0.4764917984718019,0.3327345515306984,0.9376266912789586
CD006742_pub3,1,All-Cause Mortality,5,4593.0,83.0,1.6258953440823583,9.538365252328392e-05,0.9018232534759235
CD006742_pub3,2,Total cardiovascular events,4,3635.0,85.0,1.1975039433334957,0.004600016891760528,0.9993683256603738
CD006742_pub3,3,Stroke,4,3635.0,10.0,-2.822853062411923e-11,10.000000002308303,1.0
CD006742_pub3,4,Coronary Heart Disease,3,3523.0,71.0,1.1276119450124127,0.007110920695937901,0.9999886630205225
CD006742_pub4,1,All-Cause Mortality,5,4593.0,83.0,1.6258953440823583,9.538365252328392e-05,0.9018232534759235
CD006742_pub4,2,Total cardiovascular events,4,3635.0,85.0,1.1975039433334957,0.004600016891760528,0.9993683256603738
CD006742_pub4,3,Stroke,4,3635.0,10.0,-2.822853062411923e-11,10.000000002308303,1.0
CD006742_pub4,4,Coronary Heart Disease,3,3523.0,71.0,1.1276119450124127,0.007110920695937901,0.9999886630205225
CD006839_pub5,1,Proportion of participants with clinical improvement in function compared to baseline,5,180.0,133.0,1.0908401172002486,0.4561338369918873,0.7897242644756903
CD006839_pub5,3,Proportion of participants with deep/superficial wound infections,3,131.0,5.0,1.4893404178073288,0.003211691103351808,0.6041686373278947
CD006913_pub3,5,Failure to induce and maintain remission (short-term) (ITT) - relaxation techniques vs care-as-usual,4,159.0,42.0,0.9729600430233494,0.33523103909035573,0.012189622650982557
CD006913_pub3,5,Failure to induce or maintain remission (short-term) - psychotherapy vs care-as-usual (ITT),5,251.0,99.0,1.2488371777919471,0.1119017168376972,0.6708906092190265
CD006913_pub3,6,"Failure to induce or maintain remission (short-term) (PP, sensitivity analysis) - relaxation techniques vs. care-as-usual",4,147.0,30.0,0.7251925001773074,0.8473261851769852,0.8158416422583079
CD006913_pub3,6,"Failure to induce or maintain remission (short-term) - psychotherapy vs care-as-usual (PP, sensitivity analysis)",5,198.0,46.0,0.8953740922480798,0.4341139033571509,0.42767115892881324
CD006913_pub3,7,Failure to induce or maintain remission (long-term) (ITT) - educational intervention vs care-as-usual,4,505.0,383.0,0.784563712336459,2.857035075618537,0.947129350618582
CD006913_pub3,7,Failure to induce or maintain remission (long-term) (ITT) - relaxation techniques vs care-as-usual,5,227.0,139.0,1.4894936177447007,0.04929845319878357,0.8692590693719294
CD006913_pub3,7,Failure to induce or maintain remission (long-term) - psychotherapy vs care-asusual  (ITT),6,319.0,200.0,1.4087771487925642,0.07043604322603063,0.7903183468545443
CD006913_pub3,8,"Failure to induce or maintain remission (long-term) (PP, sensitivity analysis) - educational intervention vs care-as-usual",4,305.0,183.0,0.8175283160040256,1.648309180949108,0.8462494842738553
CD006913_pub3,8,"Failure to induce or maintain remission (long-term) (PP, sensitivity analysis) - relaxation techniques vs care-as-usual",5,183.0,95.0,1.5814830570494607,0.0296079275988707,0.8480200049608237
CD006913_pub3,8,"Failure to induce or maintain remission (long-term) - psychotherapy vs care-as-usual (PP, sensitivity analysis)",6,225.0,106.0,1.4687747528699107,0.047644091360801534,0.7062736140355166
CD006913_pub3,11,"Number of patients completing program - psychotherapy vs any control, all populations",29,1410.0,1036.0,0.9352881060778585,1.1326090778507278,0.48668300698492695
CD006913_pub3,12,"Number of patients completing program  - relaxation techniques vs any type of control, all populations",19,722.0,599.0,0.9921227401604188,0.8723924776287334,0.159811231843639
CD006913_pub3,13,Number of patients completing program,26,2260.0,1858.0,1.0361849027279826,0.5880965786171243,0.09241519546950583
CD006919_pub5,1,Live birth and ongoing pregnancies,4,307.0,84.0,1.217868123250893,0.07171108740020055,0.573669472000131
CD006919_pub5,1,Live birth/ongoing pregnancies primary analysis,5,192.0,37.0,1.119201963170524,0.11652631963189894,0.31153109845421956
CD006919_pub5,2,Clinical pregnancies,9,644.0,199.0,1.2432729069729993,0.059065394552672075,0.9310339634234182
CD006919_pub5,2,Live birth/ongoing pregnancies all studies,12,488.0,103.0,1.0898840704632144,0.12045392843582672,0.524588435921532
CD006919_pub5,3,Clinical pregnancies,7,337.0,99.0,1.0338949375577107,0.19844174181927318,0.014514827687511667
CD006919_pub5,3,Clinical pregnancies primary analysis,8,279.0,65.0,1.2704745839971099,0.05731958827819407,0.9352811968504846
CD006919_pub5,4,Clinical pregnancies all studies,19,799.0,202.0,1.0614803043711445,0.16158468242412127,0.4305437038010341
CD006919_pub5,5,Cycle cancellation,4,330.0,18.0,0.4631348854173657,1.2884913769927828,0.9633708566636002
CD006919_pub5,6,Cycle cancellation,5,247.0,13.0,0.2813609405944508,2.7963449850568405,0.9954463025879253
CD006919_pub5,7,Cycle cancellation,15,635.0,42.0,0.8246914105982268,0.21362342139671026,0.40784654216911864
CD006942_pub4,1,Live birth or ongoing pregnancy rate per couple,17,1855.0,323.0,1.1078432606868427,0.08362993591865428,0.22883477373744454
CD006942_pub4,2,Clinical pregnancy per couple,6,669.0,143.0,0.8695415336545687,0.34834684755231715,0.17243140895665465
CD006982_pub5,3,Retinopathy of prematurity (any stage),3,167.0,98.0,1.4440501427170758,0.05755829262009527,0.8661636252244862
CD006982_pub5,4,Retinopathy of prematurity (stage ≥ 3),4,239.0,28.0,1.3924974935143382,0.016159483045172226,0.6405209609692459
CD007024_pub3,3,Continuous abstinence,6,202.0,61.0,0.6708215567386762,1.760309318945362,0.8485803942369827
CD007024_pub3,3,Dropout for any reason (according to the presence of comorbid alcohol dependence),13,373.0,103.0,1.0092883408261624,0.29307132025041577,0.01567577214392102
CD007024_pub3,4,Dropout for any reason (according to the presence of opioid dependence in opioid agonist treatment),12,413.0,143.0,1.0303510366684854,0.2684176090681557,0.17733550662558129
CD007024_pub3,4,Point abstinence,3,74.0,34.0,1.364708679096618,0.08875235250243492,0.801304736275237
CD007024_pub3,5,Dropout for any reason,14,464.0,151.0,1.0346088846614918,0.2635517922246489,0.2617845308034652
CD007024_pub3,5,Individual adverse events,12,636.0,197.0,0.6924832555280418,2.4827476693194193,0.901583051655091
CD007024_pub3,8,Individual adverse events,18,868.0,240.0,0.9584538884732705,0.40607746953249346,0.11961288205959175
CD007026_pub7,1,All-cause death,7,922.0,53.0,0.5762781214773761,0.9829830956642078,0.9714703134195146
CD007026_pub7,1,All-cause death. Sensitivity 1. Best-case,7,922.0,53.0,0.579083403371488,0.9939359976318204,0.9823123867232002
CD007026_pub7,2,All-cause death. Sensitivity 2. Worst-case,7,922.0,135.0,0.8676042343562913,0.3801009210334388,0.6210346003856282
CD007026_pub7,2,Non-death attrition,7,922.0,80.0,1.7271817759814212,0.00043795532966164506,0.4238484572908363
CD007026_pub7,3,All-cause death. Sensitivity 3. Complete case (missing data excluded),7,840.0,53.0,0.5966573967351584,0.9427650889434606,0.9802305674874797
CD007026_pub7,3,Total number of people with SAEs,3,667.0,58.0,1.0278121920981842,0.06793876483506368,0.19975290944176993
CD007026_pub7,4,All-cause death. Sensitivity 4. Risk of bias,7,922.0,53.0,0.579083403371488,0.9939359976318204,0.9823123867232002
CD007026_pub7,4,Total number of people with fatal SAEs,3,667.0,38.0,0.8534029780454702,0.1455901165263168,0.9925496784567847
CD007026_pub7,6,Total number of people with adverse events,5,875.0,339.0,1.3946674296607806,0.025142782766801684,0.8430166604078699
CD007079_pub4,1,Adverse effects of calcium supplementation – maternal cholestatic jaundice,3,4433.0,776.0,1.0286241410184394,0.08992776586731506,0.008769886205351018
CD007079_pub4,1,Low birthweight (< 2500 g),6,7089.0,808.0,1.106877926893557,0.03592127601530398,0.6310705452677553
CD007079_pub4,1,Preterm birth < 37 weeks' gestation,11,7694.0,741.0,1.1728619332656154,0.02241949313167845,0.7996515441328047
CD007079_pub4,2,Low birthweight (< 2500 g) by starting time of taking calcium,6,7089.0,808.0,1.106877926893557,0.03592127601530398,0.6310705452677553
CD007079_pub4,2,Preterm birth < 37 weeks' gestation by dose of calcium,11,7694.0,741.0,1.1728619332656154,0.02241949313167845,0.7996515441328047
CD007079_pub4,2,Urinary stones,3,6703.0,11.0,0.1643380117062182,2.2907215185043777,0.9881741440072992
CD007079_pub4,3,Low birthweight (< 2500 g) by type of calcium,6,7089.0,808.0,1.106877926893557,0.03592127601530398,0.6310705452677553
CD007079_pub4,3,Preterm birth < 37 weeks' gestation by started to take calcium,11,7664.0,736.0,1.1723785972417429,0.022488032008561087,0.7973604248397747
CD007079_pub4,4,Preterm birth < 37 weeks' gestation by type of calcium,11,7694.0,741.0,1.1728619332656154,0.02241949313167845,0.7996515441328047
CD007079_pub4,4,Stillbirth or fetal death,5,7306.0,137.0,1.9538253862995494,3.961829406726736e-06,0.9974888895825897
CD007079_pub4,5,Perinatal mortality,7,7540.0,179.0,1.2581803568417937,0.001980518954281998,0.6575574761524452
CD007079_pub4,5,Preterm birth < 34 weeks' gestation,3,2795.0,106.0,0.5037033682334626,1.942845734655307,0.9939801355479785
CD007079_pub4,6,Admission to neonatal intensive care unit,4,7019.0,537.0,0.8475848161864408,0.3594729419606726,0.4425063129409791
CD007079_pub4,10,Intrauterine growth restriction,5,529.0,34.0,1.3720784516096194,0.00738935698673122,0.5289072170928123
CD007079_pub4,15,Mode of birth: vaginal birth,7,3437.0,2827.0,0.995883847650778,0.8767020961379899,0.03430242122970795
CD007079_pub4,17,Mode of birth: caesarean section,8,3710.0,580.0,1.010052389277696,0.1334425136798836,0.009334080110182219
CD007130_pub5,1,Total mortality,14,841.0,24.0,0.5439989898731803,0.6477372458083187,0.9032573752222524
CD007130_pub5,4,Completers,26,1301.0,1128.0,1.0148671274056253,0.8158963415262542,0.20829585872914758
CD007130_pub5,11,Smoking 3 to 12 months,6,526.0,110.0,1.3181098534268627,0.02426552072577666,0.7154574089284329
CD007131_pub5,1,Enrolment,31,4218.0,2336.0,1.0545104299089811,0.3508865956395486,0.22871237486192608
CD007131_pub5,3,Completion,23,3249.0,1375.0,0.8584600619613827,1.370918804751428,0.549393226998699
CD007131_pub5,4,SAEs,6,365.0,19.0,0.7687836582483742,0.19233235866032894,0.4607719469316657
CD007156_pub3,3,Difficulty in speech,3,173.0,29.0,0.9888243201591658,0.17744889274078599,0.9816217358972662
CD007156_pub3,4,Difficulty in swallowing,4,223.0,30.0,0.46686951254025855,2.5341529905603215,0.9790338908184204
CD007310_pub3,3,Need for additional dilation,10,517.0,233.0,0.6992373489734502,2.2887629163421743,0.6715147791863227
CD007310_pub3,4,Ability to complete procedure,4,183.0,183.0,1.0,1.0,0.0
CD007310_pub3,4,Ability to complete procedure (number completed on first attempt),4,281.0,277.0,1.0052320145437357,0.9604063667111687,0.5170821606800813
CD007310_pub3,5,Complications,4,386.0,4.0,1.0193016839218256,0.009092417428565227,0.40817601546721527
CD007310_pub3,5,Need for additional dilation,6,712.0,188.0,0.938662647943086,0.42046020741815127,0.17210271699725022
CD007310_pub3,6,Nausea,3,102.0,10.0,1.4149042252931512,0.012602716716206835,0.6108229873921742
CD007310_pub3,6,Side effects: nausea,4,198.0,30.0,1.5193774295581195,0.009973654083810667,0.9193537337622303
CD007310_pub3,7,Adverse events,3,932.0,18.0,3.920860497756015,4.296949366819822e-11,0.9983634428932611
CD007310_pub3,7,Adverse events: cervical tear requiring suturing,3,211.0,15.0,0.10897830814916964,7.847051594390001,0.9694722999394231
CD007310_pub3,7,Side effects: vomiting,4,198.0,19.0,1.2355051812666615,0.025066084543547515,0.3021943365660643
CD007310_pub3,7,Vomiting,3,102.0,11.0,1.2076813997991256,0.04409707428460022,0.6115680084735089
CD007310_pub3,8,Side effects: diarrhea,3,157.0,21.0,1.3155430723005763,0.031597027171635594,0.6068756164337742
CD007310_pub3,8,Side effects: nausea/vomiting,4,306.0,95.0,1.1799215695583103,0.11453977076037129,0.922616826782886
CD007310_pub3,9,Complications,3,102.0,10.0,0.9778941783894007,0.07945843248982143,0.000801400501774352
CD007310_pub3,9,Patient acceptability and/or satisfaction,5,175.0,171.0,0.98432541983148,1.0478594957246306,0.4687542444654217
CD007310_pub3,9,Side effects: diarrhea,4,306.0,10.0,0.19402637581197624,3.3755034851208707,0.9900573113916021
CD007310_pub3,9,Side effects: fever/chills,4,198.0,37.0,0.5135033245782226,2.6091703429041755,0.9596041863338158
CD007310_pub3,10,Complications,5,279.0,2.0,0.6290330022201602,0.055540291386134276,0.4920263626984127
CD007310_pub3,10,Side effects: chills,6,506.0,160.0,0.7799221724085217,1.2656094544926189,0.5918041343495353
CD007310_pub3,11,Complications,7,688.0,11.0,0.9263596624590534,0.02862323570054361,0.10145299978772981
CD007310_pub3,12,Pain experienced by participants between initiation of cervical preparation method and abortion procedure,4,171.0,66.0,0.9286550790892947,0.5006097488345884,0.21890182355682264
CD007310_pub3,14,Pain experienced by participants between initiation of cervical preparation method and abortion procedure,4,311.0,109.0,0.6566920104988216,2.407721337838797,0.8229009379690624
CD007310_pub3,16,Provider assessment of the procedure as very difficult,3,269.0,44.0,0.5630848306506279,1.8633573747583136,0.9970936377572469
CD007374_pub3,1,Death,7,403.0,12.0,0.7990215411979475,0.10663737901521572,0.9060807401027602
CD007374_pub3,5,Glycaemic events,3,150.0,51.0,0.06356180644363929,36.8467695213103,0.9995283068303823
CD007374_pub3,11,Patient-oriented measures: self-management behaviour changes at the end of treatment,7,278.0,150.0,0.9532766256729815,0.7071440746721739,0.6753832363957013
CD007374_pub3,18,Non-fatal cardiovascular events,6,429.0,18.0,1.4397242371086794,0.0022582910639100803,0.3208671810045617
CD007388_pub3,1,Eclampsia,10,1273.0,10.0,1.1165295438277554,0.0038568588138182093,0.03562030606430966
CD007388_pub3,1,Recurrence of convulsions,3,166.0,7.0,0.37222576406471863,1.1042494231272426,0.8978956338037121
CD007388_pub3,2,Perinatal death,3,270.0,19.0,0.3888172732766243,2.1468792820583076,0.9996695214297243
CD007388_pub3,12,Caesarean section,4,305.0,81.0,0.6280854950696756,2.318131245547819,0.9807901356034674
CD007388_pub3,13,Vaginal birth,3,274.0,21.0,0.11721726270344623,10.72689911421239,0.9998237635369394
CD007388_pub3,14,Caesarean section,3,800.0,461.0,1.4504645889018186,0.03167960896263738,0.8093116984450092
CD007569_pub4,1,Return to work,12,535.0,185.0,0.6287086070373925,3.4799559641025293,0.8299666111902378
CD007572_pub4,1,Failure to induce clinical remission (6 to 12 weeks),8,1024.0,815.0,1.013653139226572,0.756454912773126,0.2689931432064865
CD007572_pub4,2,Failure to induce clinical remission (subgroup analyses anti-TNF pre-treated vs anti-TNF naive participants),6,951.0,773.0,0.9681179739093458,1.028264670496866,0.8576471277458511
CD007572_pub4,3,"Failure to induce clinical remission (8 weeks, sensitivity analysis)",3,520.0,423.0,1.0165278509661015,0.7271810268825063,0.8684241404999828
CD007572_pub4,3,Serious adverse events,3,283.0,30.0,1.3466189995878117,0.016817169598973704,0.9411373404920904
CD007572_pub4,4,Failure to induce clinical response (≥ 100 points),8,1024.0,614.0,1.0520095236477955,0.4456231705251149,0.6598041582459854
CD007572_pub4,4,Withdrawals due to adverse events,3,283.0,12.0,1.0011833467509006,0.048261486430096215,0.00013468890740508943
CD007572_pub4,7,Failure to induce endoscopic response,3,166.0,125.0,0.8548691535460723,1.5894408299870169,0.9916614088790698
CD007572_pub4,9,Serious adverse events,5,1059.0,61.0,1.138549565115966,0.02263852369016561,0.9603624963710371
CD007572_pub4,11,Withdrawals due to adverse events,4,564.0,11.0,0.6905944231307974,0.13048858148557627,0.9726137335506904
CD007639_pub3,11,Adverse events,5,171.0,75.0,1.8583189607395942,0.006009967904913569,0.8857055282525309
CD007674_pub3,2,Clinical recovery or improvement,18,605.0,296.0,1.0737925542328235,0.3315540493613931,0.23999655941387787
CD007674_pub3,2,Clinical recovery or improvement - individual or group intervention,15,546.0,269.0,1.1011304392000858,0.2797391401176346,0.33010867366195373
CD007674_pub3,3,Clinical recovery or improvement - high quality studies,4,199.0,118.0,1.1027080232324866,0.35863782537314737,0.5755642250954189
CD007674_pub3,3,Dropout rates,4,118.0,43.0,1.1739906243208722,0.17398032119196696,0.4166843359852971
CD007674_pub3,4,Clinical recovery or improvement - best and worst case scenario,28,1138.0,605.0,1.040251653349446,0.41234904821278445,0.18310767182016174
CD007674_pub3,4,Clinical recovery or improvement - waiting list or other comparator,21,645.0,327.0,1.0410455126437508,0.42240622611061357,0.07089298730222626
CD007674_pub3,5,Dropout rates,24,912.0,183.0,0.8318059325813354,0.6234138514686118,0.8837305341098788
CD007674_pub3,6,Clinical recovery or improvement - GAD versus mixed anxiety disorders,14,515.0,245.0,1.0788350424172586,0.3218324834654519,0.24508018774587104
CD007674_pub3,8,Clinical recovery or improvement - adapted for older people versus not adapted,15,546.0,269.0,1.064066273794754,0.34841407833328797,0.20497173914419975
CD007689_pub5,2,Adverse events,5,159.0,8.0,0.6652941177263427,0.27128352783100856,0.7475403606875817
CD007689_pub5,4,Clinical pregnancy rate,3,618.0,117.0,1.0013790808783385,0.19984091808492968,0.0016956915257724248
CD007689_pub5,7,Adverse events,12,914.0,280.0,1.860477612741969,0.001217920050511133,0.8775312053210552
CD007784_pub3,1,Major cardiovascular events,16,19632.0,2679.0,0.5348009310843789,13.64589075217864,0.9405334118784596
CD007784_pub3,2,Death,16,19190.0,1765.0,0.993994471143763,0.08868586787616224,0.0003554011403069657
CD007784_pub3,4,Cardiovascular death,8,9504.0,440.0,0.4665270364374894,6.154337780514439,0.9446079010994033
CD007784_pub3,5,Myocardial infarction,10,4709.0,76.0,0.7659209667513658,0.1300479329696621,0.6233092789603243
CD007784_pub3,6,Stroke,7,4536.0,44.0,0.48130278518389347,0.743569915902813,0.9946291628695909
CD007784_pub3,7,Revascularisation procedure,3,2074.0,68.0,0.2342144978895726,11.442713270661491,0.9987495156663707
CD007784_pub3,9,Kidney failure,3,3343.0,1060.0,1.5568570544910307,0.0035962110178398947,0.9990629390510434
CD007784_pub3,13,Elevated liver enzymes,7,3969.0,15.0,0.7553869860215713,0.03534637705947408,0.46330500983556744
CD007784_pub3,14,Withdrawal due to adverse events,13,2098.0,262.0,0.9339686323036285,0.15993026683159642,0.06755451291020964
CD007784_pub3,17,Elevated creatine kinase,7,2226.0,3.0,3.0757922505402693,1.6043043905681093e-10,0.34696919740815013
CD007784_pub3,22,Subgroup analysis (cardiovascular disease): death,12,17348.0,1302.0,0.7385337222076382,0.9481386061568449,0.5537027829706063
CD007784_pub3,23,Subgroup analysis (cardiovascular disease): major cardiovascular events,14,17970.0,2526.0,0.5282030822026347,14.47316255566777,0.8904053741584914
CD007784_pub3,24,Subgroup analysis (statin dose): major cardiovascular death,14,17970.0,2526.0,0.5282030822026347,14.47316255566777,0.8904053741584914
CD007784_pub3,25,Subgroup analysis (statin dose): death,12,17348.0,1302.0,0.7385337222076382,0.9481386061568449,0.5537027829706063
CD007784_pub3,26,Subgroup analysis (statin dose): withdrawal due to adverse events,12,2083.0,262.0,0.910327787491702,0.20543944183729718,0.2211257532133063
CD007784_pub3,32,Subgroup analysis (age): withdrawal due to adverse events,12,2083.0,262.0,0.934844744473346,0.16312014573991235,0.07169520341492153
CD007784_pub3,36,Subgroup analysis (diabetes mellitus): withdrawal due to adverse events,13,2098.0,266.0,0.907273097610356,0.20394516156245984,0.2069672458843934
CD007784_pub3,37,Subgroup analysis (diabetes mellitus): death,13,17406.0,1307.0,0.7756654711380125,0.6610486279100969,0.5313814229690432
CD007784_pub3,38,Subgroup analysis (diabetes mellitus): major cardiovascular death,14,17970.0,2526.0,0.5282030822026347,14.47316255566777,0.8904053741584914
CD007784_pub3,45,Subgroup analysis (baseline cholesterol): withdrawal due to adverse events,13,2098.0,266.0,0.9351364576286368,0.15940579247204445,0.06391611963800714
CD007784_pub3,48,Subgroup analysis (allocation concealment): death,13,17406.0,1307.0,0.7371534065444953,0.9586547778049511,0.5570935379497256
CD007784_pub3,50,Subgroup analysis (allocation concealment): major cardiovascular events,14,17970.0,2526.0,0.5282030822026347,14.47316255566777,0.8904053741584914
CD007784_pub3,53,Sensitivity analysis (excluding SHARP): major cardiovascular events,13,14853.0,2230.0,0.5433287298812493,12.582828364320779,0.8336588609448503
CD007784_pub3,54,Sensitivity analysis (excluding SHARP): death,12,14289.0,1011.0,0.5957833414365372,3.5351989419336176,0.6035816853589995
CD007784_pub3,55,Sensitivity analysis (funding): major cardiovascular events,5,2042.0,62.0,0.5590541386131884,0.8779267070722079,0.9999933435328047
CD007784_pub3,56,Sensitivity analysis (funding): death,5,2101.0,49.0,0.3813502717391113,2.4740719620518097,0.9864866584302683
CD007784_pub3,57,Sensitivity analysis (funding): withdrawal due to adverse events,9,640.0,113.0,0.962397566770275,0.25045270356172933,0.11120304485805299
CD007798_pub6,1,Catheter occlusion (adult vs paediatric population),12,5327.0,860.0,1.248014394631869,0.020752018548923105,0.7698991915358133
CD007798_pub6,1,Catheter-related bloodstream infection,10,5082.0,1.0,0.0,1.0,1.0
CD007798_pub6,1,Infiltration - (adult vs paediatric population),11,5222.0,1035.0,0.7917015435286272,1.2171074554510297,0.9219484911405011
CD007798_pub6,1,Thrombophlebitis (adult vs paediatric populations),14,5374.0,582.0,0.701375982408339,1.0687142510340653,0.8339057389341742
CD007798_pub6,2,Catheter occlusion (High- vs low- to middle-income countries),12,5327.0,860.0,1.1621234407522898,0.04098671879765812,0.45992487836597384
CD007798_pub6,2,Infiltration (High- vs low- to middle-income countries),11,5222.0,1035.0,0.794688541621395,1.1958027278879262,0.917344564900068
CD007798_pub6,2,Thrombophlebitis (high- vs low- to middle-income countries),14,5374.0,582.0,0.7033281579574087,1.0553775058535282,0.8339931485506822
CD007798_pub6,3,Catheter occlusion (continuous vs intermittent),12,5327.0,860.0,1.1606879722599395,0.04133724933970528,0.44804619118038
CD007798_pub6,3,Infiltration (48hr vs 72hr vs 72-96hr vs 96hr routine removal),11,5222.0,1035.0,0.794688541621395,1.1958027278879262,0.917344564900068
CD007798_pub6,3,Local infection,9,4471.0,4.0,0.17486011421611636,0.5890201279867714,0.8810535206574732
CD007798_pub6,3,Thrombophlebitis (continuous vs. intermittent infusion),14,5374.0,582.0,0.7874934371097573,0.5250647095138785,0.6094318369649588
CD007798_pub6,4,Catheter occlusion - (48hr vs 72hr vs 72-96hr vs 96hr routine removal),12,5327.0,860.0,1.2474098966994596,0.020803053096074883,0.7609330892053066
CD007798_pub6,4,Infiltration - sensitivity analysis to remove studies at high risk of overall bias&nbsp;,10,4922.0,1015.0,0.7952211445488975,1.189911451269063,0.9181726578316105
CD007798_pub6,4,Thrombophlebitis (48hr vs 72hr vs 72-96hr vs 96hr routine removal),14,5374.0,582.0,0.7799727010456594,0.546910867444791,0.6257734732052231
CD007798_pub6,5,Catheter occlusion - sensitivity analysis to remove studies at high risk of overall bias&nbsp;,11,5027.0,814.0,1.1600658337141083,0.041472076874226896,0.418884456777475
CD007798_pub6,5,Infiltration - sensitivity analysis to remove studies without adequate allocation concealment,8,4707.0,989.0,0.8013324603331691,1.1530208054222943,0.9122946005716226
CD007798_pub6,5,Thrombophlebitis,14,5374.0,582.0,0.6976946713653212,1.0887716333292372,0.8513609400117716
CD007798_pub6,5,Thrombophlebitis - sensitivity analysis to remove studies at high risk of overall bias&nbsp;,11,5027.0,468.0,0.6774574123005315,1.0587752966052162,0.761207138727487
CD007798_pub6,6,Catheter occlusion - sensitivity analysis to remove studies without adequate allocation concealment,9,4812.0,798.0,1.2566808293713247,0.019585045335597264,0.7489802390584954
CD007798_pub6,6,Infiltration - sensitivity analysis to exclude studies reporting only one catheter per patient,7,4453.0,923.0,0.7974473990368145,1.1797563693083635,0.9092813906645016
CD007798_pub6,6,Thrombophlebitis - sensitivity analysis to remove studies without adequate allocation concealment,11,4859.0,490.0,0.6734267749692393,1.2500320389911552,0.8831473169556678
CD007798_pub6,7,Catheter occlusion - sensitivity analysis to exclude studies reporting only one catheter per patient,7,3886.0,680.0,1.264456075976304,0.01869158335371862,0.7097772389978934
CD007798_pub6,7,Infiltration,11,5222.0,1035.0,0.7943438807880705,1.19734411269049,0.9180447858652285
CD007798_pub6,7,Thrombophlebitis - sensitivity analysis to remove studies with &lt; 100 particpants,11,5252.0,549.0,0.7155341622611138,0.8475603324871005,0.6790820876463879
CD007798_pub6,8,Thrombophlebitis - sensitivity analysis to exclude studies reporting only one catheter per patient,9,4584.0,434.0,0.6414075975656748,1.4445760198334539,0.8852010541571155
CD007798_pub6,9,Occlusion,12,5327.0,860.0,1.1606879722599395,0.04133724933970528,0.44804619118038
CD007809_pub3,5,Number of participants reporting an adverse event,3,147.0,94.0,1.3048422030395488,0.14860347828046877,0.7949491074492958
CD007809_pub3,6,Number of participants withdrawing due to an adverse event,5,251.0,9.0,1.3521247556300853,0.004351139266671871,0.7165289750329144
CD007859_pub5,7,Pain (analgesic consumption),3,166.0,58.0,1.0600705243300548,0.25928752099518043,0.5526337635242433
CD007872_pub4,1,Estimated blood loss ≥ 500 mL,3,9496.0,695.0,0.7704729934141465,0.5529829683825485,0.8084208123737965
CD007872_pub4,7,Receipt of blood transfusion,3,9532.0,1932.0,2.9817639599116985,2.6364085299653025e-09,0.9999886468477083
CD007872_pub4,8,Receipt of additional surgical interventions to control postpartum haemorrhage,3,9532.0,14.0,0.9704518742005425,0.0019253921448752532,0.9946194853931749
CD007872_pub4,9,Thromboembolic events,3,9431.0,1.0,0.0,1.0,1.0
CD007872_pub4,14,Clinical diagnosis of postpartum haemorrhage,3,9532.0,681.0,0.9489300861667918,0.11407158521284785,0.9982715151174892
CD007872_pub4,19,Seizures,3,9431.0,10.0,1.4127076491972295,2.4272155430728144e-05,0.9999380117884618
CD007895_pub3,4,Withdrawals due to adverse effects,4,404.0,6.0,0.6346268371233579,0.18489292707849528,0.6394102731013089
CD007896_pub4,4,Withdrawals due to adverse effects,318,41949.0,2745.0,1.1001990615675552,0.026850516942992137,0.1459370187780319
CD007911_pub4,3,Adverse events total,14,448.0,16.0,1.2848170277024344,0.006744557716885588,0.18376427981498744
CD007911_pub4,21,Total adverse events,16,616.0,18.0,1.1071425226673952,0.01676744671022344,0.03427136043400969
CD007911_pub4,22,Withdrawals due to adverse events,19,689.0,4.0,0.7879698104815116,0.01699818357220864,0.043638252067906835
CD008112_pub3,3,Perceived recovery,25,1100.0,529.0,1.0277740734174585,0.44278411046520544,0.04322319349199977
CD008112_pub3,5,Return to work,17,310.0,236.0,1.1105400219042036,0.4122271301632235,0.6837329957849476
CD008165_pub5,4,Proportion of patients with one or more potentially inappropriate medication,13,2373.0,871.0,1.7641946795359778,0.0013226399830464964,0.9221247353223163
CD008165_pub5,6,Proportion of patients with one or more potential prescribing omission,7,1365.0,565.0,1.3146114411668814,0.019709825054801365,0.22856607246870675
CD008176_pub3,1,Cardiovascular death,24,5727.0,331.0,1.1691222397998706,0.02610875831261649,0.346350302478296
CD008176_pub3,2,Death (any cause),129,11865.0,841.0,0.7708005828029562,0.7534425008069073,0.48986220970507854
CD008176_pub3,3,Cardiovascular disease,50,7803.0,774.0,1.102790591664921,0.07106280695493632,0.05922140528346276
CD008176_pub3,4,Coronary heart disease,42,7022.0,401.0,0.45859128858557674,8.106907198337684,0.8432720031066792
CD008176_pub3,5,Heart failure,20,6007.0,501.0,0.6256602849449793,2.280306546292321,0.8571479436005954
CD008176_pub3,6,Cerebrovascular disease,24,2670.0,213.0,1.379654599166039,0.005025479267062479,0.738511921033193
CD008176_pub3,7,Peripheral vascular disease,14,2405.0,354.0,0.7600957808853495,1.0702561698057176,0.6111486368273579
CD008176_pub3,8,Kidney failure,33,5196.0,238.0,0.7009287298915723,0.5452595887065707,0.8440874402889222
CD008176_pub3,17,Vascular access thrombosis,3,114.0,11.0,0.36359466294920395,1.6647972277505252,0.8979400265838116
CD008176_pub3,19,Graft loss,10,486.0,68.0,0.566866105823685,2.050859570687656,0.9402656527386062
CD008176_pub3,19,Vascular access thrombosis,7,245.0,27.0,0.5406827921993409,1.3378424243113136,0.878410522851142
CD008176_pub3,20,Graft loss,21,1004.0,139.0,0.6107007694131532,2.142969916168202,0.9599488331758224
CD008176_pub3,21,Delayed graft function,12,455.0,140.0,1.2959942336208234,0.05336993306476005,0.7240038827978117
CD008176_pub3,22,Delayed graft function,16,735.0,207.0,1.3102825660964454,0.040889239663114994,0.731492688712418
CD008176_pub3,22,Infection,5,340.0,21.0,0.4769508597076907,1.3447230230426446,0.8463746705821237
CD008176_pub3,22,Malignancy,4,480.0,6.0,0.7061092927410577,0.07876869127614729,0.9815383058773065
CD008176_pub3,23,Major bleeding,7,253.0,8.0,1.468440635541537,0.002422934403231939,0.9882704011068421
CD008176_pub3,23,Malignancy,5,577.0,8.0,0.7726383459420786,0.06209043250226876,0.8788292789646265
CD008176_pub3,24,Infection,14,2023.0,479.0,0.7539880253038906,0.9791296027124583,0.3250007609688157
CD008176_pub3,24,Major bleeding,11,424.0,15.0,1.4154344250108846,0.003005967171639412,0.7304211276287408
CD008176_pub3,25,Infection,23,3667.0,900.0,0.9295018397835564,0.3519561248847036,0.05257075548845802
CD008237_pub4,2,Independent procedure completion: type of endoscopic procedure under study,6,411.0,266.0,1.3243718586017112,0.10593019572436085,0.8376831692633022
CD008237_pub4,3,Independent procedure completion: level of participant endoscopy experience,6,411.0,266.0,0.5861305603260287,7.8412142868145995,0.9779815375983578
CD008309_pub3,1,Composite outcome of death or bronchopulmonary dysplasia (BPD) at 36 weeks' postmenstrual age (PMA),8,228.0,22.0,0.33310662112479894,3.334013790245281,0.9893445631285497
CD008309_pub3,2,Mechanical ventilation at any time,11,368.0,68.0,1.4039742090318097,0.018489259343053354,0.5417487323866585
CD008309_pub3,3,Bradycardia (heart rate < 100 beats per minute) during the intervention,3,106.0,3.0,0.3252952026165119,0.6183612848487999,0.9349114335669382
CD008309_pub3,3,Postintervention intratracheal surfactant received,3,85.0,20.0,0.2655239363149592,5.909332709851869,0.9768491935110986
CD008309_pub3,3,"Pulmonary air leak, any (during first hospitalisation)",11,368.0,29.0,0.9887688630315309,0.0758477652977949,0.0010541196703113265
CD008309_pub3,4,BPD (clinical definition) among survivors to 36 weeks' PMA,8,272.0,16.0,0.784532699284322,0.20452645693794155,0.48817690504125255
CD008309_pub3,4,Mechanical ventilation at any time,4,136.0,28.0,0.7730419457815081,0.5635606299713279,0.4393473355590902
CD008309_pub3,5,"Pulmonary air leak, any (during first hospitalisation)",4,136.0,14.0,0.5508044550436375,0.7922371237421809,0.7107956717096998
CD008309_pub3,6,Surfactant reflux during the intervention,3,116.0,16.0,0.5846651715519855,1.1148105082047546,0.6234850645370468
CD008309_pub3,7,Postintervention intratracheal surfactant received,4,120.0,22.0,1.9621884354756232,0.0025524170843133523,0.5706685621621509
CD008309_pub3,11,Mechanical ventilation at any time,5,171.0,28.0,1.2329727401584374,0.04651177997948296,0.3597307933387631
CD008309_pub3,12,"Pulmonary air leak, any (during first hospitalisation)",5,171.0,14.0,0.8935792227459097,0.12488177287777262,0.07429457359291347
CD008309_pub3,15,BPD (clinical definition) among survivors to 36 weeks' PMA,4,136.0,8.0,0.7418587841608061,0.21151575052380878,0.3393345696744521
CD008469_pub3,1,Exacerbations leading to emergency department (ED) visits: subgrouped by time frame of follow-up,12,849.0,146.0,0.9317089618890791,0.2878534992815306,0.17116543599248024
CD008469_pub3,1,Exacerbations leading to emergency department visits,4,369.0,39.0,0.32225780963503836,5.786660423071455,0.8553558864646721
CD008469_pub3,4,Exacerbations leading to hospitalisation ,4,354.0,5.0,0.17912098487735728,1.7406895681849222,0.9651900410182715
CD008469_pub3,6,Exacerbations leading to hospitalisations: subgrouped by time frame of follow-up,12,1065.0,208.0,0.800251813353922,0.8456136809713336,0.7339333502988313
CD008493_pub5,1,Mortality,14,5582.0,59.0,1.1559882980066232,0.002483997681360644,0.4331367716271157
CD008493_pub5,1,Short-term mortality,6,2630.0,23.0,1.0241231079317497,0.0064662235865569975,0.010112226770591204
CD008493_pub5,2,Myocardial infarction,10,4887.0,464.0,1.656014286849606,0.00036399085891567943,0.9646314760464729
CD008493_pub5,3,Atrial fibrillation,20,7399.0,1713.0,1.114089796150854,0.08969275449853006,0.5829712288691152
CD008493_pub5,3,Myocardial infarction,5,2322.0,180.0,1.578360692098177,0.0007451117339425976,0.9514751191098426
CD008493_pub5,4,Atrial fibrillation,8,2798.0,663.0,1.1853656912527877,0.0596428995089609,0.36614035626033237
CD008493_pub5,4,Stroke,9,5156.0,88.0,0.7815593872947821,0.10334012368240658,0.6740601801598635
CD008493_pub5,5,Renal failure,11,5356.0,780.0,1.6750027846841307,0.000942526943568315,0.602035127163991
CD008493_pub5,5,Stroke,4,2571.0,40.0,0.5611661903681489,0.4197438594398508,0.8529181380840889
CD008493_pub5,6,Renal failure,4,2363.0,398.0,1.775341253037932,0.0006646230276482207,0.6522379551899256
CD008564_pub3,1,Total mortality,56,19320.0,1321.0,1.1765181869240287,0.012806233071537698,0.7279035839719318
CD008564_pub3,2,Total serious adverse events,57,19539.0,5942.0,1.3450373598930303,0.007091289398580309,0.7365172027587359
CD008564_pub3,3,Total cardiovascular events,46,16748.0,1852.0,1.168077796895686,0.026891340753383185,0.4790849987770558
CD008564_pub3,4,Cardiovascular mortality,56,19340.0,615.0,1.144375765045197,0.00975663742168712,0.5041033708410094
CD008564_pub3,5,Progression to end-stage renal disease,34,10713.0,1096.0,0.7347318124064763,1.8142391788120478,0.5802679319062218
CD008564_pub3,5,Progression to end-stage renal disease ,4,2409.0,218.0,0.3168203764817126,20.792068901652545,0.9147896507725639
CD008564_pub3,7,Doubling of serum creatinine level or 50% reduction in GFR at the end of study,5,3021.0,133.0,0.7693609744980717,0.2785255141367622,0.26739518948913443
CD008564_pub3,10,Proportion of participants reaching target blood pressure levels at end of study,6,2235.0,1196.0,1.0389853530298312,0.3850821032333871,0.6536335907115922
CD008576_pub5,1,Live birth,9,971.0,466.0,0.9228449959676015,0.8485329529502252,0.657280033031637
CD008576_pub5,3,Clinical pregnancy,6,527.0,277.0,0.8708514836823334,1.147965682803155,0.6497367370020958
CD008576_pub5,4,Miscarriage,8,862.0,121.0,1.029852866524249,0.13209928317363373,0.0245681425922315
CD008576_pub5,8,Preterm birth,10,1083.0,77.0,1.2459781741025497,0.015027942613873082,0.6985874922867348
CD008576_pub5,9,Mode of delivery - caesarean section,4,444.0,150.0,0.8517002553648815,0.8732575701510824,0.7029558835512411
CD008628_pub3,3,"Function in the long term; number of people with scores of excellent, good, or satisfactory/fair",9,138.0,44.0,0.8592163589115595,0.569435218244887,0.3985771340734344
CD008628_pub3,4,Chronic pain; number of people with pain,4,87.0,33.0,0.8560202266913585,0.7382336188618315,0.6287210116202604
CD008628_pub3,4,Return to normal activity,4,80.0,60.0,0.9767899849581188,0.8027333467858581,0.10012411685406097
CD008628_pub3,7,Return to normal activity (work) ,5,129.0,96.0,0.9016605488738335,1.2239997955517519,0.7496602903559709
CD008628_pub3,8,Postoperative complications requiring unplanned return to theatre,9,963.0,37.0,1.8805462998432811,0.00010961193836430894,0.8654336236198215
CD008628_pub3,9,Postoperative complications not requiring return to theatre,9,464.0,63.0,1.232606563522038,0.03793755266825136,0.8338975721110125
CD008628_pub3,10,Ability to wear usual footwear,4,110.0,88.0,1.0743937964947794,0.57846999622014,0.7619284066843012
CD008688_pub3,1,Pancreatic fistula (free definition),3,259.0,111.0,1.3591866636305694,0.054995835105877716,0.9889583852441629
CD008709_pub4,1,Subjective cure or improvement of urinary incontinence: 12 months,22,1795.0,1471.0,0.9776784692176512,0.9660604171782252,0.5926321936326786
CD008709_pub4,1,Subjective cure or improvement of urinary incontinence: at 12 months,3,167.0,147.0,1.0924778097540633,0.552193311729583,0.9305821836247467
CD008709_pub4,3,Objective cure or improvement of urinary incontinence: at 12 months,3,162.0,131.0,1.1749749150375668,0.33142943913739,0.9984997703894111
CD008709_pub4,3,Subjective cure or improvement of urinary incontinence: 24 to 36 months,5,452.0,373.0,1.0043447403151562,0.7676072644176577,0.002598952310468916
CD008709_pub4,4,Subjective cure or improvement of urinary incontinence: 36+ months,6,425.0,314.0,1.2796940984794212,0.15385384130711233,0.7742555725133713
CD008709_pub4,5,Objective cure or improvement of incontinence: at 12 months,25,1637.0,1415.0,1.0316118410501305,0.6851116592948818,0.570078555365263
CD008709_pub4,6,Patient-reported pain: 12 to 24 months,3,122.0,3.0,0.4668583216821711,0.2889692840761086,0.6988604010324087
CD008709_pub4,7,Objective cure or improvement of incontinence: 24 to 36 months,6,468.0,385.0,0.9925895335570076,0.8323539083739457,0.015022012826224729
CD008709_pub4,8,"Number of women affected by mesh exposure, extrusion or erosion in any area",5,228.0,6.0,0.6044755693942809,0.2628784141176123,0.7204115379178189
CD008709_pub4,8,Objective cure or improvement of incontinence: 36+ months,6,381.0,316.0,1.0850508735071056,0.5092244152810635,0.9013467620564739
CD008709_pub4,9,Patient-reported pain: 30 days to 12 months,7,373.0,6.0,2.7518946235142456,5.358495839230493e-07,0.9811709774590637
CD008709_pub4,9,Urinary retention,5,233.0,8.0,0.7173858982217868,0.18697112548296183,0.5114838647962796
CD008709_pub4,10,Bladder or urethral injuries: less than 30 days after surgery,6,271.0,3.0,0.6840781323751057,0.07418022342913044,0.6224141766268398
CD008709_pub4,10,Patient-reported pain: 12 to 24 months,8,343.0,12.0,0.23853427483649392,2.0696193134664544,0.853243054189966
CD008709_pub4,12,Dyspareunia,10,495.0,21.0,1.4103804239506805,0.0033133741507780953,0.5592232836845228
CD008709_pub4,12,"Infections (e.g. UTI, mesh infection)",3,160.0,24.0,0.8694905275162084,0.33640363791197275,0.24499685741485677
CD008709_pub4,13,De novo urgency,4,194.0,28.0,1.0881659965421426,0.09721576714098089,0.15245730027807158
CD008709_pub4,13,"Number of women affected by mesh exposure, extrusion or erosion in any area",22,1659.0,54.0,0.6505183067884202,0.4569859800605407,0.9079316278548644
CD008709_pub4,14,Requiring repeat continence surgery or mesh revision,3,153.0,20.0,0.46336931826224814,1.824548685310125,0.9585003922290765
CD008709_pub4,14,Urinary retention,31,1995.0,57.0,0.7354846882078878,0.20294688463421998,0.8159028994690287
CD008709_pub4,15,Bladder or urethral injuries: less than 30 days after surgery,25,1699.0,7.0,1.0379805333768521,0.003397628872949382,0.010220407499552997
CD008709_pub4,16,Other injuries: less than 30 days after surgery,17,1069.0,16.0,0.9572293814013026,0.017191423473788423,0.026908965076565705
CD008709_pub4,17,"Infections (e.g. UTI, mesh infections)",19,1319.0,82.0,0.893634633918113,0.13218020894955612,0.11922648826843107
CD008709_pub4,18,De novo urgency,20,1168.0,115.0,0.8278505616370471,0.2941099866476425,0.34679748655344367
CD008709_pub4,20,Requiring repeat continence surgery or mesh revision,19,1224.0,80.0,1.1209629823907603,0.03255411969125056,0.3755651990570449
CD008858_pub5,1,Cumulative incidence of herpes zoster,5,84384.0,749.0,0.42780593582133264,3.939231588577385,0.5939456619509798
CD008858_pub5,2,Participants with adverse events,71,202401.0,11940.0,1.0758718792190536,0.024799717442871697,0.030611053557181966
CD008858_pub5,3,Participants with adverse events,42,153815.0,34293.0,1.6374369086417437,0.00015241383630594155,0.4927321733007364
CD008858_pub5,4,Dropouts,27,147206.0,1891.0,0.3299993890231444,28.315297423285585,0.8985158949310209
CD008858_pub5,5,Participants with no follow-up,3,25304.0,66.0,0.2610354379484865,4.6793818389575765,0.9954894607558438
CD008873_pub5,4,Preterm birth (less than 37 weeks' gestation) (ALL),3,722.0,25.0,0.4653469341296601,1.2397672987260557,0.9912639298997051
CD008873_pub5,5,Low birthweight (less than 2500 g) (ALL),3,207.0,28.0,0.6906522625262506,0.7382525848609623,0.9599795713291461
CD008873_pub5,6,Caesarean section,3,289.0,100.0,0.820008968274263,1.0518826090167237,0.25411641418174935
CD008879_pub3,1,Non-infectious complications,15,874.0,167.0,1.0901494060147825,0.10666486877765421,0.314681417609317
CD008879_pub3,2,Infectious complications,14,828.0,235.0,0.7639528437483103,1.3796215308060982,0.8326917762716
CD008940_pub4,1,Completion of scheduled treatment,6,89.0,48.0,0.9368309936002921,0.7309423262971271,0.7071010743739964
CD008940_pub4,1,Participants abstinent at end of treatment,20,548.0,171.0,0.8665909077470724,0.6914479529528457,0.7171699508896228
CD008940_pub4,2,Participants experiencing adverse events,26,1205.0,683.0,1.0800451396040014,0.3298534961886746,0.5306472809206262
CD008940_pub4,3,Completion of scheduled treatment,3,228.0,165.0,0.911609325201139,1.1174582637887038,0.49961340720592573
CD008940_pub4,3,Participants experiencing severe adverse events,26,1197.0,17.0,0.9099627032188736,0.018765751463730523,0.060304043543176755
CD008940_pub4,3,Participants withdrawn due to adverse effects,3,105.0,1.0,0.0,1.0,1.0
CD008940_pub4,4,Completion of scheduled treatment,5,123.0,65.0,1.1045763280089556,0.28882515519776,0.24103157838035194
CD008940_pub4,4,Participants withdrawn due to adverse effects,24,1100.0,40.0,0.7245610221849439,0.1762039322887533,0.4201263553771113
CD008940_pub4,5,Completion of scheduled treatment,28,1262.0,738.0,1.016726312378377,0.502864916440257,0.024115097350759118
CD008973_pub3,1,Complete resolution of phimosis,10,461.0,279.0,0.9541334093998523,0.8580792026132326,0.2408288842602483
CD008973_pub3,2,Partial resolution of phimosis,7,416.0,201.0,1.2841611955063674,0.10292728577761759,0.6671016339069926
CD008973_pub3,5,Adverse effects (any),11,554.0,1.0,0.0,1.0,1.0
CD008973_pub3,6,Complete resolution of phimosis (subgroup analysis based on age),10,461.0,279.0,0.9523974984304919,0.8566230362680477,0.25586364424113206
CD008973_pub3,7,Complete resolution of phimosis (subgroup analysis based on duration of treatment),10,461.0,279.0,0.9523399858309402,0.8576865740731284,0.25409059844818505
CD008973_pub3,8,Complete resolution of phimosis (subgroup analysis based on potency of corticosteroid),10,461.0,279.0,0.9543183004314978,0.8567203569557298,0.2418811500943372
CD009022_pub4,7,Conversion to laparoscopic (use of more than one additional port)/open surgery (rate),9,574.0,32.0,0.8852525608195516,0.10998639131498271,0.11577141745828445
CD009022_pub4,8,Use of additional port site (rate),5,328.0,24.0,2.5039606241751855,1.430036324439734e-05,0.9109594527518532
CD009022_pub4,9,Wound infection (rate),5,250.0,11.0,0.3049784219486349,1.8728428131103376,0.9265310763911098
CD009022_pub4,10,Intra-abdominal collection (rate),5,339.0,12.0,0.9948454776241971,0.039243627938134344,0.0007869317868534065
CD009022_pub4,11,Postoperative ileus (rate),3,249.0,4.0,0.6744638886029577,0.08926349759436801,0.7616223343249969
CD009102_pub2,1,Death before discharge,3,553.0,31.0,2.2358142018373277,2.25567198701687e-05,0.9983271143531313
CD009102_pub2,2,Intubation and mechanical ventilation in DR,5,689.0,95.0,4.852739568349837,2.3873585512721598e-12,0.9112471356693238
CD009102_pub2,3,Chest compressions in DR,3,553.0,9.0,0.9870297578549574,0.017817447406251997,0.13812354540792438
CD009102_pub2,6,Intubation and mechanical ventilation within 24 hours of birth,3,371.0,210.0,1.0491398311889464,0.4282004552538315,0.40619379737306993
CD009102_pub2,12,Cranial ultrasound abnormalities (IVH grade ≥ 3 or periventricular leukomalacia),3,371.0,24.0,0.8283000642755005,0.1840007422232829,0.5654097485306445
CD009106_pub3,2,Neonatal mortality in the first 24 hours of life,6,97968.0,410.0,0.8824977415526184,0.016822224148057775,0.8498415092207968
CD009235_pub4,2,Mortality,38,1814.0,302.0,0.8109615667750352,0.6794378920455377,0.9018076959396657
CD009235_pub4,9,Reintubation,27,1282.0,124.0,1.1067212797190304,0.05613469940343476,0.11141209727345325
CD009235_pub4,10,Self-extubation,12,646.0,29.0,0.8108513098149253,0.13210506837427316,0.4922077402712751
CD009235_pub4,11,Non invasive ventilation following extubation,22,1202.0,161.0,0.868148618500262,0.23675045778603868,0.13053888272443726
CD009235_pub4,12,Prolonged mechanical ventilation,10,569.0,24.0,0.8737873800344328,0.0836834015455088,0.22078757846925434
CD009235_pub4,13,Tracheostomy,17,935.0,137.0,1.1159474058361998,0.05352884343517921,0.19204435027166233
CD009235_pub4,16,Reintubation by study population,27,1282.0,124.0,1.1239040629807677,0.05104612871440594,0.14792779689444546
CD009235_pub4,19,Reintubation by automated system,27,1282.0,124.0,1.1220564461297902,0.051744730471657535,0.1387491149451744
CD009235_pub4,22,Reintubation by non-automated strategy (control arm),27,1282.0,124.0,1.1165106768036535,0.05318257879459257,0.133054378397357
CD009244_pub3,1,AIN eradication,6,233.0,57.0,0.882777297991171,0.4620563871949106,0.8459131839598137
CD009244_pub3,2,"Downgrading from AIN-III or II to AIN-I, or from HSIL to LSIL",3,133.0,18.0,1.0121746054516836,0.12701079858152253,0.6012508938971689
CD009244_pub3,3,"Downgrading from AIN-III or II to AIN-I, or from HSIL to LSIL",4,128.0,58.0,1.2995469628978666,0.10729571504894761,0.976534471827805
CD009244_pub3,3,Recurrence,3,40.0,27.0,0.9534646184645982,0.81425401804137,0.5784998323864643
CD009244_pub3,4,Recurrence,3,73.0,21.0,1.0221179642793659,0.2597172214182044,0.5932864784147016
CD009252_pub2,3,Subjective symptom of cure or improvement,14,676.0,360.0,0.9538291814332589,0.8198116054452784,0.17696661766571498
CD009252_pub2,4,Satisfaction with treatment outcome,6,208.0,153.0,0.926459160815627,1.0547581863716717,0.7396778324851633
CD009298_pub3,1,Operative delivery,6,498.0,231.0,0.8192930454435936,1.187961696570509,0.5047714774692056
CD009298_pub3,2,Operative delivery (Subgroup analysis: occiput posterior versus occiput transverse),8,498.0,231.0,0.8420043856897339,1.0854020491860383,0.44663904139726784
CD009298_pub3,3,Operative delivery (Subgroup analysis: nulliparous versus multiparous),11,498.0,231.0,0.8508638675731068,1.1460247379248694,0.7244511463659209
CD009298_pub3,4,Operative delivery (Subgroup analysis: digital (fingers) versus whole-hand rotation),10,498.0,231.0,0.8058716391110613,1.4436334869169487,0.8686759812959824
CD009298_pub3,13,Caesarean section,6,498.0,54.0,0.7518423392810051,0.3950045329194053,0.42279691035898936
CD009298_pub3,14,Caesarean section (Subgroup analysis: occiput posterior versus occiput transverse position),8,498.0,54.0,0.7945411223046637,0.341567360723738,0.3651230576457003
CD009298_pub3,15,Caesarean section (Subgroup analysis: nulliparous versus multiparous),11,498.0,54.0,0.7809710484099524,0.42472754978529537,0.6266491464207572
CD009298_pub3,16,Caesarean section (Subgroup analysis: digital (fingers) versus whole-hand rotation),10,498.0,54.0,0.7253546232605419,0.5763859419780191,0.8815027930804253
CD009298_pub3,17,Instrumental delivery,6,498.0,177.0,0.8449820946733638,0.7923688423961487,0.5310628740136751
CD009298_pub3,18,Instrumental delivery (Subgroup analysis: occiput posterior versus occiput transverse position),8,498.0,177.0,0.8611693276523587,0.7382197250127893,0.473485025302797
CD009298_pub3,19,Instrumental delivery (Subgroup analysis: nulliparous versus multiparous),11,498.0,177.0,0.8805506021047603,0.725723749656277,0.7515549349888023
CD009298_pub3,20,Instrumental delivery (Subgroup analysis: digital (fingers) versus whole-hand rotation),10,498.0,177.0,0.8363169275506466,0.9059486628028884,0.8445470203841466
CD009298_pub3,21,Third- or fourth-degree perineal trauma,6,498.0,27.0,1.2928944774366797,0.00816791300769882,0.3858005093217671
CD009298_pub3,22,Third- or fourth-degree perineal trauma (Subgroup analysis: occiput posterior versus occiput transverse position),8,498.0,27.0,1.1408695256106522,0.018861496499981825,0.12511704125865974
CD009298_pub3,23,Third- or fourth-degree perineal trauma (Subgroup analysis: nulliparous versus multiparous),11,498.0,27.0,0.7715276654281926,0.1824196912602591,0.5763697773225749
CD009298_pub3,24,Third- or fourth-degree perineal trauma (Subgroup analysis: digital (fingers) versus whole-hand rotation),10,498.0,27.0,1.0513049618013017,0.03315206312782514,0.030048711344277668
CD009298_pub3,25,Postpartum haemorrhage ≥ 500 mL,6,498.0,77.0,0.9191674163952666,0.1952154883234807,0.09236622368619385
CD009298_pub3,26,Postpartum haemorrhage ≥ 500 mL (Subgroup analysis: occiput posterior versus occiput transverse position),8,497.0,77.0,0.9441659102306382,0.18093674099283708,0.05875853667760478
CD009298_pub3,27,Postpartum haemorrhage ≥ 500 mL &nbsp;(Subgroup analysis: nulliparous versus multiparous),11,498.0,77.0,0.924404568519151,0.22695765841635107,0.2566510180864462
CD009298_pub3,28,Postpartum haemorrhage ≥ 500 mL (Subgroup analysis: digital (fingers) versus whole-hand rotation),10,498.0,77.0,0.874475894469677,0.3074026847055605,0.4900086314185236
CD009298_pub3,29,Forceps delivery,4,255.0,71.0,1.1467231260579394,0.11852359846988667,0.5970015697693605
CD009298_pub3,30,Vacuum-assisted delivery,4,255.0,40.0,0.6734214112034267,0.9060911269993237,0.9640258478432452
CD009298_pub3,31,Episiotomy,4,450.0,136.0,1.3293326578795397,0.04102993400271931,0.7484798413457879
CD009298_pub3,34,Maternal postnatal infection,4,339.0,3.0,0.3879262648968289,0.2768086104574417,0.7488874100485171
CD009298_pub3,43,Cord blood gas acidosis,5,462.0,17.0,0.7635110735840375,0.14257823941535616,0.7070638083932863
CD009298_pub3,44,Admission to neonatal intensive care unit,5,465.0,8.0,0.06507548115966133,5.012544623715674,0.9987538352845695
CD009298_pub3,47,Neonatal jaundice treated with phototherapy,4,339.0,22.0,0.9980284802937935,0.06913108109136466,0.0011356331717613521
CD009298_pub3,53,Scalp haematoma (e.g. cephalohaematoma or subgaleal haemorrhage),5,381.0,7.0,0.4795120235289425,0.18639526929199368,0.47662279213346115
CD009362_pub4,1,Pressure ulcer,48,6228.0,588.0,0.7568725466663013,0.7447454096727011,0.7383771750855463
CD009362_pub4,1,Pressure ulcer ,8,516.0,52.0,0.6528168762368447,0.6805026618565476,0.7989692608843101
CD009362_pub4,2,Anatomical location of pressure ulcer development,5,674.0,19.0,0.5911023105972331,0.39121022319664484,0.955518837374806
CD009362_pub4,2,Pressure ulcer stage,42,4809.0,166.0,1.3727178985135793,0.0010535035205230976,0.4877972774986078
CD009362_pub4,3,Adverse event,3,481.0,3.0,0.21899523990810554,0.7240962230505136,0.9737790270822646
CD009362_pub4,3,Anatomical location of pressure ulcer,3,180.0,20.0,1.0720587934779526,0.07175199753459827,0.17269485334492296
CD009362_pub4,4,Anatomical location of pressure ulcer,11,438.0,18.0,1.6528981332366586,0.0007935643083052447,0.7399238668237909
CD009362_pub4,4,Anatomical location of pressure ulcer development,9,3264.0,67.0,1.1214064710539882,0.008667069160144484,0.3527913003184593
CD009417_pub3,1,Mortality (any cause during hospitalisation or follow-up),4,174.0,2.0,3.3861802251067274e-14,1.9999999999996956,1.0
CD009417_pub3,3,Adverse events of any severity or seriousness,5,190.0,101.0,1.366899843602599,0.06832578906229013,0.6788405948210161
CD009417_pub3,4,Serious adverse events,4,139.0,28.0,0.6497088976738727,1.1010838362114923,0.9683010069477626
CD009417_pub3,5,Need for mechanical ventilation,4,186.0,40.0,0.7833689801050912,0.7972923761741537,0.31552735630769124
CD009417_pub3,9,Need for ICU admission,5,394.0,73.0,0.38050544170170997,8.400283495948687,0.9106045715523018
CD009508_pub2,3,Subjective cure/improvement,16,674.0,536.0,0.9939479516175591,0.7653231303975563,0.007014327308475732
CD009508_pub2,4,Satisfaction,6,302.0,245.0,1.0436753651537822,0.5672676664886989,0.18316801068642607
CD009531_pub3,2,Psychiatric hospital admissions (sensitivity analysis: assumptions for attrition),3,521.0,116.0,0.6149313091926526,2.6446042070038285,0.8458396992766208
CD009531_pub3,4,Other hospital admissions,3,463.0,122.0,0.575367384841824,3.847938028586965,0.8370970424960795
CD009531_pub3,14,Death,4,529.0,13.0,0.07289875542763435,8.15005055080871,0.997650343434473
CD009531_pub3,19,Attrition/leaving the study early,4,418.0,48.0,1.2024825674059807,0.032446812370932394,0.8100312392258133
CD009535_pub3,2,All-cause death,9,4299.0,939.0,0.7896803901224377,1.1067299062144587,0.8341909047113986
CD009535_pub3,5,Kidney transplantation during study period,6,2049.0,448.0,0.7526504311440788,1.237287403724786,0.9263583846792883
CD009609_pub3,2,Adverse events,4,894.0,11.0,0.6122755798068743,0.11741269398955799,0.7029102957720955
CD009609_pub3,9,Need for treatment escalation,8,1113.0,138.0,0.806840271530567,0.4728284590716561,0.9641531378023221
CD009679_pub3,2,Complications,46,1638.0,109.0,0.7705682450764022,0.3716551627891233,0.6395852707064459
CD009679_pub3,2,Lower limb function,4,56.0,42.0,0.8684602924322689,1.3286030424279702,0.7975318983964963
CD009679_pub3,3,Reoperations (up to 24 months),3,112.0,7.0,8.992806499463768e-15,6.999999999999727,1.0
CD009679_pub3,4,Adverse events,26,1002.0,43.0,0.7176462932464,0.2737061583396251,0.7439436733560385
CD009679_pub3,6,Knee range of motion at 12 months,4,152.0,125.0,0.9468759007351156,1.1066636003695887,0.38842232261621124
CD009679_pub3,6,Reoperation (24 months),10,430.0,28.0,0.9322729801636921,0.07278651126743366,0.034111956524792264
CD009679_pub3,7,Radiological outcomes (postoperatively),6,222.0,13.0,0.9567408303717613,0.05577016366848829,0.02666408996352876
CD009679_pub3,11,Return to pre-injury activity level,3,110.0,28.0,1.2383723139269778,0.08301003030540267,0.9999996464386656
CD009730_pub3,2,Adverse effects,3,104.0,18.0,1.1193570210571018,0.09895302308621018,0.994000690941938
CD009730_pub3,3,Adverse effects,3,84.0,7.0,0.5414703315312055,0.6919004497979946,0.8235662040777447
CD009730_pub3,3,Mortality,4,60.0,2.0,0.6706719891559286,0.14261357702952002,0.610822987392175
CD009730_pub3,5,Adverse events,4,920.0,74.0,0.7007308051560529,0.6116131446548616,0.8438943369180656
CD009730_pub3,8,Adverse effects,9,307.0,24.0,1.834119342811262,0.0009992019004597251,0.6167035085242922
CD009730_pub3,13,Adverse effects,11,277.0,59.0,1.0087290736672563,0.09304679743783698,0.0001519066620899734
CD009730_pub3,15,Antibiotic resistance – number of participants isolating resistant strains,5,131.0,10.0,1.8848359502944905,0.0009479592279749722,0.8653136765909467
CD009733_pub4,1,WHO grade 1 bleeding or higher – 'any' bleeding&nbsp;,3,450.0,275.0,0.9655225900327984,0.6870540519088351,0.3204573594028679
CD009749_pub3,1,Live birth/ongoing pregnancy rate - DHEA,7,648.0,85.0,0.9677555455362767,0.19278563230070986,0.04138025801400125
CD009749_pub3,2,Live birth/ongoing pregnancy rate - T,10,390.0,83.0,1.3786533911119507,0.02374932967184143,0.9364406991562023
CD009749_pub3,3,Miscarriage rate - DHEA,8,728.0,32.0,1.4536817010340026,0.0028884182775437,0.8015306714849235
CD009749_pub3,4,Miscarriage rate - T,12,418.0,20.0,0.8423826422282625,0.10804969491116428,0.6501015148833706
CD009749_pub3,5,Clinical pregnancy rate - DHEA,11,874.0,162.0,0.9844080293650407,0.25034931260602966,0.03368666077686311
CD009749_pub3,6,Clinical pregnancy rate - T,16,668.0,155.0,1.1260255320243948,0.1101023145656119,0.6107840022870092
CD009749_pub3,7,Multiple pregnancy,9,358.0,7.0,0.8429311645104612,0.04023912331739265,0.11681043617485709
CD009749_pub3,8,Adverse effects to the woman,9,444.0,13.0,0.7202140664183674,0.16191515106229304,0.856719822148785
CD009749_pub3,9,Pregnancy complications,4,132.0,6.0,0.4298266582030851,0.7100680168687283,0.9912325516868118
CD009749_pub3,10,Sensitivity analyses ,19,1750.0,195.0,1.169830948413242,0.03776655635416043,0.17455735132688877
CD009752_pub3,1,All-cause mortality: short term (0 to 30 days post surgery),5,247.0,9.0,1.4123168215514272,0.004072744118928385,0.45844170837463927
CD009752_pub3,3,Severe adverse events: cardiac events,3,180.0,50.0,0.3852902429190007,7.019466209731456,0.9778345825004496
CD009752_pub3,9,Severe adverse events: haemorrhage (return to theatre for bleeding),4,228.0,3.0,0.6520694010538908,0.05688808318533168,0.2109202054110847
CD009788_pub3,1,Service use: hospitalization,4,240.0,122.0,0.3001678393733739,23.760883795164766,0.9501617790794694
CD009788_pub3,11,Leaving the study early,5,428.0,70.0,2.281511128906395,8.310925689376025e-05,0.9598115967197394
CD009885_pub4,1,Proportion of participants with non-serious adverse events,35,2922.0,1553.0,1.086816140381616,0.2714327773488913,0.4509245446341904
CD009885_pub4,1,Proportion of participants with serious adverse events (SAE),16,1671.0,4.0,0.49359864094891504,0.0928270254288878,0.6247622372555584
CD009885_pub4,1,Proportions of participants with serious adverse events (SAE),26,2131.0,13.0,1.1779138502319348,0.0020531560159737982,0.25553588414407047
CD009885_pub4,2,Nervous system (including psychiatry),22,2580.0,9.0,0.52723765003701,0.14629074945365136,0.9294674400743255
CD009885_pub4,2,Subgroup analysis: proportion of participants with non-serious adverse events according to dose,25,2060.0,1046.0,1.0682521440397346,0.30664746839356133,0.2728293126772764
CD009885_pub4,4,Digestive system,138,13222.0,1192.0,0.9019841282989033,0.24444399033117845,0.33855788186397184
CD009885_pub4,6,Cardiovascular system,4,380.0,10.0,1.5569487730640261,0.0009712436545443906,0.7889285828907678
CD009885_pub4,7,Respiratory system,4,350.0,6.0,1.2225636111998703,0.005746491673625465,0.22472406053717364
CD009885_pub4,8,Skeletal and muscular systems (including pain),16,1218.0,40.0,1.0563210601422177,0.025718621495046425,0.04912446050160635
CD009885_pub4,9,Immune system (including infections),55,4501.0,194.0,0.8910139577794044,0.12042057680364827,0.42300284268460153
CD009885_pub4,9,Skeletal and muscular system,4,350.0,8.0,0.3676802792264615,0.9299418970753034,0.9998567479821778
CD009885_pub4,10,Integumentary system,14,767.0,12.0,1.3060369370461566,0.0024164463539739192,0.3066470969446361
CD009885_pub4,11,Immune system (including infections),25,1939.0,59.0,1.1196975804087084,0.014552759626629184,0.09317455770690031
CD009885_pub4,12,Integumentary system,5,348.0,7.0,1.4054602989444516,0.001934491094448077,0.687932086016245
CD009885_pub4,15,Other (including drug toxicity),34,2197.0,48.0,0.5412432033495307,0.840513020357326,0.8182527732454673
CD009885_pub4,17,Other (including drug toxicity),9,750.0,9.0,1.6417926666483105,0.00018221248907212623,0.7251805162363905
CD009945_pub3,1,50% responder,3,114.0,38.0,0.5455577439091621,2.720463496055239,0.9501374380817897
CD009945_pub3,2,Treatment withdrawal,3,114.0,6.0,0.5220694698095809,0.4587763627538994,0.8592245251882841
CD010001_pub4,1,Clinical pregnancy: vasodilators versus placebo or no treatment,23,1119.0,375.0,1.0656200405084941,0.23373467873033893,0.40593346889019244
CD010001_pub4,1,Live birth or ongoing pregnancy,7,392.0,96.0,0.9980640557821177,0.2587923968290669,0.0002689755837772534
CD010001_pub4,1,Live birth or ongoing pregnancy: vasodilators versus placebo or no treatment,6,370.0,91.0,1.0498766926889365,0.20267937599891245,0.17369272231488098
CD010001_pub4,2,Side effects: vasodilators versus placebo or no treatment,7,350.0,101.0,1.1783780862910935,0.09717560793784642,0.10934513246800359
CD010001_pub4,2,Specific vasodilator side effects,4,200.0,18.0,0.8368382614227561,0.21748537776993188,0.4868885693064484
CD010001_pub4,2,Vasodilator side effects,7,350.0,101.0,1.1783780862910935,0.09717560793784642,0.10934513246800359
CD010001_pub4,3,Clinical pregnancy,5,192.0,78.0,1.3065636252046287,0.08054447271367125,0.787212054627153
CD010001_pub4,3,Clinical pregnancy: vasodilator versus placebo or no treatment,23,1119.0,375.0,1.0591079130439582,0.24156636941009002,0.3724401493653289
CD010001_pub4,3,Clinical pregnancy: vasodilators versus oestrogens,4,192.0,78.0,1.2983338489390426,0.08168849796021828,0.7982350843959282
CD010001_pub4,3,Specific vasodilator side effects,19,810.0,173.0,1.193500117659545,0.08257275442641293,0.3308419169893506
CD010001_pub4,4,Clinical pregnancy,23,1119.0,375.0,1.0679188640519524,0.23133145925323007,0.4123950672046788
CD010001_pub4,4,Endometrial thickness,3,120.0,38.0,1.0111593784272348,0.3291617372870619,0.002344421015135545
CD010001_pub4,5,Clinical pregnancy: vasodilator versus oestrogen,5,192.0,78.0,1.3065636252046287,0.08054447271367125,0.787212054627153
CD010001_pub4,6,Other adverse effects,20,1101.0,51.0,0.9193548757044039,0.08179397356823088,0.13168278607068418
CD010145_pub2,1,Adverse events (related to the study treatment),3,92.0,19.0,1.273312817352326,0.06495492840102617,0.7752367518056112
CD010145_pub2,2,Adverse event (fatigue),10,659.0,131.0,1.7359696762627834,0.0020753171723221094,0.9408037652093331
CD010145_pub2,3,Adverse event (nausea),6,350.0,129.0,2.1286081359195412,0.0006208718209008314,0.8691162945405013
CD010145_pub2,4,One-year survival rate,6,241.0,121.0,1.0173941559367803,0.4548594390631488,0.11144016577562654
CD010145_pub2,5,Two-year survival rate,3,512.0,62.0,0.8035962395119698,0.5156084862277575,0.4367631340280562
CD010145_pub2,6,Three-year survival rate,3,339.0,7.0,0.16980999667233498,2.704745640961491,0.9334399388844044
CD010145_pub2,18,(Additional table) CR until progression of the disease,14,1716.0,30.0,0.6653099507871698,0.17491446888554893,0.722025462870102
CD010145_pub2,19,(Additional table) PR until progression of the disease,14,1735.0,219.0,0.8876923268458539,0.2855829177989124,0.19819745793341836
CD010145_pub2,20,(Additional table) SD until progression of the disease,12,1637.0,510.0,0.9700538159048123,0.3902078060525213,0.12659419316656118
CD010145_pub2,21,(Additional table) PD until progression of the disease,12,1637.0,891.0,1.0395055751375477,0.38627622813993195,0.04411876117954783
CD010145_pub2,22,One-year survival rate without Novik 2021,5,232.0,115.0,1.0153912467914292,0.4586219903027863,0.0610405083426141
CD010216_pub10,1,Adverse events,3,316.0,222.0,1.3113527448142293,0.11622403352255918,0.9882275456684044
CD010216_pub10,1,Smoking cessation,47,10752.0,1406.0,1.198875927489116,0.014452083805751342,0.22159465182562976
CD010216_pub10,2,Adverse events,32,5173.0,2398.0,0.9440385047273366,0.7609301686761825,0.17084113809746193
CD010216_pub10,3,Serious adverse events,48,7986.0,296.0,0.6826446917660303,0.5690615449401125,0.9117422110601026
CD010216_pub10,14,Product use at 6+ months,5,731.0,281.0,1.2627354784494271,0.0696005299360734,0.9697497615281717
CD010216_pub10,18,Product use at 6+ months,6,901.0,389.0,1.3264425574036705,0.048767157956082,0.954585943920686
CD010216_pub9,1,Smoking cessation,41,10213.0,1330.0,1.1478780389834708,0.021226239103846974,0.1397746561454567
CD010216_pub9,2,Adverse events,23,4604.0,2016.0,0.9196946512921359,0.8964251151748683,0.20709783892485334
CD010216_pub9,3,Serious adverse events,37,7214.0,287.0,0.6899443154951732,0.5507810705794968,0.9293517425369128
CD010216_pub9,11,Product use at 6+ months,4,601.0,219.0,1.2513797643178002,0.074085594284505,0.9629888633341596
CD010216_pub9,18,Product use at 6+ months,6,901.0,389.0,1.3264425574036705,0.048767157956082,0.954585943920686
CD010290_pub4,1,Live birth rate per woman,3,357.0,174.0,1.285374139080691,0.09059162026089154,0.9978026441376193
CD010290_pub4,1,Live birth rate per woman by urinary gonadotropins,5,256.0,49.0,1.0340988777566267,0.16086909405528232,0.06906805239621439
CD010290_pub4,2,Live birth rate per woman by sponsor,5,256.0,49.0,1.0340988777566267,0.16086909405528232,0.06906805239621439
CD010290_pub4,2,Multiple pregnancy per woman,4,370.0,8.0,0.8574595725331822,0.04858282015431253,0.5286388160799032
CD010290_pub4,3,Clinical pregnancy rate per woman,4,370.0,202.0,1.5223108811857364,0.02867237326607388,0.8626895192129737
CD010290_pub4,3,Multiple pregnancy per woman by urinary gonadotropins,8,693.0,17.0,1.4764950421707106,0.0012602722705187177,0.40294039707224016
CD010290_pub4,4,Multiple pregnancy per woman by sponsor,8,693.0,41.0,0.24769635731629225,7.750205953849828,0.9923882531964285
CD010290_pub4,5,Clinical pregnancy rate per woman by urinary gonadotropins,8,673.0,169.0,0.7358917737824116,1.409215278794455,0.9796440941190852
CD010290_pub4,6,Multiple pregnancy per clinical pregnancy by urinary gonadotropins,8,167.0,17.0,1.6959787669723634,0.00345850234493527,0.521455759094845
CD010290_pub4,7,Miscarriage rate per woman by urinary gonadotropins,7,500.0,29.0,0.8264993181718192,0.1916512582725799,0.35140940033404366
CD010290_pub4,9,Incidence of OHSS per woman by urinary gonadotropins,10,797.0,28.0,1.307039635851093,0.005403040075342818,0.14809658420060123
CD010290_pub4,13,Sensitivity analysis: live birth rate per woman - random effects model,5,256.0,49.0,1.0340988777566267,0.16086909405528232,0.06906805239621439
CD010290_pub4,14,Sensitivity analysis: live birth rate per woman - odds ratio,5,256.0,49.0,1.0340988777566267,0.16086909405528232,0.06906805239621439
CD010290_pub4,15,Sensitivity analysis: multiple pregnancy per woman - low risk studies,4,405.0,10.0,1.7732479537478465,0.0002681623694690488,0.9078444859283835
CD010290_pub4,16,Sensitivity analysis: multiple pregnancy per woman - random effects model,8,693.0,17.0,1.4764950421707106,0.0012602722705187177,0.40294039707224016
CD010290_pub4,17,Sensitivity analysis: multiple pregnancy per woman - odds ratio,8,693.0,17.0,1.4764950421707106,0.0012602722705187177,0.40294039707224016
CD010441_pub3,1,Incidence of perineal trauma (tears or episiotomy or both),6,386.0,239.0,1.170154692372403,0.2202689395710184,0.7400657917890783
CD010441_pub3,2,Incidence of episiotomy,6,386.0,127.0,0.876859260272889,0.7003382503537153,0.20078160755024144
CD010441_pub3,3,Incidence of first and second degree perineal lacerations,6,346.0,127.0,2.0712343041236494,0.0006835895764606475,0.9717301989773349
CD010533_pub3,3,Incidence of second primary malignancy,4,636.0,26.0,1.3385320341541573,0.005570654184560853,0.5908868752492843
CD010533_pub3,3,Treatment-related mortality,10,3815.0,10.0,0.9439235328074869,0.003982224734524197,0.01723297337266494
CD010533_pub3,4,"Adverse events, grade 3-4",4,1916.0,1508.0,0.8765592011811774,1.9024608968774976,0.7049837575669158
CD010533_pub3,4,Incidence of second primary malignancy,3,696.0,33.0,1.171685226422843,0.01663942183843895,0.5029756261280096
CD010533_pub3,5,Incidence of second primary malignancy,7,2959.0,101.0,0.7924827449447129,0.1718330952775994,0.9416071823702212
CD010583_pub6,1,Mortality (30 days),6,555.0,11.0,0.9422670956743322,0.030209699337567904,0.05769667997419192
CD010583_pub6,2,Intra-abdominal infection,6,519.0,48.0,1.4934593832287903,0.004588443857749261,0.5557031755633346
CD010583_pub6,3,Wound infection,5,459.0,28.0,1.0253819752970723,0.05214899672343973,0.030831626110695343
CD010583_pub6,4,Morbidity,4,388.0,173.0,1.5007638928337752,0.02491486691975029,0.9420992552588664
CD010583_pub6,6,Additional open procedures for postoperative complications,4,396.0,17.0,1.860003764735806,0.00028786913573975733,0.9630115213282644
CD010583_pub6,7,Additional open procedures for postoperative complications,4,393.0,39.0,1.7863667223088764,0.0011314798038972982,0.9012716403250907
CD010583_pub6,8,Additional radiological interventions for postoperative complications,3,322.0,51.0,1.4321621263724924,0.014428951813616957,0.9224600853161542
CD010861_pub3,1,Maternal mortality,3,286.0,1.0,0.0,1.0,1.0
CD010861_pub3,6,Infection,3,415.0,49.0,0.8734455442836181,0.25480690673125117,0.9887755378032588
CD010861_pub3,7,Compliance to treatment,6,502.0,496.0,0.9959743987961143,1.0101265112492217,0.5694018787296647
CD010861_pub3,8,Serious adverse events,3,383.0,13.0,1.2186966858454311,0.011238747567889559,0.10203128608368184
CD010861_pub3,9,Anaphylaxis or evidence of hypersensitivity,12,1186.0,3.0,0.301339806058486,0.3830189104456315,0.6703819860531761
CD010861_pub3,10,Flushing/Fishbane reaction,5,355.0,11.0,0.3611991036575507,1.5031545899235992,0.9628109728068686
CD010861_pub3,11,Injection site discomfort / reaction,5,640.0,21.0,1.4938394085139821,0.0014308114780412213,0.6043729112896311
CD010861_pub3,12,Constipation,9,875.0,8.0,0.17753264686269743,2.339898461295475,0.9907617295235018
CD010861_pub3,13,Nausea,7,577.0,6.0,0.9287861073372442,0.01646370845751059,0.13565207891050635
CD010861_pub3,14,Gastrointestinal pain,5,394.0,4.0,1.6524446843658336,0.00016412033339404847,0.36001171371870955
CD010861_pub3,15,Number of RBC transfused women,5,562.0,5.0,2.0869313446493454,8.615869565621413e-06,0.9033861295400922
CD010966_pub4,1,Adverse events occurring in more than 3% of participants in all treatment groups (combined data) versus placebo at up to 1 month,8,64.0,2.0,1.142419492339286e-13,1.9999999999990812,1.0
CD010966_pub4,2,Adverse effects: 100 mg and 200 mg lumacaftor groups (combined data) versus placebo at up to 1 month,30,1080.0,106.0,0.5261561011183067,2.840408172495171,0.9766897212015256
CD010966_pub4,2,Adverse events (at up to 1 month),21,189.0,32.0,0.8755963142074297,0.3651221242706736,0.12513193724601412
CD010966_pub4,2,Adverse events occurring in 10% or more participants (from days 15 to 21),21,560.0,44.0,0.7910081076263451,0.28123609106080016,0.7934093869214658
CD010966_pub4,2,Treatment-emergent adverse events (mild) at up to 1 month,4,47.0,26.0,1.1929623751974712,0.26970238566579613,0.774186849085756
CD010966_pub4,3,Adverse effects: 200 mg lumacaftor group versus placebo at up to 1 month,7,287.0,11.0,0.30680425465761607,2.03800889279384,0.9840868547741293
CD010966_pub4,3,Adverse events at up to 1 month,60,407.0,55.0,0.8367872843733127,0.30383115848491743,0.4006179097856233
CD010966_pub4,3,Adverse events occurring in > 10% of participants at up to 1 month,4,56.0,11.0,0.4115295072495856,1.8261286679567632,0.8489256585759818
CD010966_pub4,3,Most common adverse events (occurring in at least 10% of participants in either group),10,1008.0,158.0,0.6775905271013942,1.6794384658880732,0.601114390091493
CD010966_pub4,3,Treatment-emergent adverse events (moderate) at up to 1 month,4,47.0,13.0,0.9936906825384386,0.3248360358860528,0.0007519179669861487
CD010966_pub4,4,Adverse effects requiring study drug discontinuation at up to 1 month,4,72.0,4.0,1.0050528410446211,0.054787443099200105,0.10455213229235183
CD010966_pub4,4,Adverse events (at 1 month),101,1805.0,180.0,0.9305129785696696,0.18515708336912287,0.08018875772399492
CD010966_pub4,4,Most common adverse events (occurring in at least 10% of participants in either group),145,1381.0,168.0,1.002463289469953,0.12578147009366425,0.0004262032796145121
CD010966_pub4,4,Most common adverse events (occurring in at least 10% of participants in either group) (at day 57),15,270.0,35.0,0.636922853467822,0.9706975895847046,0.9909974886055067
CD010966_pub4,4,Most common adverse events (occurring in at least 10% of participants in either group) (at day 71),42,585.0,70.0,1.0454370005880214,0.0683242755700069,0.014175616648123945
CD010966_pub4,4,Most common adverse events (occurring in at least 10% of participants in either group) (at day 85),17,340.0,40.0,0.8818050846307361,0.20974068175247512,0.17062836794082148
CD010966_pub4,4,Most common adverse events (occurring in at least 10% of participants in either group) (day 43),33,198.0,16.0,0.9743310620450377,0.07783427165399542,0.013434355079476878
CD010966_pub4,4,Treatment-emergent adverse events (serious or severe) at up to 1 month,4,47.0,3.0,0.23594379089885065,1.06327622920446,0.9344902570338526
CD010966_pub4,4,Treatment-emergent adverse events with incidence > 10% in any treatment group (at 6 months),18,1854.0,360.0,0.4498676024030872,10.278420736723607,0.971061784959749
CD010966_pub4,5,Adverse events (at 1 month),25,500.0,47.0,0.3608619194032666,4.4941028897045205,0.9894453206467652
CD010966_pub4,5,Adverse events (at up to 1 month),15,825.0,99.0,0.5074512742681532,2.692052717483645,0.8707476153079876
CD010966_pub4,6,Adverse events (at up to 6 months),16,3232.0,679.0,0.43702504641688167,18.554887748327417,0.9848775126026039
CD010966_pub4,6,Adverse events by end of study (at 6 months),148,29238.0,5168.0,0.7374361022580053,2.4554857573964632,0.8135515980457125
CD010966_pub4,6,Most common adverse events (occurring in at least 10% of participants in either group),10,870.0,177.0,1.2633999533718283,0.05003933774617605,0.11740139248781245
CD010966_pub4,6,Most common adverse events (occurring in at least 10% of participants in either group) (6 months),12,2316.0,403.0,1.4114413990147194,0.0050339808491254474,0.8145957395695049
CD010966_pub4,16,Most common adverse events (occurring in at least 10% of participants in either group),61,4494.0,930.0,0.979973180190418,0.23226555136441523,0.03616852499835188
CD011039_pub2,3,Morbidity (by type),5,163.0,64.0,1.6782246440536044,0.013706966608857177,0.7252100887305895
CD011039_pub2,5,Serious adverse events (by type),5,163.0,20.0,1.8191762495354231,0.0017532589654841964,0.8565323227294214
CD011044_pub3,3,Response rate,8,826.0,321.0,1.009353694765448,0.33834576938250144,0.00683540396345983
CD011044_pub3,3,Response rates,9,509.0,114.0,1.1328667817255718,0.08586539108332421,0.43058258420810747
CD011044_pub3,4,Grade 3/4 anaemia,14,1195.0,119.0,1.1518789914410945,0.03525411189807129,0.5349692395887435
CD011044_pub3,4,Response rates,6,626.0,84.0,2.4122561525443538,1.2908091027186982e-05,0.7289378342274768
CD011044_pub3,5,Grade 3/4 anaemia,6,651.0,56.0,1.070722018692846,0.04880444359538942,0.18486969786296326
CD011044_pub3,5,Grade 3/4 neutropenia,14,1195.0,277.0,1.8191347953900803,0.001064277025632829,0.905577117850827
CD011044_pub3,6,Grade 3/4 neutropenia,6,651.0,171.0,1.6775622246797837,0.004186265564526509,0.7777571180314666
CD011044_pub3,6,Grade 3/4 thrombocytopaenia,11,727.0,58.0,1.1913648875935559,0.01871303091859693,0.24178905939283424
CD011044_pub3,7,Grade 3/4 nausea,9,854.0,77.0,0.8227041270821049,0.20655786565554188,0.3704837529187437
CD011044_pub3,7,Grade 3/4 thrombocytopaenia,6,651.0,61.0,1.5627865123992837,0.0035952954869769432,0.41638428453543963
CD011044_pub3,8,Grade 3/4 diarrhoea,10,1007.0,120.0,1.5423357624042389,0.0023341086710969043,0.6622462753191793
CD011044_pub3,8,Grade 3/4 nausea,6,434.0,27.0,1.165161324588489,0.022993334930289006,0.21011942124011618
CD011044_pub3,9,Grade 3/4 diarrhoea,5,269.0,11.0,0.9171664229686027,0.06928683839604247,0.34594662571157964
CD011044_pub3,9,Grade 3/4 neuropathy,8,521.0,49.0,0.6814065287794759,0.5960604328368047,0.672043677574075
CD011044_pub3,10,Grade 3/4 fatigue,7,457.0,83.0,0.8851681667350606,0.3591458267648343,0.8781959094530873
CD011120_pub3,1,Tobacco use cessation,19,2108.0,265.0,0.7727107818782187,0.5271824918530394,0.5707722072973458
CD011197_pub3,2,Serious adverse events,9,310.0,14.0,1.3330723031375116,0.00468295567991154,0.22558506940928025
CD011197_pub3,3,AF recurrence,4,189.0,57.0,1.99002445824219,0.0015174470570457565,0.912570210225194
CD011204_pub3,1,"Global rating, no change or improvement at 3 months (ITT)",4,419.0,346.0,0.9812392481706409,0.9207782619920883,0.9389528971340889
CD011204_pub3,1,"Global rating, no change or improvement at 3 months (OC)",4,304.0,249.0,0.988599996471433,0.8808684458368093,0.22633060625487766
CD011204_pub3,1,Proportion of all-cause discontinuations at 3 months,5,523.0,162.0,1.0817413641916398,0.1901506175027068,0.7116698346070411
CD011204_pub3,1,Proportion of discontinuations due to adverse events at 3 months,5,523.0,124.0,1.0853791509474928,0.15551702852113578,0.17075021830011583
CD011204_pub3,1,Proportion of participants experiencing nausea,18,4801.0,1003.0,0.9012060864601021,0.5770901770628385,0.4160112406412798
CD011204_pub3,2,"ADAS-cog, ≥ 4-point improvement at 6 months (OC)",7,1076.0,362.0,1.0553942897808717,0.23551893752080696,0.8074899710973644
CD011204_pub3,2,"Global rating, no change or improvement at 6 months (ITT)",11,2794.0,1798.0,0.9817150867152209,0.7498752641873431,0.5056318519983541
CD011204_pub3,2,"Global rating, no change or improvement at 6 months (OC)",10,1923.0,1255.0,1.0048496591797005,0.6399118053818426,0.11374752341651206
CD011204_pub3,2,"Global rating, no change or improvement, galantamine 16 to 24 mg/day",7,1339.0,878.0,0.9954518020838041,0.6961004862375176,0.00898640830958397
CD011204_pub3,2,Proportion of all-cause discontinuations at 6 months,13,4110.0,1052.0,0.9098976791568578,0.5267125014464751,0.7339798174024945
CD011204_pub3,2,Proportion of discontinuations due to adverse events at 6 months,12,3082.0,441.0,0.7859663988253097,0.794983518651391,0.7557003089184324
CD011204_pub3,2,Proportion of participants deceased at 6 months,10,3026.0,32.0,1.1511709150453209,0.0028617233658783225,0.5873456055014872
CD011204_pub3,2,Proportion of participants experiencing vomiting,16,3589.0,473.0,0.9551054968722191,0.19900568972127708,0.1509989874144103
CD011204_pub3,3,"Global rating, no change or improvement, galantamine 24 to 32 mg/day",13,2178.0,1526.0,1.052589465157542,0.470303073265342,0.7755327512047822
CD011204_pub3,3,Proportion of participants experiencing dizziness,11,2240.0,239.0,1.293906784184098,0.01297643937802886,0.7156543424263593
CD011204_pub3,4,"Global rating, no change or improvement, galantamine 32 to 36 mg/day",4,663.0,458.0,1.0016499204469331,0.6740750533513055,0.0037332151019978665
CD011204_pub3,4,Proportion of participants experiencing diarrhoea,14,3264.0,299.0,1.1271905743400168,0.03482479936432745,0.5937256188830717
CD011204_pub3,5,"Global rating, no change or improvement, galantamine 32 to 36 mg/day",4,488.0,334.0,1.0431710959974452,0.518472138732105,0.8362653207494883
CD011204_pub3,5,Proportion of participants experiencing anorexia,13,3391.0,309.0,1.1452944109420087,0.03190470412287096,0.41629732345478765
CD011204_pub3,6,Proportion of participants experiencing weight loss,7,1892.0,130.0,0.9256988901493566,0.12954129027026826,0.2623670722396345
CD011204_pub3,7,Proportion of participants experiencing abdominal pain,4,959.0,67.0,1.413841953558068,0.004278758322881644,0.9280552603613186
CD011204_pub3,8,Proportion of participants experiencing decreased appetite,3,198.0,11.0,0.9475527148429409,0.06926743510132002,0.06456054796110577
CD011204_pub3,9,Proportion of participants experiencing agitation,7,2080.0,161.0,1.2319505284266257,0.014558696412237044,0.6342380013131776
CD011204_pub3,10,Proportion of participants experiencing headache,10,2149.0,150.0,1.1519108271146041,0.026290532840978306,0.23337700228351022
CD011305_pub3,9,Clinically significant bleeding - WHO/CTCAE grade ≥ 2 or equivalent (0 to 3 months),3,192.0,51.0,0.4533343574445703,4.783789468789457,0.9991390752429855
CD011305_pub3,10,Severe bleeding - WHO/CTCAE grade ≥ 3 or equivalent (0 to 3 months),3,192.0,3.0,0.5923509273099485,0.13619000672039783,0.9973613408068884
CD011305_pub3,17,Number of participants with PLT transfusions from study entry (0 to 3 months),3,192.0,167.0,0.9806643094209794,0.9566073403703548,0.9061713796339027
CD011330_pub2,2,Withdrawal due to adverse effects,3,56.0,2.0,0.7607406282965627,0.102439685640576,0.5274976298357289
CD011330_pub2,3,Withdrawal due to adverse events,6,110.0,9.0,0.8324854164073044,0.19717426819923115,0.14166107775702275
CD011381_pub3,1,Comparisons for new gadolinium-enhancing positive T1-weighted MRI lesions (12 months) ,6,2712.0,886.0,1.2323972209599603,0.03634197434155316,0.14092455843614016
CD011381_pub3,1,Comparisons for relapse (12 months) ,18,5281.0,1378.0,0.9244136309332432,0.5847468395630403,0.21947852315624938
CD011381_pub3,1,Number of patients who discontinued treatment due to adverse effects,46,21656.0,1429.0,0.9563645497868833,0.09782937140046673,0.15374722119811368
CD011381_pub3,2,Comparisons for new gadolinium-enhancing positive T1-weighted MRI lesions (24 months) ,13,4419.0,796.0,0.9226168071776706,0.28321993241620513,0.03673192309399209
CD011381_pub3,2,Comparisons for relapse (24 months),32,13093.0,4900.0,0.8922371268880628,1.0878289258474922,0.5067356021877688
CD011381_pub3,2,Number of patients with any serious adverse effect,38,20697.0,1861.0,1.0745767831611248,0.05232777888941027,0.0998658506920671
CD011381_pub3,3,Comparisons for new or enlarging T2-weighted MRI lesions (12 months),7,2729.0,1759.0,1.1777077532844016,0.14325159220493772,0.6982939496431728
CD011381_pub3,3,Comparisons for relapse (36 months),5,1556.0,775.0,0.9635181729028953,0.7385884982567704,0.08982586366493095
CD011381_pub3,4,Comparisons for disability worsening (24 months),35,15407.0,2123.0,0.9277555801468859,0.3159371772855671,0.6136841880038226
CD011381_pub3,4,Comparisons for new or enlarging T2-weighted MRI lesions (24 months),10,3798.0,2041.0,1.0126182563017663,0.4915997220266723,0.020666900219174278
CD011381_pub3,5,Comparisons for disability worsening (36 months),3,1283.0,242.0,0.943823611738353,0.285531632623723,0.9026126899466969
CD011381_pub3,11,Mortality,32,18604.0,37.0,0.9171022157508568,0.004203357968792266,0.5394949316955113
CD011468_pub2,1,Secondary patency,3,95.0,14.0,0.9514473893537747,0.15966909043432087,0.010024944632187838
CD011506_pub3,1,All-cause mortality prior to discharge,5,1191.0,188.0,1.1573945577955207,0.05825693374822914,0.6247031713842968
CD011506_pub3,3,All-cause mortality at longest follow-up,5,1191.0,189.0,1.125685209554568,0.0730279235756277,0.529821114438795
CD011506_pub3,5,Major brain injury diagnosed by brain ultrasound prior to discharge,5,1191.0,216.0,1.2633311142669013,0.031680494649570304,0.8569073482479294
CD011506_pub3,6,Intraventricular haemorrhage grade III or IV prior to discharge,5,1191.0,154.0,1.211584802396836,0.03263879558455321,0.8153781303382217
CD011506_pub3,8,Chronic lung disease at 36 weeks of gestational age,5,1191.0,423.0,0.9365493111307294,0.591370384544652,0.5395262842065389
CD011506_pub3,9,Proven necrotising enterocolitis prior to discharge,5,1191.0,121.0,1.0488224014886105,0.07692603031115941,0.32276097707536644
CD011506_pub3,10,Retinopathy of prematurity (any stage) prior to discharge,5,1191.0,126.0,0.808545484681216,0.3950092769265648,0.9741156176531066
CD011535_pub7,1,Biologic 1 versus biologic 2,31,8685.0,7235.0,1.022068254624173,0.6832721997868818,0.6124091118144444
CD011535_pub7,1,Non-targeted treatments versus placebo,27,5812.0,1948.0,1.0825468631415749,0.17407199985699937,0.3675313256848671
CD011535_pub7,2,Ciclosporin versus methotrexate,15,538.0,238.0,1.083193094665634,0.24806695031959397,0.14610360736788008
CD011535_pub7,3,Fumaric acid esters versus methotrexate,9,390.0,103.0,1.8121857969282797,0.002259012790253032,0.4887836832128327
CD011535_pub7,4,Anti-TNF alpha versus placebo,154,35706.0,14906.0,1.103410048271527,0.14742902250169548,0.48649378193417736
CD011535_pub7,5,Anti IL12/23 versus placebo,24,5862.0,3468.0,0.9447453899556993,0.9661649874966435,0.6035790177232669
CD011535_pub7,5,Anti-IL12/23 versus placebo,35,8633.0,3330.0,1.0727206088150434,0.20000649570299717,0.2566304865461919
CD011535_pub7,6,Anti-IL17 versus placebo,153,44584.0,23948.0,1.0701154990786663,0.24733726189192937,0.5172912780787098
CD011535_pub7,7,Anti-IL23 versus placebo,77,19201.0,9777.0,1.1777986884642124,0.09327813957141688,0.5909954939421939
CD011535_pub7,8,Biologics versus non-targeted treatements,61,6739.0,4003.0,1.1324192849540131,0.1808437605842982,0.5415038899413327
CD011535_pub7,9,Etanercept versus other anti TNF alpha,6,579.0,177.0,1.3416519466651124,0.03436566702630238,0.2957727887811945
CD011535_pub7,9,Etanercept versus other anti-TNF alpha,4,386.0,146.0,1.6347133316199183,0.009280575287698326,0.7776324900407532
CD011535_pub7,10,Anti TNF alpha versus other biologics,14,4132.0,2175.0,1.0267159325561859,0.40702408335539464,0.1441899447213909
CD011535_pub7,10,Anti-TNF alpha versus other biologics,23,6300.0,2088.0,1.2249264252864862,0.04144870657059156,0.5841170812163702
CD011535_pub7,11,Anti IL12/23 versus other biologics,20,5256.0,3161.0,0.9362460551144831,1.0580074337292955,0.9068486358842999
CD011535_pub7,11,Anti-IL12/23 versus other biologics,30,7884.0,3324.0,1.1017499876125783,0.16733879034087135,0.26184623775441285
CD011535_pub7,12,Anti-IL17 versus other biologics,22,5924.0,3961.0,0.908288205873821,1.462693288868053,0.4544599780825982
CD011535_pub7,13,Phosphodiesterase-4 inhibitors versus placebo,20,4091.0,933.0,1.2286851485751775,0.03360670535408268,0.6591396627745015
CD011535_pub7,14,Phosphodiesterase-4 inhibitors versus placebo,35,6853.0,1989.0,1.3287019220122662,0.016888117338646893,0.43811566011838754
CD011535_pub7,14,TYK-2 inhibitors versus placebo,10,2836.0,1226.0,1.1589153456829953,0.12091531612840703,0.531020265016977
CD011535_pub7,15,Apremilast versus other systemic treatements,11,1580.0,405.0,1.1201801728210612,0.10730575902443557,0.41130063761170454
CD011535_pub7,15,TYK-2 inhibitors versus placebo,15,4254.0,1519.0,2.496831194044856,1.7651551760228045e-06,0.8111813968287195
CD011535_pub7,16,Apremilast versus other systemic treatements,14,2285.0,660.0,1.4307328524983078,0.011798834852815753,0.6061185697880287
CD011575_pub3,1,All-cause mortality,4,8369.0,223.0,1.2644408721312468,0.002748737622064834,0.18610371100962164
CD011575_pub3,2,Stroke,4,8369.0,172.0,1.0697335262910233,0.01132517885575874,0.06674898441888588
CD011575_pub3,3,Serious cardiovascular adverse events,4,8369.0,401.0,1.1686529012751703,0.010591663953696798,0.3805449802845371
CD011575_pub3,4,Cardiovascular mortality,4,8369.0,93.0,1.9478238806485249,2.7405215702047117e-06,0.47174073148601336
CD011575_pub3,5,Non-cardiovascular mortality,4,8369.0,130.0,0.9928216369915993,0.0177945505618457,0.0004233214623785564
CD011575_pub3,6,Myocardial infarction/acute coronary syndrome,4,8369.0,125.0,1.5479238804622453,0.00010564032036223942,0.9837987966855603
CD011575_pub3,7,Heart failure (decompensation/hospitalisation/death),3,6835.0,34.0,1.039564180739427,0.0037775725902190298,0.0021766880638368624
CD011575_pub3,8,Renal failure,3,8008.0,24.0,0.7793803100583443,0.020621338691398136,0.6056429993564462
CD011575_pub3,11,Withdrawals due to adverse effects,3,8008.0,88.0,0.689623135387921,0.1807806454170504,0.9874599217817472
CD011575_pub3,14,All-cause mortality (excluding Wei),3,8008.0,136.0,0.9060028982746805,0.04015343994108995,0.7706295475018926
CD011575_pub3,15,Stroke (excluding Wei),3,8008.0,136.0,0.9154759081656831,0.03587156996357217,0.822003907389063
CD011575_pub3,16,Serious cardiovascular adverse events (excluding Wei),3,8008.0,334.0,1.0600367253683027,0.02377798946068321,0.4019992314872528
CD011575_pub3,17,Cardiovascular mortality (excluding Wei),3,8008.0,43.0,1.3893771115221107,0.0001712349221295912,0.8267863445673244
CD011575_pub3,18,All-cause mortality (excluding JATOS),3,6163.0,181.0,0.9798661133033787,0.03849450609098991,0.0006698681469154977
CD011575_pub3,19,Serious cardioavascular adverse events (excluding JATOS),3,6163.0,315.0,1.1360886535093206,0.01635920138125693,0.10556502733078266
CD011575_pub3,20,Stroke (excluding JATOS),3,6163.0,149.0,0.7879855732426663,0.15960450170699983,0.32583764771906487
CD011575_pub3,21,Cardiovascular mortality (excluding JATOS),3,6163.0,86.0,1.0764048940961048,0.008094670506120318,0.005790754423536271
CD011600_pub3,3,Moderate-to-severe exacerbations (≥ 1 exacerbation),5,7095.0,3126.0,1.3932260071854339,0.015667080836031726,0.9112515793923545
CD011600_pub3,10,"SGRQ, ≥ 4 decrease from baseline",7,17508.0,7445.0,1.0168815381935747,0.3586153279326288,0.7494348955426282
CD011600_pub3,12,Pneumonia,9,18880.0,1016.0,1.3008189999374775,0.003660970736079551,0.6167065575378632
CD011600_pub3,14,"Serious adverse events, pneumonia",9,18880.0,638.0,1.2819812990721704,0.0026307017143732117,0.6634853109010957
CD011600_pub3,15,"Serious adverse event, all-cause",9,18880.0,3759.0,1.2369916779305035,0.021582443339127087,0.8123713388570373
CD011600_pub3,23,"Death, all causes",9,18860.0,262.0,1.1135803151784103,0.0045651698415048935,0.9282602884939057
CD011600_pub3,25,"Death, cardiovascular causes",8,18096.0,90.0,1.1254380409411429,0.0013253231985624486,0.7327671184978818
CD011600_pub3,26,"Death, respiratory causes",6,16818.0,70.0,1.1231508135313906,0.0012695275911638769,0.7071284065881769
CD011626_pub3,7,Adverse events,11,268.0,38.0,0.9110417561406723,0.14303294448056453,0.06269775964190671
CD011627_pub3,1,Number of participants with incontinence-associated dermatitis,20,596.0,111.0,1.1453945919102517,0.08114271283269506,0.40614452663759437
CD011670_pub3,1,Overall morbidity,3,73.0,17.0,0.8190105424995453,0.5383017144476527,0.6293647484456779
CD011670_pub3,2,Wound infection,7,394.0,36.0,0.737599128311283,0.4272808128198108,0.9160007770586339
CD011670_pub3,3,Abdominal abscess,4,313.0,3.0,0.642107364011111,0.07996874643799444,0.5291926216294145
CD011670_pub3,5,Faecal fistula,5,194.0,3.0,0.5847169632426457,0.15365934647220883,0.7186623419446528
CD011671_pub3,1,Delayed graft function,10,1302.0,353.0,1.02585210581988,0.26120232304236296,0.015604353700630735
CD011671_pub3,2,Delayed graft function: type of donor,11,1302.0,353.0,1.0249034208606234,0.2720998345721411,0.01167228789625252
CD011671_pub3,3,Delayed graft function: era of study,10,1302.0,353.0,1.02585210581988,0.26120232304236296,0.015604353700630735
CD011671_pub3,4,Delayed graft function: preservation times,10,1302.0,353.0,1.02585210581988,0.26120232304236296,0.015604353700630735
CD011671_pub3,7,Primary non-function,5,560.0,25.0,0.47296469837656796,1.2380088059213001,0.9236542730743326
CD011671_pub3,10,"Patient survival (12-month follow up, dichotomous)",4,911.0,878.0,1.0107732535181144,0.897518024049831,0.9205938714908263
CD011689_pub4,1,Death,147,129766.0,21.0,0.5860157555837151,0.013813979335721177,0.4565241533631643
CD011689_pub4,2,PPH >= 1000 mL,317,185292.0,7106.0,1.2234119523881182,0.0024579123492369276,0.5090376648507353
CD011689_pub4,3,Blood transfusion,300,179763.0,2472.0,1.0209953171220612,0.00865257342366026,0.015196468461764145
CD011689_pub4,4,Severe maternal morbidity: intensive care admissions,36,85956.0,135.0,1.8397646974997892,1.0520974037673606e-07,0.5548833651952382
CD011689_pub4,6,PPH >= 500 mL,316,180349.0,24769.0,1.0452914854017383,0.0731908953165398,0.053133022873575686
CD011689_pub4,7,Additional uterotonics,372,180699.0,19839.0,1.1364782794926787,0.023434737768015787,0.4540087980761871
CD011689_pub4,10,Breastfeeding,15,12387.0,9903.0,1.030259268864459,0.6090962563927631,0.7300630237381933
CD011689_pub4,11,Nausea,238,105964.0,8389.0,0.7664207343954594,1.0163488893940191,0.5584400671857541
CD011689_pub4,12,Vomiting,300,175062.0,5724.0,0.5941855201383738,3.973707083092775,0.7558860313403393
CD011689_pub4,13,Headache,141,56749.0,2379.0,1.4775325739186242,0.0003501996059551113,0.44833122125076763
CD011689_pub4,14,Abdominal pain,81,77444.0,4098.0,1.252733576768588,0.009378665657848393,0.16152349358604923
CD011689_pub4,15,Hypertension,57,29679.0,2364.0,1.2669803532404942,0.004875793999024279,0.38767640480343757
CD011689_pub4,16,Shivering,267,93468.0,19419.0,1.0414078181562625,0.12829696859736014,0.127208729414244
CD011689_pub4,17,Fever,216,86538.0,6318.0,1.0928960363468259,0.02329804764916332,0.4458695740492008
CD011689_pub4,18,Diarrhoea,168,80823.0,1230.0,0.8197160341362351,0.10062625782289826,0.46287457486648464
CD011689_pub4,19,Maternal sense of well-being,6,4728.0,3192.0,1.1227412280057143,0.24365868030032103,0.6108073920945096
CD011689_pub4,19,Maternal well-being,24,17184.0,4011.0,1.208670894408622,0.03186094544285612,0.6644590559985808
CD011689_pub4,20,Maternal satisfaction,30,22368.0,13554.0,0.7885390236152922,4.4402486014979425,0.7295135859457509
CD011762_pub2,1,All-cause mortality,165,142366.0,394.0,0.7054441695411818,0.08649829106766262,0.9668790711502885
CD011762_pub2,1,Liver enzymes elevation,14,15991.0,348.0,0.8114770102015462,0.13100371941797354,0.7792951810972845
CD011762_pub2,1,"Major bleeding: rivaroxaban 10 mg/day, apixaban 5 mg/day, and other direct factor Xa drugs at low dose vs LMWH ",27,16200.0,133.0,0.9236247741608902,0.012764090300459894,0.10237922119858256
CD011762_pub2,2,Major VTE,237,138150.0,2060.0,0.7307959463307884,0.3640684723935695,0.8145122625006236
CD011762_pub2,3,Symptomatic VTE,245,158250.0,1110.0,0.9346377503046479,0.014431344152014903,0.26029409334732967
CD011762_pub2,4,Major bleeding,291,212566.0,2301.0,0.6671481802272892,0.5809262562821956,0.8344064877755948
CD011762_pub2,5,Major bleeding: rivaroxaban versus LMWH,116,76715.0,933.0,0.6914438904100983,0.4276506755125144,0.7044636768545415
CD011762_pub2,5,Serious non-hepatic adverse events,15,13155.0,883.0,0.9173477418854123,0.15117411171472336,0.8962858971629258
CD011762_pub2,6,Fatal VTE,9,9389.0,10.0,0.39852912215713676,0.2535433220914908,0.995681063648215
CD011762_pub2,6,Major bleeding: other direct factor Xa inhibitors (excluding rivaroxaban) versus LMWH,154,124728.0,1270.0,0.8203856587292556,0.06524589255736897,0.7791059930770474
CD011762_pub2,7,Asymptomatic distal DVT,12,2193.0,118.0,0.7624746313509709,0.32267254275893054,0.9434567485011057
CD011762_pub2,7,Serious hepatic adverse events,5,6084.0,4.0,0.9953475492359795,0.0006903946081742264,0.21265605494386208
CD011762_pub2,7,Serious non-hepatic adverse events,76,70562.0,4600.0,0.9265632568935854,0.15568768982653308,0.8597613001668066
CD011762_pub2,8,Asymptomatic distal DVT,11,2488.0,144.0,0.7133865176217136,0.5357470779584097,0.9590958021815879
CD011762_pub2,8,Fatal VTE,40,38663.0,44.0,0.5208133506226704,0.17094472570940614,0.9664128345296985
CD011762_pub2,8,Liver enzymes elevation,21,15670.0,288.0,0.7370187063526712,0.22453839440440895,0.9489434583301769
CD011762_pub2,8,Serious non-hepatic adverse events,59,56204.0,3635.0,0.9267122366830767,0.15164992476188663,0.8350066314370771
CD011762_pub2,9,Asymptomatic distal DVT,47,10076.0,565.0,0.954368451491041,0.08960831723372537,0.20727195218919792
CD011762_pub2,9,Fatal VTE,59,43600.0,39.0,0.5575424480002655,0.09968343054781471,0.9883651719478534
CD011762_pub2,9,Liver enzymes elevation,20,16415.0,342.0,0.7269590268240407,0.2871774561771073,0.8893192254077835
CD011762_pub2,10,Asymptomatic distal DVT,48,10166.0,576.0,0.8499863635062176,0.22857426297417793,0.7611048098215262
CD011762_pub2,10,Liver enzymes elevation,86,70242.0,1462.0,0.7743467136332653,0.25184087528968907,0.9052085781957848
CD011762_pub2,11,Fatal bleeding,36,32961.0,11.0,1.3048338628003506,1.4125973525601855e-05,0.5381749831221214
CD011762_pub2,12,Liver enzymes elevation,80,67941.0,1383.0,0.8008395101958953,0.1816165484488241,0.9357312308711504
CD011762_pub2,13,Minor adverse events,16,2684.0,1688.0,1.0059741239516202,0.636647199981034,0.020407934440300868
CD011793_pub3,1,Mortality,10,497.0,11.0,0.5743231318610895,0.28496453245417946,0.8850472111210664
CD011793_pub3,6,Deep sternal wound infection,8,440.0,7.0,0.6339339910239796,0.13807304492218372,0.7893714811709944
CD011793_pub3,12,Re-exploration,13,682.0,27.0,0.7346446724669322,0.21783161054729652,0.7231601672019363
CD011793_pub3,13,Postoperative atrial fibrillation,9,512.0,147.0,1.3137217151060154,0.03419566273284751,0.3012525138472434
CD011806_pub2,1,Withdrawals due to adverse events,5,117.0,1.0,0.0,1.0,1.0
CD011806_pub2,2,Clinical relapse (mixed IBD),3,159.0,25.0,1.1604142073618944,0.07124489298408675,0.9323609138542875
CD011806_pub2,2,Withdrawals due to adverse events – high-dose vitamin D versus low-dose vitamin D (mixed population),3,53.0,1.0,0.0,1.0,1.0
CD011806_pub2,3,Clinical relapse (mixed IBD) – sensitivity analysis (fixed-effect),3,159.0,25.0,1.1604142073618944,0.07124489298408675,0.9323609138542875
CD011806_pub2,17,Total serious adverse events – mixed dose (mixed population),11,526.0,3.0,4.413538253485767,3.4779854133012294e-12,0.7853728033906866
CD011806_pub2,18,Total serious adverse events – mixed dose (mixed population) – sensitivity analysis (fixed-effect),11,526.0,3.0,4.413538253485767,3.4779854133012294e-12,0.7853728033906866
CD011841_pub3,1,Recurrence of central serous chorioretinopathy at 12 months (± 6),3,92.0,9.0,0.3741909992681761,1.6284941848083239,0.99937686346025
CD011841_pub3,2,Persistent central serous chorioretinopathy at 12 months (± 6),4,174.0,55.0,1.3045347681904091,0.05056322585573296,0.2273802565358063
CD011841_pub3,2,Recurrence of central serous chorioretinopathy at 12 months (± 6),19,575.0,151.0,1.3933737592779258,0.0272887958889243,0.6849771652885006
CD011841_pub3,3,Persistent central serous chorioretinopathy at 12 months (± 6),9,423.0,103.0,0.7460745691023399,1.159305074073652,0.8568275728912449
CD011851_pub3,1,Fatal cardiovascular events,4,822.0,24.0,0.11260765906874481,11.103713608023758,0.9990882581677647
CD011851_pub3,2,Fatal cardiovascular events: sensitivity analysis using fixed-effect model,4,822.0,24.0,0.11260765906874481,11.103713608023758,0.9990882581677647
CD011852_pub2,4,Recovery,3,77.0,37.0,1.159187701996327,0.24445053434108463,0.9263579393936623
CD011858_pub2,1,Extracorporeal circuit thrombosis,13,375.0,50.0,1.0626512665745613,0.07468880398863466,0.03394863767045786
CD011858_pub2,2,Any bleeding,3,70.0,10.0,1.1680502366082481,0.04942946732719722,0.04145029498886632
CD011858_pub2,2,Cardiovascular adverse events,3,111.0,9.0,0.7797430900580329,0.23095901495181984,0.988555427673233
CD011858_pub2,3,Minor bleeding,5,160.0,32.0,0.9887178080764194,0.22503961084952068,0.010163044699946222
CD011858_pub2,4,Death (any cause),3,78.0,4.0,1.634099518155478,0.0037348916564180724,0.3954746985137678
CD011866_pub3,1,Dropouts,47,3106.0,1011.0,0.9523129833624963,0.5360481004036528,0.19430432540771903
CD011866_pub3,2,"Point abstinence, end of treatment",13,776.0,310.0,0.927589528655294,0.6660843375644979,0.4277455593412416
CD011866_pub3,3,"Point abstinence, longest follow-up",8,665.0,328.0,0.9315575398965444,0.7714313557438327,0.6473740475875487
CD011866_pub3,4,"Continuous abstinence, end of treatment",15,1034.0,307.0,0.8230258414799057,0.885790106714112,0.718208127140676
CD011866_pub3,5,"Continuous abstinence, longest follow-up",4,169.0,95.0,1.3230900580265337,0.1257190099551438,0.7738553598604725
CD011885_pub2,1,"Clinically relevant response, as defined by study authors",7,335.0,78.0,0.6413815658668707,0.8262702808165386,0.5353012258817291
CD011885_pub2,1,Response: exclusion of studies with unclear randomisation and allocation concealment methods,5,310.0,72.0,3.5220789351991333,1.193283941812313e-07,0.9834059611514001
CD011885_pub2,2,Tolerability: exclusion of studies with unclear randomisation and allocation concealment methods,5,317.0,12.0,0.5517783822320564,0.49173184064326986,0.9523227106560241
CD011885_pub2,2,Tolerability: leaving study early due to adverse effects,6,329.0,12.0,0.5796702149070461,0.41001953981141054,0.9427731606397245
CD011885_pub2,3,Response: exclusion of studies with a high risk of bias regarding blinding of participants and personnel,5,320.0,77.0,1.080382100152594,0.09639543088764263,0.04642217131342752
CD011885_pub2,4,"Exacerbations of psychosis, as defined by study authors",4,131.0,2.0,0.19064459975845172,0.8843589876013963,0.961269207904018
CD011885_pub2,4,Tolerability: exclusion of studies with a high risk of bias regarding blinding of participants and personnel,4,314.0,12.0,0.627249972417646,0.323382941851893,0.9727951728090947
CD011885_pub2,5,Acceptability: leaving study early for any reason,6,329.0,82.0,1.0389879068767125,0.23421393905422985,0.18654790319418324
CD011885_pub2,6,Efficacy: leaving study early due to inefficacy of treatment,6,329.0,11.0,0.47979590895055546,0.5871191322292518,0.9625398791276244
CD011885_pub2,7,General mental state: clinically important change in PANSS total score,3,194.0,102.0,1.0028338285731335,0.5191327960615283,0.0005911354886568576
CD011885_pub2,7,Response: fixed-effect model,7,335.0,78.0,0.6413815658668707,0.8262702808165386,0.5353012258817291
CD011885_pub2,8,Tolerability: fixed-effect model,6,329.0,12.0,0.5796702149070461,0.41001953981141054,0.9427731606397245
CD011885_pub2,10,Remission as defined by Andreasen (2005),4,131.0,61.0,1.4483759908004816,0.04359359222447478,0.5485096649340886
CD011885_pub2,18,"Depressive symptoms: clinically relevant response, as defined by study authors",3,201.0,147.0,0.35170488015821033,22.7811882426529,0.996534699547515
CD011885_pub2,25,Adverse effects: number of participants experiencing at least one adverse effect,3,201.0,126.0,1.0790087446554868,0.41136452313352007,0.2938453490679529
CD011885_pub2,26,Adverse effects: extrapyramidal – akathisia as a dichotomous outcome,3,295.0,11.0,3.344232430336544,7.275254432915664e-08,0.7379378445767748
CD011885_pub2,42,Adverse effects: headache,3,295.0,15.0,1.0262191203811075,0.04336347876179134,0.10505620119238535
CD011885_pub2,44,Adverse effects: insomnia,3,295.0,17.0,1.8066988451613648,0.000539717688829719,0.6220886334341904
CD011885_pub2,49,Adverse effects: sedation,3,295.0,40.0,2.345344608357675,7.682241792187871e-05,0.5074488801687764
CD011885_pub2,53,Adverse effects: weight – clinically important increase in weight (≥ 7%),3,295.0,45.0,0.664171133992298,1.0821804041807783,0.44583820835801247
CD012049_pub2,8,Self-reported measures of oral health-related behaviours (dichotomous measures),3,95.0,80.0,0.8936928621094825,1.3633058276189336,0.9969661177442645
CD012067_pub3,2,Adverse events,4,48.0,16.0,0.8210212064267435,0.7156938462813374,0.36537593164426885
CD012067_pub3,3,Death,3,790.0,5.0,1.3174218347228557,0.00048791580318716533,0.07573853848171541
CD012067_pub3,4,Adverse events,9,261.0,7.0,0.7253057656694976,0.1215252532471489,0.5167097251804232
CD012067_pub3,5,Adverse events,3,54.0,11.0,0.929327374583482,0.27620786022879484,0.610822987392174
CD012067_pub3,5,Death,3,946.0,3.0,0.1463344202283795,0.9054483349615519,0.9290297889343135
CD012067_pub3,6,Pain,11,2796.0,342.0,0.25468263924553125,45.01356843138406,0.9992679208982287
CD012067_pub3,8,Adverse events,5,156.0,27.0,0.6429942315439321,0.8716807633950551,0.6663480531559786
CD012067_pub3,10,Adverse events,9,2196.0,115.0,1.0915089036432428,0.021928697865446014,0.07039224546452805
CD012067_pub3,13,Adverse events,11,424.0,105.0,0.6400977749082766,1.6633195794070883,0.6107106752097274
CD012067_pub3,14,Dose completion,3,93.0,50.0,1.3406771862478628,0.11128346661526535,0.8474813151883593
CD012067_pub3,15,Serious adverse events,4,1823.0,268.0,0.6707752471688793,1.7748576010237416,0.9605066634358249
CD012067_pub3,16,Adverse events,39,15826.0,3072.0,0.9108435542570417,0.44532065826599343,0.5256899381452531
CD012067_pub3,17,Withdrawal due to adverse events,3,862.0,73.0,0.5117379079912214,2.312158393997957,0.9826154732897892
CD012067_pub3,18,Adverse events,9,615.0,39.0,1.2208974995096138,0.011532385125497811,0.1392310958950762
CD012067_pub3,21,Adverse events,27,2001.0,609.0,0.963082744426155,0.40346657757671095,0.028123297604991437
CD012067_pub3,23,Adverse events,25,2297.0,416.0,0.9825596973671108,0.1744149392057968,0.004129600270940781
CD012079_pub2,1,Awareness of prolapse (0.5 to 7 years),16,1272.0,253.0,1.3996748059353927,0.011964737118684479,0.8289591950479434
CD012079_pub2,1,Awareness of prolapse (1 to 3 years),7,639.0,154.0,1.2281134993899134,0.032449984658878384,0.25161035352910954
CD012079_pub2,2,Repeat surgery ,5,431.0,22.0,1.056948933947888,0.02471785987518377,0.060669978960208315
CD012079_pub2,2,Repeat surgery (0.5 to 7 years),54,3915.0,213.0,1.230149598100296,0.009358605747580172,0.7513835965244176
CD012079_pub2,2,Repeat surgery (1 to 2 years),6,426.0,34.0,0.6878819064260762,0.39985160450023116,0.6205974028757186
CD012079_pub2,3,Recurrent prolapse on examination (any compartment) ,36,2593.0,703.0,1.1530901193308856,0.07664522110094801,0.5399323018438399
CD012079_pub2,4,Recurrent prolapse on examination (anterior compartment) ,22,1129.0,197.0,0.8023883911960756,0.6479865981117027,0.6707299372398843
CD012079_pub2,5,Recurrent prolapse on examination (posterior compartment) ,4,180.0,15.0,0.802011172921803,0.2176706269736747,0.4319581516223313
CD012079_pub2,6,Visceral injury ,20,1288.0,27.0,0.73605157499816,0.1597716742769538,0.8672040861588005
CD012079_pub2,7,Mesh exposure,32,1717.0,162.0,1.2197312990748999,0.02610620303816802,0.5874246429002805
CD012079_pub2,10,Bladder function: de novo stress urinary incontinence,4,145.0,14.0,0.9692414542079119,0.1052299046675014,0.0074268582658656435
CD012079_pub2,10,Bladder function: de novo stress urinary incontinence (0.5 to 7 years),16,907.0,135.0,1.6183912835063379,0.0025053569786478735,0.6655000432212356
CD012079_pub2,11,Bladder function: de novo urge incontinence or voiding dysfunction ,14,573.0,55.0,0.965632513370929,0.0930337154384423,0.01647111392510181
CD012079_pub2,12,Painful intercourse - de novo dyspareunia ,19,723.0,59.0,1.1745731450654227,0.029992031761148546,0.21291488612106624
CD012079_pub2,16,Patient Global Impression of Improvement (PGI-I) (better or very much better),4,238.0,197.0,1.1251023846582915,0.42283332419599934,0.974345274893943
CD012079_pub2,19,Blood transfusion,10,993.0,26.0,0.9577740725044694,0.04929992060367937,0.004157589390061611
CD012079_pub2,20,Any repeat surgery (0.5 to 7 years),26,1840.0,213.0,1.3351412850295947,0.011161159250593623,0.7668166830331602
CD012079_pub2,21,Awareness of prolapse (0.5 to 7 years) including trials at high risk of bias ,17,1350.0,277.0,1.397510189980341,0.012093950687910334,0.8373202521094839
CD012079_pub2,22,Repeat surgery (0.5 to 7 years) including trials at high risk of bias,56,4069.0,223.0,1.2780947552854822,0.006391950827830999,0.8288764481663484
CD012079_pub2,23,Recurrent prolapse on examination (any compartment) including trials at high risk of bias,25,1828.0,487.0,1.3319804505302109,0.022504596074071848,0.8921172658839429
CD012079_pub2,24,Any repeat surgery (0.5 to 7 years) including trials at high risk of bias,27,1917.0,223.0,1.3255831479469822,0.011833362951720479,0.7535381567260171
CD012178_pub2,1,Incidence of ROP at any stage,4,273.0,57.0,0.7919156936325175,0.634627358123085,0.9258844770410954
CD012178_pub2,2,Incidence of ROP stage 3 and above,4,273.0,20.0,0.8822883071213155,0.14185597593249125,0.8604318844585739
CD012178_pub2,3,Mortality assessed throughout NICU stay,4,240.0,11.0,0.8417087956498224,0.11324948358908142,0.932288638905959
CD012178_pub2,4,Incidence of IVH (all grades of IVH and severe IVH grades III and IV),4,240.0,14.0,1.314103701480755,0.014040217373272478,0.37739786776158357
CD012178_pub2,5,Incidence of NEC,5,332.0,14.0,1.179049302442191,0.019213094702243312,0.4578943113952898
CD012182_pub3,1,Pain relief of 50% or greater,20,821.0,207.0,1.5981304731516288,0.004789477999879625,0.7914507663677676
CD012182_pub3,2,Patient Global Impression much or very much improved,11,680.0,173.0,0.9824572648904523,0.3081500827588815,0.022565921948690892
CD012182_pub3,3,Withdrawals due to adverse events,22,1173.0,120.0,1.803956215567351,0.0004752118547141499,0.6209170903217127
CD012182_pub3,4,Serious adverse events,23,1186.0,72.0,1.3847514923669222,0.004493238251122191,0.6474458971726026
CD012182_pub3,5,Pain relief of 30% or greater,22,1110.0,479.0,0.9738534373902062,0.48935804469318345,0.21364978837913484
CD012182_pub3,6,Specific adverse event: nervous system disorders,21,1131.0,609.0,1.0338956611250163,0.45030103329553206,0.2889909686771075
CD012182_pub3,7,Specific adverse event: psychiatric disorders,19,1038.0,103.0,0.9247845598160702,0.15673358981209817,0.3960331336825126
CD012182_pub3,12,Withdrawals due to lack of efficacy,19,952.0,12.0,1.4248896519991792,0.0008153241237448667,0.4374341380138823
CD012182_pub3,13,Any adverse event,17,1006.0,764.0,0.9488831908877408,1.1394378634542612,0.9014872182736355
CD012186_pub2,1,SAEs,91,32507.0,3605.0,1.1241028767586398,0.03434038470696824,0.47127042632723726
CD012186_pub2,2,Withdrawals due to AEs,111,34434.0,2522.0,0.971840166952075,0.0961303498004066,0.1294526202981242
CD012214_pub3,1,"Regression of endometrial hyperplasia (with or without atypia) to proliferative, secretory or atrophic endometrium",4,134.0,95.0,0.9680077403655305,0.8505216995354956,0.0736656008347526
CD012214_pub3,1,"Regression of endometrial hyperplasia (with or without atypia) to proliferative, secretory, or atrophic endometrium",3,66.0,61.0,0.9692133871295336,1.0268398844331537,0.23614452650655726
CD012214_pub3,5,Adverse effects during treatment,4,100.0,40.0,0.9131714128950739,0.47658908989346876,0.06433751959915135
CD012397_pub2,7,"Specific behaviours: aggression, other episode of aggression (incidents per treatment days)",6,19896.0,154.0,1.462336259801245,8.554675229738248e-05,0.7155990554597743
CD012397_pub2,8,"Specific behaviours: aggression, other episode of aggression (participants)",4,416.0,38.0,0.3722173063873512,4.014474415908274,0.9983741659391271
CD012426_pub2,1,Unfavourable functional outcome at 90 days,3,726.0,407.0,1.165340509799221,0.20109761001708804,0.8579562037757618
CD012426_pub2,2,All-cause mortality at 90 days,4,731.0,81.0,1.181957112625298,0.04404230010299384,0.37038279531708374
CD012426_pub2,3,Serious adverse events at 90 days: Sensitivity analysis to remove studies with results at high risk of bias,3,652.0,193.0,0.636745171189613,3.10747776038886,0.9996196936239818
CD012426_pub2,4,Serious adverse events at 90 days,4,731.0,213.0,1.1082232680901773,0.1663710358178282,0.4051555139180002
CD012426_pub2,4,Serious adverse events at 90 days: Sensitivity analysis to remove Hacke 2014,3,415.0,147.0,1.202736052761954,0.10439672617540731,0.999994827611665
CD012426_pub2,5,Adverse events at 90 days,3,652.0,572.0,0.9215244463012697,1.457585870579201,0.9992391061850552
CD012429_pub2,1,Leaving the study early for any reason,3,209.0,66.0,0.9097262394548629,0.5272863629701994,0.5649507599159911
CD012429_pub2,1,Total serious adverse events/effects,4,223.0,17.0,0.522660036068535,0.9745038353289313,0.9723869014778761
CD012429_pub2,2,Due to adverse events/effects,3,209.0,16.0,0.6384091498840474,0.5711266861636269,0.7896186971685462
CD012429_pub2,2,Need for additional benzodiazpines,3,209.0,186.0,0.9620030123257275,1.0976457910272488,0.8229332727372177
CD012429_pub2,2,Severe adverse events/effects,3,209.0,32.0,1.3400165388041403,0.029245416428429774,0.396218517260277
CD012429_pub2,3,Due to loss to follow-up,4,223.0,3.0,0.35237017253370195,0.4680079808499092,0.9454218805750354
CD012429_pub2,3,Sedation,4,223.0,35.0,1.4062332936363693,0.017500348523393237,0.999506618275796
CD012429_pub2,4,Constipation,3,209.0,9.0,1.3201578091540593,0.006312011137100511,0.2553034495537715
CD012429_pub2,4,Due to lack of efficacy of treatment,3,209.0,50.0,0.6880952478348445,1.2966585667672317,0.9619473716762378
CD012429_pub2,5,Headache,3,209.0,47.0,0.9977947717160527,0.22737246923308577,0.5533480984015338
CD012429_pub2,6,Somnolence,3,209.0,16.0,1.2615606727317765,0.017744654234568943,0.7071669142064702
CD012429_pub2,7,Fatigue,3,209.0,16.0,1.024132289644918,0.05774745640370783,0.0036487843279155996
CD012429_pub2,8,Agitation,3,209.0,15.0,0.878014213904126,0.14982916142761998,0.23547837462763666
CD012429_pub2,9,Insomnia,4,223.0,17.0,1.01678724431003,0.06571234066534493,0.02670303119481643
CD012429_pub2,10,Akathisia,4,223.0,26.0,1.6747431803363717,0.0032422072932557513,0.9777687619193154
CD012429_pub2,11,Extrapyramidal disorder,3,209.0,10.0,1.5058292391520254,0.0033508518530045934,0.9521316145287967
CD012429_pub2,13,Dizziness,3,209.0,11.0,0.9281254588232785,0.07532905842216726,0.5404858656273287
CD012429_pub2,14,Tremor,3,209.0,2.0,0.679368549510358,0.059082306509958084,0.5672977489188404
CD012429_pub2,18,Abdominal discomfort,3,209.0,1.0,0.0,1.0,1.0
CD012429_pub2,19,Diarrhea,3,209.0,7.0,0.783282921926626,0.10614254948534739,0.9973041452754712
CD012429_pub2,20,Dyspepsia,3,209.0,28.0,0.9472091072833915,0.17435793052440018,0.5440810664145095
CD012429_pub2,21,Nausea,4,223.0,28.0,1.1319833501646164,0.06205071683551739,0.5183643396574611
CD012429_pub2,22,Toothache,3,209.0,4.0,0.6390366885545521,0.13052382650954547,0.9962067578914034
CD012429_pub2,23,Vomiting,3,209.0,22.0,1.3416141411741813,0.015536805605334696,0.688159784533624
CD012503_pub3,1,Cardiovascular events during follow-up (for all studies),8,2165.0,110.0,3.76436963882808,3.013910655211194e-11,0.9983896648501275
CD012503_pub3,1,Excellent functional outcomes (mRS 0-1) at 90 days (for all studies),10,1539.0,991.0,0.9964506171567635,0.6451991547443643,0.0047622436498000464
CD012503_pub3,1,Functional independence (mRS 0-2) at 90 days (for all studies),11,1964.0,1481.0,0.9894127075555543,0.8220124126975782,0.26790852023843925
CD012503_pub3,1,Intracerebral haemorrhagic events during follow-up,12,2926.0,30.0,0.5374576570454027,0.2810112160006563,0.7615317435605942
CD012503_pub3,1,Mortality during follow-up (for all studies),15,3574.0,167.0,1.004708636863072,0.04714137729684574,0.0006022786541040048
CD012503_pub3,1,Recurrence of ischemic stroke at the endpoint (for all studies),17,3383.0,338.0,1.1538715564490567,0.02407893608568497,0.2629310988225987
CD012503_pub3,1,Treatment-related adverse events,17,3594.0,231.0,0.9459659725463637,0.08580837574975224,0.03357325234947561
CD012503_pub3,2,Cardiovascular events during follow-up (based on unilateral or bilateral limb RIC intervention),8,2165.0,110.0,3.76436963882808,3.013910655211194e-11,0.9983896648501275
CD012503_pub3,2,"Subgroup analysis, excellent functional outcomes (mRS 0-1) at 90 days (based on unilateral or bilateral limb RIC intervention)",10,1539.0,991.0,0.9958322352557643,0.6488587340450449,0.007020277675588549
CD012503_pub3,2,"Subgroup analysis, functional independence (mRS 0-2) at 90 days (based on unilateral or bilateral limb RIC intervention)",11,1964.0,1481.0,0.98857197644059,0.8219154292318431,0.2808762042860554
CD012503_pub3,2,"Subgroup analysis, recurrence of ischemic stroke at the endpoint (based on unilateral or bilateral limb RIC intervention)",16,3423.0,338.0,1.1717681682264407,0.02463583690624532,0.4999134240940811
CD012503_pub3,3,"Subgroup analysis, &nbsp;excellent functional outcomes (mRS 0-1) at 90 days (based on RIC intervention with reperfusion therapy)",7,1387.0,916.0,1.0006248792402967,0.6593259728464093,0.0005381721962016695
CD012503_pub3,3,"Subgroup analysis, functional independence (mRS 0-2) at 90 days (based on RIC intervention with reperfusion therapy)",6,1357.0,1067.0,0.9904133920321492,0.8451546186138365,0.8157107473720869
CD012503_pub3,3,"Subgroup analysis, recurrence of ischemic stroke at the endpoint (based on RIC intervention with reperfusion therapy)",15,2947.0,313.0,1.1115506274442823,0.029470830172735663,0.11678703894878995
CD012503_pub3,4,Cardiovascular events during follow-up (based on RIC intervention timing),8,2165.0,110.0,3.76436963882808,3.013910655211194e-11,0.9983896648501275
CD012503_pub3,4,"Subgroup analysis, &nbsp;excellent functional outcomes (mRS 0-1) at 90 days (based on RIC intervention timing)",10,1539.0,991.0,0.9949785816091451,0.6451663633195261,0.006847423862521906
CD012503_pub3,4,"Subgroup analysis, functional independence (mRS 0-2) at 90 days (based on RIC intervention timing)",11,1964.0,1481.0,0.9915990317741078,0.8129952989069622,0.16543880529384158
CD012503_pub3,4,"Subgroup analysis, recurrence of ischemic stroke at the endpoint (based on RIC intervention timing)",16,3364.0,338.0,1.1421779124883409,0.02547577530333679,0.2216001817726182
CD012503_pub3,5,Cardiovascular events during follow-up( based on the duration of RIC intervention),8,2165.0,110.0,3.76436963882808,3.013910655211194e-11,0.9983896648501275
CD012503_pub3,5,"Subgroup analysis, &nbsp;excellent functional outcomes (mRS 0-1) at 90 days (based on the duration of RIC intervention)",10,1539.0,991.0,0.9950746331379626,0.6489422392146487,0.008302129487326004
CD012503_pub3,5,"Subgroup analysis, functional independence (mRS 0-2) at 90 days (based on the duration of RIC intervention)",11,1964.0,1481.0,0.9944376729041563,0.785948625781149,0.055363452953323566
CD012503_pub3,5,"Subgroup analysis, recurrence of ischemic stroke at the endpoint (based on the duration of RIC intervention)",17,3383.0,338.0,1.1722871806871786,0.025117395917499535,0.547874104180235
CD012570_pub2,2,Withdrawal due to adverse effects (WDAE),9,2698.0,64.0,1.0805027592031056,0.013606105173732017,0.1627476611936296
CD012570_pub2,3,Serious adverse events,6,1704.0,24.0,2.040924047270587,8.160925071147539e-06,0.7471646593723998
CD012570_pub2,4,Adverse events,10,2731.0,883.0,0.8310323358848992,1.236081593699116,0.9010542240806533
CD012572_pub3,1,All-cause mortality,4,322.0,12.0,0.6582621597730473,0.35065079706415103,0.24690410494906745
CD012572_pub3,5,Stroke (fatal + non-fatal + transient ischaemic attack),3,268.0,3.0,0.6048354298731082,0.09555711820913508,0.814184042182891
CD012572_pub3,13,Success rate – withdrawal/resumption due to hypertension or other clinical reason,3,171.0,46.0,1.6120715718878458,0.011959774278386967,0.9748160834694483
CD012586_pub2,1,Cancellation,3,154.0,9.0,0.6556731766337627,0.362163367547699,0.8974552697312529
CD012586_pub2,1,Clinical pregnancy,3,230.0,64.0,0.6748555195675132,1.7706129043942236,0.7139586958312132
CD012586_pub2,1,Live birth or ongoing pregnancy,180,21608.0,5269.0,1.1545460873456188,0.05710781426496304,0.8825420918198904
CD012586_pub2,1,OHSS,3,569.0,22.0,1.2216501465957226,0.009095105318677823,0.823544393365014
CD012586_pub2,2,Clinical pregnancy,11,903.0,292.0,1.3905536607571878,0.026242474235609475,0.8267120130484035
CD012586_pub2,2,Miscarriage,5,313.0,12.0,0.5715254724272928,0.41920072877564957,0.7341703472364574
CD012586_pub2,2,OHSS,71,11135.0,946.0,1.2044892728035248,0.009093140174351986,0.431447301737816
CD012586_pub2,3,Cancellation,9,558.0,37.0,1.2083588298071513,0.0146878256699226,0.13761136455445677
CD012586_pub2,3,Clinical pregnancy,44,5963.0,1665.0,1.0868431498390945,0.14537635739576465,0.6501089972782182
CD012586_pub2,4,Cancellation,6,492.0,22.0,0.5091803420797565,0.7282691105168775,0.48829848323802727
CD012586_pub2,4,Miscarriage,3,232.0,14.0,0.8010305305984562,0.1727122376936455,0.9487968480923312
CD012586_pub2,4,Multiple pregnancy,19,3002.0,206.0,1.144351922411184,0.025238351722153107,0.40515540725131227
CD012586_pub2,5,Cancellation,7,1103.0,80.0,0.7387614590979019,0.533819507438843,0.6900671070498803
CD012586_pub2,5,Miscarriage,35,5694.0,385.0,1.1441955093498464,0.01966823635553742,0.7813986890477664
CD012586_pub2,6,Cancellation,6,1637.0,121.0,1.1974187804654495,0.020058808516290317,0.254669646433918
CD012586_pub2,6,Ectopic,9,1322.0,11.0,1.3922903835874187,0.0007178330598768547,0.5264233351885428
CD012586_pub2,7,Cancellation,35,4987.0,369.0,0.9760302355046269,0.08217243848314194,0.03111946454308734
CD012589_pub2,1,Survival of implant,9,342.0,4.0,1.8748171355124685,9.76207739739633e-05,0.34289758978201734
CD012589_pub2,2,Radiographic lower limb alignment measured by outliers in FTCA,3,135.0,28.0,1.019420301383735,0.19667401432272466,0.032918123494382945
CD012589_pub2,3,Radiographic lower limb alignment measured by outliers in FTCA,29,1204.0,234.0,1.376715321018544,0.01808899110825621,0.39346298903298305
CD012589_pub2,4,Alignment measured by outliers in FTCA,18,781.0,158.0,1.5556771097125552,0.006588164271589198,0.47809068289335566
CD012589_pub2,5,Outliers in femur coronal alignment,8,227.0,24.0,0.9555063707175705,0.14719983103329976,0.03026249104785117
CD012589_pub2,5,Total adverse events,14,579.0,61.0,0.8377973150835135,0.30287459803019007,0.5081493336740199
CD012589_pub2,6,Outliers in tibia coronal alignment,10,469.0,35.0,1.0323215465836777,0.06347224289660611,0.015611740824122644
CD012589_pub2,6,Re-operation rate,10,419.0,16.0,0.6472263431152105,0.3026301792106367,0.8073038274680219
CD012589_pub2,7,Outliers in femur saggital alignment,7,348.0,132.0,0.7499749332875603,1.5546946933764967,0.8167656252011465
CD012589_pub2,8,Outliers in tibia saggital alignment,8,378.0,104.0,0.8453105125872016,0.6306781415941167,0.6554410483716352
CD012589_pub2,9,Outliers in femur rotation,5,232.0,27.0,0.885259467732164,0.24064016811975186,0.15200713377720276
CD012589_pub2,11,Transfusion requirement,7,246.0,37.0,0.7002425684292188,0.55501911874522,0.49771595863465146
CD012589_pub2,16,Radiographic outliers in femur coronal alignment,17,750.0,80.0,1.0613513676811055,0.07486373717385146,0.1019366485080937
CD012589_pub2,17,Radiographic outliers in tibia coronal alignment,17,750.0,80.0,1.2337998195133042,0.024665075150734215,0.436181756313599
CD012589_pub2,18,Radiographic outliers in femur sagittal alignment,11,534.0,191.0,0.8434828533527241,0.9186161939371849,0.6689076761073541
CD012589_pub2,19,Radiographic outliers in tibia sagittal alignment,14,619.0,157.0,0.8179611632755754,0.7795676257858117,0.6405464422090594
CD012589_pub2,20,Radiographic outliers in femur rotation,10,468.0,55.0,1.2397964615781303,0.02946850946585472,0.34419717462259247
CD012623_pub2,1,Macular hole closure,16,679.0,637.0,0.9820141827491696,1.0525202311448554,0.9302658620576127
CD012623_pub2,1,Macular hole closure ,9,231.0,222.0,0.9778775309667775,1.0740586895670938,0.7739682548061363
CD012635_pub2,1,All-cause mortality at 24 hours,5,398.0,53.0,1.108216637136973,0.07033752227982458,0.9819484635165476
CD012635_pub2,2,All-cause mortality at 30 days,6,642.0,181.0,1.129465123912387,0.11459714792323925,0.5029881209796307
CD012635_pub2,3,All-cause mortality at 30 days,6,1334.0,316.0,1.0774066311774784,0.13442673958657414,0.6582734296238811
CD012635_pub2,3,Mortality due to haemorrhage within 24 hours,3,162.0,21.0,1.7502630850040097,0.0025297874360936377,0.8662668503355712
CD012635_pub2,4,Total thromboembolic events in the first 30 days after injury,5,503.0,39.0,1.1780005139138416,0.02462014950445021,0.6939580492323407
CD012635_pub2,6,Venous thromboembolic events in the first 30 days after injury,3,293.0,16.0,1.0930188121283047,0.037173363143229235,0.13604271495658304
CD012635_pub2,9,Venous thromboembolic events in the first 30 days after injury,4,1373.0,140.0,0.6887958223998756,0.915796786659136,0.9400552124824059
CD012642_pub2,1,Mortality (latest time reported up to hospital discharge),11,194.0,18.0,1.8329038448138397,0.0012452529483098585,0.9364327354832337
CD012642_pub2,2,Hyponatraemia (< 130 mmol/L),14,224.0,75.0,3.358106416841411,1.4543199155334022e-06,0.9167683969850995
CD012642_pub2,3,Hypernatraemia (≥ 150 mmol/L),19,274.0,120.0,1.5565406741858774,0.018454890854511748,0.8522341206550004
CD012642_pub2,4,Necrotising enterocolitis,6,144.0,12.0,0.9999999999999957,0.08333333333333488,0.0
CD012693_pub3,1,Live birth or ongoing pregnancy,19,3650.0,968.0,1.0752911087204124,0.1355202273455482,0.3315063131839302
CD012693_pub3,2,Severe OHSS,16,2765.0,30.0,1.1047751793019154,0.0022907866817978677,0.03053278141288307
CD012693_pub3,3,Clinical pregnancy,22,4111.0,1305.0,1.2084931294129924,0.05794724373622408,0.8387793487294979
CD012693_pub3,5,Moderate or severe OHSS,18,3601.0,91.0,1.031865975194555,0.01808237559625241,0.012405326644718273
CD012693_pub3,6,Multiple pregnancy in randomised women,14,2789.0,82.0,0.706049370755241,0.3398868621919738,0.5085753587089974
CD012693_pub3,8,Poor response to stimulation,8,1359.0,293.0,1.8193740466101627,0.0007681326684941548,0.6461612600490844
CD012693_pub3,9,Normal response to stimulation,9,2498.0,1320.0,0.8710547169977401,1.3906209625788655,0.8979268973276695
CD012693_pub3,10,Hyper-response to stimulation,7,1333.0,248.0,0.8609271377975184,0.5279584482391606,0.22860268437889397
CD012693_pub3,11,Cycle cancellations for poor response,22,3811.0,210.0,0.7560690012193153,0.4133498678383056,0.5858418709370696
CD012693_pub3,12,Cycle cancellations for hyper-response,18,3128.0,93.0,1.6134912018996204,0.00022307928474541407,0.6359174712504174
CD012693_pub3,13,Cycle cancellations for poor or hyper-response,17,2958.0,298.0,0.8022107421664437,0.3617638185634478,0.5068010213617593
CD012693_pub3,14,Women with at least one transferable embryo,22,4101.0,3436.0,1.0512346603619935,0.5691003678234118,0.6122177933083461
CD012693_pub3,18,Cumulative live birth: 1 cycle (fresh + frozen),6,1268.0,453.0,0.8885258994977389,0.6984807542298094,0.4102151783873881
CD012693_pub3,20,Multiple pregnancy in women with clinical pregnancy,11,678.0,44.0,0.48491093224154025,1.9736456985636133,0.9499303871445913
CD012693_pub3,21,Dose-response: live birth or ongoing pregnancy,12,260.0,79.0,0.9898517569935281,0.34012213819155673,0.02118420310789315
CD012693_pub3,22,Dose-response: clinical pregnancy,6,150.0,55.0,0.9073283808514611,0.5766420364720622,0.4241409224750312
CD012693_pub3,22,Dose-response: cumulative live birth: 1 cycle (fresh + frozen),4,80.0,29.0,0.9462516882538158,0.4457520426594139,0.5625927911731572
CD012693_pub3,23,Dose-response: clinical pregnancy,6,110.0,29.0,0.9740712604007299,0.3100718513954208,0.07489156670605213
CD012693_pub3,23,Dose-response: cumulative live birth: 1 cycle (fresh + frozen),4,100.0,47.0,0.9458730593187097,0.5760300837072265,0.2934111302738056
CD012693_pub3,24,Dose-response: severe OHSS,4,100.0,3.0,0.34727151907335474,0.6064725816448026,0.9115691610158767
CD012693_pub3,25,Dose-response: moderate or severe OHSS,4,100.0,5.0,0.40696031712363356,0.8106091995601437,0.9783220113772864
CD012693_pub3,25,Dose-response: poor response to stimulation,6,110.0,17.0,1.3804101609818307,0.02709357388929399,0.7980139069796927
CD012693_pub3,26,Dose-response: normal response to stimulation,6,110.0,87.0,0.9786251547060131,0.8886488282572629,0.17613742693707413
CD012693_pub3,27,Dose-response: hyper-response to stimulation,6,110.0,6.0,0.7290167549047525,0.17760172425450815,0.43649263270793537
CD012693_pub3,27,Dose-response: poor response to stimulation,6,149.0,11.0,1.622865071067096,0.0033136020798153662,0.807425993955594
CD012693_pub3,28,Dose-response: cycle cancellations for poor response,6,110.0,4.0,0.8992773342299714,0.05181510226349735,0.07929473228220207
CD012693_pub3,28,Dose-response: normal response to stimulation,6,150.0,92.0,1.1437800154043616,0.3048826126830947,0.8595373750059992
CD012693_pub3,29,Dose-response: hyper-response to stimulation,6,150.0,49.0,0.7090450971508553,1.3291618458858305,0.9242613636724692
CD012693_pub3,29,Dose-response: women with at least one transferable embryo,4,80.0,70.0,0.9777189422392089,0.964218477040691,0.7431577079095937
CD012693_pub3,30,Dose-response: cycle cancellations for poor response,6,150.0,2.0,0.8066868763195894,0.027114361023180066,0.05474615245690717
CD012693_pub3,31,Dose-response: cycle cancellations for hyper-response,6,150.0,2.0,0.7748562617237943,0.045239150849317566,0.2410073201182532
CD012693_pub3,32,Dose-response: cycle cancellations for poor or hyper-response,6,150.0,3.0,0.8223558562833885,0.04544101934214533,0.17192139437144416
CD012693_pub3,33,Dose-response: women with at least one transferable embryo,4,100.0,89.0,0.9437876905538359,1.1348095667101303,0.6482493539709453
CD012712_pub2,1,Mortality before hospital discharge,59,6133.0,201.0,0.5878269519344599,0.8517528625178548,0.9535082755434819
CD012712_pub2,2,Endotracheal intubation,38,1528.0,167.0,1.582349231784617,0.0013965863678210416,0.7605961754471234
CD012712_pub2,2,Endotracheal reintubation,58,5998.0,793.0,0.7948365041519664,0.773785982839636,0.9792459039612238
CD012712_pub2,3,Chronic lung disease at 36 weeks,10,1256.0,371.0,0.9303998398123088,0.516544423419512,0.894318191993893
CD012712_pub2,3,Failure of extubation,4,16.0,8.0,1.0,0.5,0.0
CD012712_pub2,3,Failure of respiratory support,13,763.0,93.0,0.7760361305351635,0.43022747116947146,0.46597730891471345
CD012712_pub2,3,Trauma to the nostrils and upper airway,13,1489.0,144.0,1.574599060785581,0.001190876984094394,0.7896143524287298
CD012712_pub2,4,Chronic lung disease at 36 weeks,45,3843.0,881.0,1.4716000061045813,0.005297737505311347,0.9189573521871057
CD012712_pub2,4,Death or chronic lung disease at 36 weeks,8,1125.0,402.0,0.8443167423925149,1.0642709590572024,0.971202445679897
CD012712_pub2,4,Failure of respiratory support,5,266.0,34.0,1.2872294242359297,0.02414070888059966,0.5234952809809965
CD012712_pub2,5,Death or chronic lung disease at 36 weeks,13,2115.0,720.0,1.2727505013419256,0.046526497958451665,0.8991249947031033
CD012712_pub2,5,"Intraventricular haemorrhage, Papile grade 3/4",13,1266.0,106.0,1.0224846489791295,0.07856918562999105,0.31085453030011145
CD012712_pub2,6,"Intraventricular haemorrhage, Papile grade 3/4",24,3043.0,223.0,1.1811013058133621,0.01981738138706477,0.5007197309825111
CD012712_pub2,7,Chronic lung disease at 36 weeks,24,1938.0,446.0,1.0965717542763023,0.11793598333007276,0.13436779161560297
CD012712_pub2,8,Death or chronic lung disease at 36 weeks,6,1053.0,368.0,0.9370198586797687,0.4986023898771039,0.14178328423068842
CD012712_pub2,9,Patent ductus arteriosus,11,1274.0,376.0,0.9901291210895933,0.31353989226161133,0.008223162893754798
CD012712_pub2,10,Pulmonary air leak syndromes,25,1948.0,38.0,1.047015610714424,0.009366521289259506,0.008569208584027432
CD012712_pub2,11,Proven sepsis,7,1043.0,44.0,0.62281791988347,0.4305758631367694,0.8341534718279815
CD012712_pub2,12,Necrotising enterocolitis,14,681.0,38.0,1.3476634047104232,0.008026182364331658,0.4620344621082033
CD012712_pub2,13,"Necrotising enterocolitis, Bell stage ≥ 2",5,1062.0,71.0,1.0514477226839534,0.04762612985611653,0.9292649031725504
CD012712_pub2,14,"Intraventricular haemorrhage, any",11,1437.0,155.0,0.6739801976287905,1.0350469908452555,0.9330086027669381
CD012712_pub2,15,"Intraventricular haemorrhage, Papile grade 3/4",7,1139.0,104.0,1.0565859926945302,0.0638490533561532,0.5172886164038837
CD012712_pub2,15,"Intraventricular haemorrhage, any",9,246.0,15.0,0.7958173596401847,0.21204178882307734,0.49519925975496293
CD012712_pub2,16,"Intraventricular haemorrhage, Papile grade 3/4",6,300.0,6.0,1.092195456418247,0.012521335480768184,0.2919431679255997
CD012712_pub2,17,"Retinopathy of prematurity, any",8,1325.0,157.0,1.115608723359487,0.05195077106086656,0.5723489812911138
CD012712_pub2,18,"Retinopathy of prematurity, any",3,120.0,15.0,0.3228625280256575,3.201379104833181,0.9999549604896754
CD012712_pub2,18,"Retinopathy of prematurity, stage ≥ 3",4,1050.0,142.0,1.0236743829215635,0.11321116394287804,0.3718062817845351
CD012718_pub2,1,Primary caries prevention (at end of study follow-up),8,812.0,15.0,6.188383139260623e-13,14.999999999938963,1.0
CD012718_pub2,2,Caries arrest (at end of study follow-up),7,4289.0,2914.0,1.1490861904890592,0.19596516844306433,0.9736477354187896
CD012734_pub2,1,All-cause mortality,7,197.0,30.0,2.0643729041195424,0.0005827603428944086,0.7307245481213736
CD012734_pub2,1,Mortality,26,621.0,75.0,1.4042809458090788,0.013901898279915155,0.23192136179360434
CD012734_pub2,2,Hepatic encephalopathy,25,739.0,178.0,1.087414890359636,0.18196051020999035,0.05761188992991906
CD012734_pub2,3,Serious adverse events,26,646.0,146.0,1.3397682150356267,0.02522662298886513,0.7540315666042567
CD012734_pub2,4,Non-serious adverse events,30,610.0,79.0,1.800583040790302,0.0011130297540818334,0.8455373466330456
CD012734_pub2,5,Worst-case mortality,3,70.0,20.0,1.5744214591112093,0.03350210877501041,0.6007178148595688
CD012734_pub2,6,Worst-case mortality,5,117.0,38.0,1.2272308031332102,0.13547534217779322,0.27336148296408047
CD012734_pub2,7,Worst-case mortality,9,227.0,16.0,1.0446619949423672,0.08148143003015958,0.012812549776862747
CD012734_pub2,8,Worst-case mortality,16,404.0,70.0,3.5817498054465386,4.6480526263106663e-08,0.8654911198467106
CD012757_pub2,1,Mortality at longest follow-up,3,117.0,89.0,0.9163555200687938,1.1783121501274627,0.4843031265443315
CD012757_pub2,3,Mortality at 24 months' follow-up,3,117.0,67.0,1.2599912855403468,0.17471737102597903,0.8432905254441891
CD012757_pub2,6,Tumour response measures after treatment (overall response rate = complete response + partial response),3,117.0,89.0,1.0815456052902186,0.5100431850366972,0.9139813085891594
CD012757_pub2,9,Tumour response measures after treatment (stable disease),3,117.0,19.0,1.3410058301228336,0.036393074583202886,0.5941839980421091
CD012757_pub2,10,Tumour response measures after treatment (progressive disease),3,117.0,9.0,0.1812747331045158,3.54175385005258,0.9665430449370245
CD012850_pub2,1,Self-reported joint pain at rest,3,47.0,11.0,0.26803674826721613,4.129703812011838,0.9445762520797882
CD012850_pub2,2,Self-reported joint pain at rest,3,28.0,3.0,0.37744342486259386,0.9085770633230936,0.9394853691215036
CD012850_pub2,4,Clinically assessed joint pain at rest,3,50.0,23.0,1.0450114825815273,0.33356863948855,0.015138018197875303
CD012850_pub2,17,Frequency of joint noise,6,156.0,82.0,1.1949811356740367,0.19534649378954017,0.48852607636086287
CD012905_pub2,1,Development of AKI,22,1252.0,258.0,0.7803388198237124,0.8277117780708984,0.5775094033315933
CD012905_pub2,2,Need for kidney replacement therapy,18,913.0,24.0,1.1106253426244854,0.010724125658655445,0.09298123947747106
CD012905_pub2,3,Death,14,698.0,66.0,2.643070665832798,2.965933595535962e-06,0.8290120291768248
CD012905_pub2,7,Adverse events,4,467.0,92.0,2.3239870167729952,5.076110133241718e-05,0.9717821668909951
CD012905_pub2,8,Sensitivity analysis: development of AKI based on risk of attrition bias,8,567.0,126.0,0.6783144305081792,1.5674597967466413,0.9340226374686834
CD012925_pub2,2,Quality of data about services provided,4,12876.0,2355.0,1.6553571848756854,0.00032261976955301426,0.8609559714197802
CD012925_pub2,5,Patient/client health status and well-being (undesirable outcomes),6,16258.0,1138.0,0.8369096724829963,0.1878626992983053,0.26357439336507504
CD012925_pub2,6,Client utilisation of primary healthcare and/or services (risk ratio),5,1853.0,1006.0,0.7441138831493084,3.5777105612568536,0.9233463172835604
CD012942_pub2,1,"Comparison 1 All antidepressants versus placebo, Outcome 1 Rate of treatment response measured as a reduction of at least 50% on the HAM-A",23,4649.0,2613.0,1.00083942180621,0.5708506520475315,0.00022147763082924765
CD012942_pub2,1,"Comparison 1 All antidepressants versus placebo, Outcome 11 Dropouts due to a lack of efficacy",32,6888.0,188.0,0.9564686409207007,0.04171855971168139,0.08060624271586625
CD012942_pub2,1,"Comparison 1 All antidepressants versus placebo, Outcome 12 Dropouts due to adverse effects",35,7331.0,795.0,0.8974575522097981,0.28423064292010003,0.3767156092667745
CD012942_pub2,1,"Comparison 1 All antidepressants versus placebo, Outcome 2 Acceptability",36,7008.0,1802.0,0.9784581724214708,0.3145265974936956,0.03838640575371388
CD012942_pub2,1,"Comparison 1 All antidepressants versus placebo, Outcome 3 Rate of treatment response (defined by study authors)",19,4046.0,2646.0,1.0301436394101326,0.5248755713469972,0.5112351668656243
CD012942_pub2,1,"Comparison 1 All antidepressants versus placebo, Outcome 4 Remission rate",19,3926.0,1398.0,0.925183564133464,0.6449067939903556,0.7027725487580856
CD012942_pub2,1,"Comparison 1 All antidepressants versus placebo, Outcome 6 Total number of participants reporting adverse events",26,4643.0,3384.0,1.0334534176366095,0.5948073072496808,0.18994462457963368
CD012942_pub2,1,"Comparison 1 All antidepressants versus placebo, Outcome 7 Sleepiness/drowsiness",26,5498.0,551.0,1.0062651984248103,0.11720507897974045,0.0008327837662597259
CD012942_pub2,1,"Comparison 1 All antidepressants versus placebo, Outcome 8 Agitation/anxiety",6,1221.0,69.0,1.2215207554149796,0.013786077840788136,0.1781271845165192
CD012942_pub2,1,"Comparison 1 All antidepressants versus placebo, Outcome 9 Suicide wishes/gestures/attempts",3,403.0,18.0,1.5414236413255638,0.0017018005573856247,0.9930718447185217
CD012942_pub2,2,"Comparison 2 Each class of antidepressant versus placebo, Outcome 1 Rate of treatment response measured as a reduction of at least 50% on the HAM-A",23,4649.0,2613.0,1.0015856981949849,0.569751254427339,0.0007809277960354466
CD012942_pub2,2,"Comparison 2 Each class of antidepressant versus placebo, Outcome 11 Dropouts due to a lack of efficacy",32,6883.0,188.0,1.1645229605931422,0.0076931270243747124,0.1382126465616571
CD012942_pub2,2,"Comparison 2 Each class of antidepressant versus placebo, Outcome 12 Dropouts due to adverse effects",35,7331.0,795.0,0.8924328721454281,0.2984212691003675,0.38420302834908837
CD012942_pub2,2,"Comparison 2 Each class of antidepressant versus placebo, Outcome 2 Acceptability",36,7008.0,1802.0,0.9661385503677368,0.34906016830506004,0.07327628006289821
CD012942_pub2,2,"Comparison 2 Each class of antidepressant versus placebo, Outcome 3 Rate of treatment response (defined by study authors)",19,4046.0,2646.0,1.029859353156275,0.5267313000221916,0.5373651502030945
CD012942_pub2,2,"Comparison 2 Each class of antidepressant versus placebo, Outcome 4 Remission rate",19,3926.0,1398.0,0.9171347012502612,0.6868092523955527,0.7322167361756098
CD012942_pub2,2,"Comparison 2 Each class of antidepressant versus placebo, Outcome 6 Total number of participants reporting adverse events",26,4643.0,3384.0,1.0351083826816971,0.5867164172258849,0.20141255059581664
CD012942_pub2,2,"Comparison 2 Each class of antidepressant versus placebo, Outcome 7 Sleepiness/drowsiness",26,5498.0,551.0,0.9980808542479344,0.12708202416256806,6.614534098225988e-05
CD012942_pub2,2,"Comparison 2 Each class of antidepressant versus placebo, Outcome 8 Agitation/anxiety ",6,1221.0,69.0,1.2215207554149796,0.013786077840788136,0.1781271845165192
CD012942_pub2,2,"Comparison 2 Each class of antidepressant versus placebo, Outcome 9 Suicide wishes/gestures/attempts",3,403.0,18.0,1.5414236413255638,0.0017018005573856247,0.9930718447185217
CD012942_pub2,3,"Comparison 3 Agomelatine versus placebo, Outcome 1 Rate of treatment response measured as a reduction of at least 50% on the HAM-A",3,470.0,298.0,0.9404457494462476,0.9129426122709794,0.9978387817496942
CD012942_pub2,3,"Comparison 3 Agomelatine versus placebo, Outcome 11 Dropouts due to a lack of efficacy",3,472.0,26.0,1.0973510956947827,0.036419506429677034,0.11069114991744011
CD012942_pub2,3,"Comparison 3 Agomelatine versus placebo, Outcome 12 Dropouts due to adverse effects",3,472.0,8.0,1.042024899618849,0.014035079714275407,0.13992246349146453
CD012942_pub2,3,"Comparison 3 Agomelatine versus placebo, Outcome 2 Acceptability",3,472.0,59.0,1.2407758918578826,0.03177397144459823,0.6734454887763677
CD012942_pub2,3,"Comparison 3 Agomelatine versus placebo, Outcome 4 Remission rate",3,470.0,165.0,0.9202652604133729,0.5765468489172179,0.9895871200451115
CD012942_pub2,3,"Comparison 3 Agomelatine versus placebo, Outcome 6 Total number of participants reporting adverse events",3,472.0,177.0,1.000730152062529,0.3977539996996676,6.0007780359416785e-05
CD012942_pub2,4,"Comparison 4 Duloxetine versus placebo, Outcome 1 Rate of treatment response measured as a reduction of at least 50% on the HAM-A",6,1158.0,634.0,1.0771694464754933,0.3188293485393679,0.7807519811946267
CD012942_pub2,4,"Comparison 4 Duloxetine versus placebo, Outcome 11 Dropouts due to a lack of efficacy",6,1174.0,24.0,1.2721948597635941,0.0033818076373089917,0.7641978137357366
CD012942_pub2,4,"Comparison 4 Duloxetine versus placebo, Outcome 12 Dropouts due to adverse effects",7,1342.0,196.0,1.0281282707139714,0.12267954525930509,0.13157904402091924
CD012942_pub2,4,"Comparison 4 Duloxetine versus placebo, Outcome 2 Acceptability",5,1000.0,357.0,0.8395303993769224,1.0928336627245165,0.8133915259224533
CD012942_pub2,4,"Comparison 4 Duloxetine versus placebo, Outcome 4 Remission rate",5,1009.0,349.0,1.2199728299354478,0.0751235452086108,0.9641795342390049
CD012942_pub2,4,"Comparison 4 Duloxetine versus placebo, Outcome 6 Total number of participants reporting adverse events",4,592.0,467.0,0.9433714765933197,1.1278536775039683,0.6462065898680286
CD012942_pub2,4,"Comparison 4 Duloxetine versus placebo, Outcome 7 Sleepiness/drowsiness",6,1172.0,102.0,0.8373959368864865,0.24171732571069654,0.46128587447598135
CD012942_pub2,4,"Comparison 4 Escitalopram versus placebo, Outcome 3 Rate of treatment response (defined by study authors)",3,679.0,461.0,1.1218890271692372,0.313946181681852,0.9363882227441883
CD012942_pub2,5,"Comparison 5 Escitalopram versus placebo, Outcome 11 Dropouts due to a lack of efficacy",7,1215.0,30.0,1.1267091481107312,0.009153248981035802,0.47322456545985103
CD012942_pub2,5,"Comparison 5 Escitalopram versus placebo, Outcome 12 Dropouts due to adverse effects",8,1335.0,105.0,0.8884661496041893,0.17210697588373824,0.6520066799029088
CD012942_pub2,5,"Comparison 5 Escitalopram versus placebo, Outcome 2 Acceptability",7,1229.0,237.0,0.872638368989747,0.47154141167452707,0.8426534868244846
CD012942_pub2,5,"Comparison 5 Escitalopram versus placebo, Outcome 4 Remission rate",3,664.0,263.0,0.7474876727497014,2.0383608436803713,0.995644041253517
CD012942_pub2,5,"Comparison 5 Escitalopram versus placebo, Outcome 6 Total number of participants reporting adverse events",8,1333.0,913.0,0.8883573054944331,1.5821659744217587,0.8089657840673667
CD012942_pub2,5,"Comparison 5 Escitalopram versus placebo, Outcome 7 Sleepiness/drowsiness",6,1100.0,99.0,0.8195939599289068,0.3407755705312898,0.7154094120530654
CD012942_pub2,5,"Comparison 5 Paroxetine versus placebo, Outcome 3 Rate of treatment response (defined by study authors)",6,1096.0,675.0,0.9995331778249008,0.6319035753658615,0.0005192178347908083
CD012942_pub2,6,"Comparison 6 Paroxetine versus placebo, Outcome 11 Dropouts due to a lack of efficacy",6,1149.0,27.0,1.8819695506116227,5.379173013151094e-05,0.9115301399675656
CD012942_pub2,6,"Comparison 6 Paroxetine versus placebo, Outcome 12 Dropouts due to adverse effects",7,1273.0,131.0,1.0427542600394932,0.07802752795020271,0.6546218745061005
CD012942_pub2,6,"Comparison 6 Paroxetine versus placebo, Outcome 2 Acceptability",7,1207.0,279.0,1.1105828023167374,0.10474020154974298,0.8424541375654657
CD012942_pub2,6,"Comparison 6 Paroxetine versus placebo, Outcome 4 Remission rate",4,863.0,320.0,0.8115081420093249,1.315016187404322,0.9950551979146817
CD012942_pub2,6,"Comparison 6 Paroxetine versus placebo, Outcome 6 Total number of participants reporting adverse events",6,1112.0,793.0,1.120776258705681,0.32306008766781646,0.5494834621239939
CD012942_pub2,6,"Comparison 6 Paroxetine versus placebo, Outcome 7 Sleepiness/drowsiness",7,1246.0,181.0,1.4470376766733708,0.006423049547956546,0.9402070387867623
CD012942_pub2,7,"Comparison 7 Sertraline versus placebo, Outcome 2 Acceptability",3,384.0,104.0,1.288720414416511,0.04801995595780947,0.9878267751150335
CD012942_pub2,7,"Comparison 7 Venlafaxine versus placebo, Outcome 1 Rate of treatment response measured as a reduction of at least 50% on the HAM-A",10,1757.0,1020.0,1.0583238993549273,0.3929659097255173,0.38996435432135135
CD012942_pub2,7,"Comparison 7 Venlafaxine versus placebo, Outcome 3 Rate of treatment response (defined by study authors)",8,1565.0,1080.0,1.0990330178813428,0.34628801540486176,0.870387400193634
CD012942_pub2,8,"Comparison 8 Venlafaxine versus placebo, Outcome 11 Dropouts due to a lack of efficacy",9,1862.0,67.0,0.7673267504171201,0.2279630966123324,0.6589458749731949
CD012942_pub2,8,"Comparison 8 Venlafaxine versus placebo, Outcome 12 Dropouts due to adverse effects",10,2061.0,313.0,0.7544519459264112,0.9697480061870336,0.9495365731915872
CD012942_pub2,8,"Comparison 8 Venlafaxine versus placebo, Outcome 2 Acceptability",12,2211.0,651.0,0.7994291542664249,1.3175111274932096,0.8732436755194041
CD012942_pub2,8,"Comparison 8 Venlafaxine versus placebo, Outcome 4 Remission rate",5,593.0,207.0,1.0744703833166795,0.20959349893764023,0.3567792785088114
CD012942_pub2,8,"Comparison 8 Venlafaxine versus placebo, Outcome 6 Total number of participants reporting adverse events",4,439.0,373.0,0.962989364780139,1.0521900860595976,0.2751210324801663
CD012942_pub2,8,"Comparison 8 Venlafaxine versus placebo, Outcome 7 Sleepiness/drowsiness",6,973.0,125.0,0.5904409111515718,2.2113569315565678,0.9180440015157413
CD012967_pub2,5,Adverse events leading to cessation of treatment,3,596.0,9.0,1.0259159967284064,0.013979665500056436,0.010168885473251232
CD012993_pub2,8,Treatment-emergent adverse events (breakdown 1),3,255.0,35.0,3.229078783439066,5.820414351616433e-07,0.9995515116315803
CD012993_pub2,8,Treatment-emergent adverse events - breakdown,3,153.0,32.0,0.3146014160842272,6.822444511826776,0.9820671560950658
CD012993_pub2,9,Treatment-emergent adverse events (breakdown 2),13,1105.0,193.0,0.9974116514465752,0.18656406291604977,0.00010493702129665827
CD012997_pub3,1,Incidence of HUS,5,282.0,12.0,0.7259059562410768,0.21578193503775145,0.9373436629187517
CD013023_pub2,1,Arterial catheter failure,14,680.0,117.0,1.1928143998056764,0.040946703574197926,0.575534410564364
CD013023_pub2,2,Dislodgement,11,558.0,7.0,0.8117753697409814,0.024232947235465305,0.1248184474902756
CD013023_pub2,3,Occlusion,10,505.0,74.0,1.1004882948369643,0.0687328823287747,0.232563050672288
CD013023_pub2,4,Adverse events,8,335.0,9.0,1.284202848739194,0.0040690709626021665,0.3000129359526471
CD013042_pub2,3,Participant-reported treatment success,5,87.0,81.0,1.138295816281696,0.5050339548463058,0.9837084225465518
CD013042_pub2,4,Participant reported treatment success,23,1463.0,878.0,1.3177193392815318,0.06824692458139972,0.8286720066443007
CD013042_pub2,4,Participant-reported treatment success,10,507.0,355.0,0.8949031736046057,1.359411679182921,0.9135089407327972
CD013042_pub2,4,Proportion of overall withdrawals,7,149.0,28.0,0.735307588923208,0.6205779960297044,0.5264832577651789
CD013042_pub2,5,Proportion of overall withdrawals,25,1209.0,151.0,0.8331340545459827,0.34719171384302655,0.3428990443801496
CD013042_pub2,5,Proportion with any adverse event,4,83.0,14.0,-1.4876988529977098e-14,14.000000000000817,1.0
CD013042_pub2,6,Proportion with any adverse event,13,545.0,140.0,0.5295611049312743,5.258735567466831,0.9345229583321969
CD013051_pub3,1,Resolution of ear discharge (1 to up to 2 weeks),5,360.0,314.0,1.0060884710597953,0.8681996526311051,0.052021527385980204
CD013052_pub3,1,Resolution of ear discharge (1 to 2 weeks),8,557.0,323.0,1.2206638283415663,0.13665124584721797,0.7363151528186214
CD013052_pub3,1,Resolution of ear discharge at 1 to 2 weeks ,3,42.0,42.0,1.0,1.0,0.0
CD013053_pub3,1,Resolution of ear discharge,6,259.0,218.0,0.993307601185508,0.8563289227042671,0.10445910577129536
CD013053_pub3,2,Subgroup analyses: diagnosis of chronic suppurative otitis media (CSOM),4,200.0,171.0,1.0033980270046248,0.8366976299279939,0.2025237356024593
CD013054_pub3,1,Resolution of ear discharge 1 to 2 weeks,7,201.0,137.0,0.861334851519731,1.3889624702586116,0.8960239379199132
CD013054_pub3,2,Resolution of ear discharge 2 to 4 weeks,4,113.0,97.0,0.9770156160403916,0.9378820325073486,0.21379239007502515
CD013055_pub3,1,Resolution of ear discharge (2 to 4 weeks),5,402.0,174.0,1.026754566859065,0.3531617408565166,0.25838179645319836
CD013055_pub3,2,Resolution of ear discharge (3 to 4 months),3,269.0,146.0,1.000259162719862,0.5424887766943808,0.00879725690359845
CD013056_pub3,1,Resolution of ear discharge (1–2 weeks),6,433.0,269.0,1.1177233076043003,0.3238720333736898,0.41914811391459417
CD013056_pub3,2,Resolution of ear discharge (2–4 weeks),3,286.0,196.0,1.0868161231177507,0.4196602274107842,0.9966728259164003
CD013056_pub3,3,"Ear pain, discomfort, irritation",5,394.0,17.0,-4.551914400963142e-14,17.000000000004395,1.0
CD013059_pub2,2,Treatment non-acceptability,12,312.0,18.0,2.1043343842624607,0.00011079492227433015,0.8535319987547123
CD013071_pub2,5,Treatment withdrawal due to adverse events,3,196.0,9.0,1.3632489240979766,0.006791785535772827,0.9993815639134626
CD013071_pub2,6,Cardiovascular mortality,10,1860.0,4.0,0.3140302139991633,0.4154008748045828,0.9016900650953028
CD013071_pub2,7,Treatment withdrawal due to adverse events,19,1787.0,67.0,0.9517723442164192,0.06614261982940627,0.03594456087701581
CD013071_pub2,8,Prostate-related events,11,1812.0,63.0,1.156484207159471,0.00963699419496134,0.33319946940321055
CD013071_pub2,11,Cardiovascular mortality (subgroup: age and testosterone level),10,1860.0,4.0,0.3140302139991633,0.4154008748045828,0.9016900650953028
CD013071_pub2,15,Cardiovascular mortality (subgroup: metabolic syndrome (MS)),10,1860.0,4.0,0.3139556256852146,0.41551704247170324,0.90187851886399
CD013071_pub2,19,Treatment withdrawal due to adverse events (sensitivity analysis),12,1596.0,61.0,1.070089497092032,0.0348943300973502,0.016698277358430547
CD013071_pub2,20,Prostate-related events (sensitivity analysis),10,1792.0,63.0,1.113226597646052,0.014324957626704968,0.2440884594363656
CD013105_pub2,1,Adverse events ,3,167.0,4.0,0.9424127152646843,0.026461893287108,0.013763592092480903
CD013105_pub2,1,Bladder function ,8,405.0,73.0,1.0578742619675308,0.14921394935470725,0.10876400688673926
CD013105_pub2,2,Bladder function ,4,280.0,57.0,0.4861244849217494,3.4146936312957736,0.8742618765897991
CD013105_pub2,2,Perioperative outcomes ,5,150.0,1.0,0.0,1.0,1.0
CD013105_pub2,3,Bowel function ,4,235.0,196.0,0.9992909457187401,0.8647208415807097,0.0001567955736517801
CD013105_pub2,4,POP-Q assessment ,3,447.0,34.0,0.43605196950386393,2.359890218477189,0.9991160931797127
CD013108_pub2,1,Vaginal POP surgery with or without concomitant continence surgery: concomitant midurethral sling (MUS) vs vaginal repair alone,15,450.0,57.0,1.2410007286644267,0.035797125790957014,0.323556869264519
CD013108_pub2,1,Vaginal native tissue repair with vs without concomitant midurethral sling (MUS),3,217.0,18.0,1.8252986501290525,0.0012389429968007763,0.5300210843574382
CD013108_pub2,2,Abdominal POP surgery with or without concomitant continence surgery: concomitant Burch colpo vs sacrocolpopexy only,7,552.0,149.0,0.8805218652199485,0.4802693778305289,0.4215298004375987
CD013108_pub2,3,Vaginal transobturator mesh vs vaginal anterior native tissue repair and midurethral sling (MUS),4,162.0,14.0,0.5008606558707414,1.190511481559512,0.8446488193830507
CD013108_pub2,4,One type of POP surgery vs another: anterior vaginal mesh vs anterior vaginal native tissue repair,16,997.0,134.0,1.4857598611264962,0.006296515972557422,0.6400780576312525
CD013108_pub2,5,Abdominal POP surgery with vs without concomitant Burch colposuspension,5,111.0,39.0,0.7557746833394619,1.2840492724880779,0.5459275265599748
CD013108_pub2,6,Abdominal POP surgery with concomitant midurethral sling (MUS) or Burch colposuspension at sacrocolpopexy,10,399.0,94.0,0.9614445716126007,0.2981612208158578,0.02836304758901309
CD013108_pub2,7,Abdominal continence surgery vs vaginal POP surgery: Burch colposuspension vs anterior vaginal repair,3,103.0,26.0,1.555637566357769,0.020587850100380743,0.9126125600798989
CD013158_pub2,1,Mortality prior to hospital discharge,3,284.0,19.0,0.9156531685772051,0.11297616433876667,0.6727734934340821
CD013158_pub2,2,Bronchopulmonary dysplasia,3,284.0,41.0,0.7138312253494481,0.727305858222471,0.9999964707905223
CD013158_pub2,3,Surfactant utilization (number of infants receiving surfactant),3,284.0,167.0,0.9405404352753622,0.8334163407725222,0.9328927376291476
CD013166_pub3,2,Discontinuation from treatment,31,1159.0,61.0,0.6710859151137859,0.5894551953411632,0.855764511034039
CD013166_pub3,3,Treatment-related adverse events,34,1326.0,19.0,1.4091626536211004,0.000639561047956833,0.14091037946688956
CD013197_pub2,1,All-cause mortality short-term,12,736.0,2.0,2.492031191098498,1.3834635964391743e-07,0.5915143150034403
CD013197_pub2,4,Serious adverse events (SAEs) start of surgery until eight hours after surgery,20,1130.0,37.0,1.1162340868156038,0.011788229339192447,0.052562136924443004
CD013197_pub2,5,Serious adverse events (SAEs) short-term,16,912.0,37.0,1.7689525556433918,0.00019124230308414643,0.8137286684264531
CD013197_pub2,6,Non-serious adverse events (nSAEs) start of surgery until eight hours after surgery,10,583.0,26.0,2.174463948878829,3.3942651200823437e-05,0.5211625672195215
CD013197_pub2,7,Non-serious adverse events (nSAEs) short-term,11,645.0,72.0,2.126260511511377,8.235082013443336e-05,0.9053184125247719
CD013197_pub2,8,Readmissions within three months after surgery,6,341.0,4.0,3.159730586026835,4.90224842645531e-08,0.5907625850155487
CD013197_pub2,18,Serious adverse events (sensitivity analysis),70,4192.0,244.0,1.2046026284647544,0.010351608827367107,0.368772181359713
CD013197_pub2,19,Non-serious adverse events (sensitivity analysis),42,2638.0,288.0,1.3248429452470767,0.007891839385837617,0.33356145277426197
CD013232_pub2,1,Adverse effects: gastrointestinal,3,27.0,2.0,0.5629899530962341,0.2612666284750933,0.4860440578543701
CD013232_pub2,2,Adverse effects: cardiovascular,5,85.0,6.0,0.6370903670682249,0.44231847615656805,0.6770389525631696
CD013232_pub2,2,Adverse effects: gastrointestinal,7,156.0,12.0,0.3776725346287796,1.9492214669491965,0.9717451904857489
CD013232_pub2,2,Irritability (dichotomous),4,213.0,51.0,0.4454570839054055,5.643288474916485,0.7841819942205455
CD013232_pub2,3,Adverse effects: cardiovascular,10,493.0,12.0,0.4374353577784794,1.0038897854324373,0.8887056340986452
CD013232_pub2,3,Adverse effects: gastrointestinal,121,3289.0,504.0,1.0228724644747613,0.1450022860370666,0.040545681301530356
CD013232_pub2,3,Adverse effects: neurological,5,49.0,15.0,1.3149247497094716,0.09024140703603105,0.9922994150355845
CD013232_pub2,3,Improvement,6,295.0,162.0,0.8545973814644398,1.2060496153296754,0.9198711228536925
CD013232_pub2,4,Adverse effect: immune system,5,383.0,103.0,1.1326505703642429,0.1366288390282471,0.17828589776199488
CD013232_pub2,4,Adverse effects: gastrointestinal,73,2991.0,267.0,0.8431201596467001,0.4210579691417575,0.3729721528638865
CD013232_pub2,4,Adverse effects: immune System,6,327.0,74.0,1.5762765435818689,0.009948507626877235,0.6125862934563283
CD013232_pub2,4,Adverse effects: immune system,5,98.0,11.0,0.548558708795335,0.9574067485773299,0.9135257913464429
CD013232_pub2,4,Adverse effects: metabolic,5,151.0,25.0,0.5508018439332938,1.577953726260733,0.9005860111519772
CD013232_pub2,4,Adverse effects: neurological,6,118.0,10.0,0.4863229069679894,0.9767583325527847,0.9950254817797309
CD013232_pub2,5,Adverse effects: immune system,8,278.0,23.0,2.013876704465791,0.00022997259657235445,0.8815141447757702
CD013232_pub2,5,Adverse effects: metabolic,14,637.0,122.0,0.9606669983889966,0.19331552817051587,0.024974012439530013
CD013232_pub2,5,Adverse effects: metabolic (dichotomous),43,933.0,157.0,0.7888208036272308,0.6836161857606021,0.7397969501971082
CD013232_pub2,5,Adverse events: metabolic,8,164.0,16.0,0.4521341522522583,1.7119526563118355,0.9699580327831976
CD013232_pub2,6,Adverse effects: metabolic (dichotomous),27,1232.0,172.0,0.9034791947796307,0.37052906154952353,0.2906508371179788
CD013232_pub2,6,Adverse effects: neurological,28,977.0,208.0,0.933855027496719,0.27284102126253823,0.03740207537207951
CD013232_pub2,7,Adverse Effects: neurological,19,288.0,43.0,0.9476766670533195,0.18021674203060778,0.11231235886994195
CD013232_pub2,7,Adverse effects: gastrointestinal,41,2201.0,224.0,1.0467079567675368,0.08974498103462995,0.043566299186917345
CD013232_pub2,7,Adverse effects: musculoskeletal,11,203.0,31.0,1.0922273276917556,0.07833364474050426,0.06668631742536646
CD013232_pub2,7,Adverse effects: neurological,64,2615.0,379.0,0.7850749375288459,0.9154173749861453,0.8108743911033974
CD013232_pub2,7,Adverse effects: neurological (dichotomous),79,1575.0,410.0,0.9253431842476989,0.45261145722910934,0.2845872961181911
CD013232_pub2,8,Adverse effects: immune system,12,765.0,64.0,0.9830191775767538,0.10332897313635149,0.01441500278691632
CD013232_pub2,8,Adverse effects: musculoskeletal,3,216.0,3.0,0.3646151876169096,0.36631272724348485,0.9740056219272969
CD013232_pub2,8,Adverse effects: neurological,102,2016.0,290.0,0.8990646056122069,0.30241611805656465,0.5162490015913833
CD013232_pub2,8,Adverse effects: psychological,13,509.0,66.0,0.7353263975439543,0.6770903695884758,0.9387034480560589
CD013232_pub2,8,Adverse effects: respiratory system,10,545.0,132.0,0.6443803316148269,1.9196638507878152,0.8097634238765768
CD013232_pub2,8,Adverse events: other,3,229.0,10.0,0.8975398144801883,0.04981255697802833,0.031011499847765966
CD013232_pub2,9,Adverse effects: metabolic (dichotomous),21,1175.0,142.0,0.4455949106875745,5.715985454259121,0.9868094358717922
CD013232_pub2,9,Adverse effects: neurological,52,2450.0,244.0,1.0029895424256963,0.07691269224651642,0.0006037666190937818
CD013232_pub2,9,Adverse effects: psychological,12,196.0,26.0,1.0340285087286534,0.1003696944654188,0.012180190658837575
CD013232_pub2,9,Adverse effects: psychological (dichotomous),27,403.0,79.0,0.949859964061855,0.27384507284221166,0.19610849647648865
CD013232_pub2,9,Adverse effects: respiratory,5,277.0,51.0,0.6674038653942955,0.897006378497038,0.680612218573345
CD013232_pub2,9,Adverse effects: skin,4,141.0,24.0,0.6421642540228631,0.9441339812218636,0.9550854691411852
CD013232_pub2,9,Adverse effects: urinary,4,81.0,8.0,0.7259274617064158,0.30969604610119333,0.5709082394394129
CD013232_pub2,9,Adverse events: psychological,13,791.0,42.0,0.6086373277264079,0.5700382485868949,0.8263627628651455
CD013232_pub2,10,Adverse effects: psychological,10,385.0,15.0,0.853685759727266,0.09281420155084032,0.33591935146622653
CD013232_pub2,10,Adverse effects: respiratory,11,259.0,43.0,1.3788858298005975,0.03091328899376078,0.24502663641624567
CD013232_pub2,10,Adverse effects: skin,3,167.0,33.0,0.9548704814981086,0.2871167184309766,0.15168293854043302
CD013232_pub2,10,Adverse events: respiratory,5,591.0,16.0,0.42924245015506446,0.9617718101890592,0.9823455662702494
CD013232_pub2,10,Other adverse effects,8,436.0,52.0,1.035405491954636,0.09657492534823733,0.2507631014079982
CD013232_pub2,10,Tolerability/acceptability: loss to follow-up,4,81.0,13.0,1.347289427165642,0.03095625542638507,0.6792252800154205
CD013232_pub2,11,Adverse effects: musculoskeletal,3,137.0,13.0,0.7704382878186138,0.30454802683167015,0.8625952297810415
CD013232_pub2,11,Adverse effects: respiratory,25,992.0,98.0,0.8158872411900507,0.2929969766955353,0.5987366727261518
CD013232_pub2,11,Adverse effects: skin,19,362.0,38.0,0.33800795443983456,3.6439126095808403,0.9558415341682893
CD013232_pub2,11,Adverse effects: urinary,3,49.0,10.0,0.8834630585863172,0.35996701656052527,0.04127237185496613
CD013232_pub2,11,Tolerability/acceptability: loss to follow-up,8,210.0,32.0,0.6019108586542281,1.1599088608733965,0.9480874092835286
CD013232_pub2,12,Adverse effects: neurological,62,3966.0,410.0,0.7378956619264351,0.9850356835609012,0.6235733453686587
CD013232_pub2,12,Adverse effects: skin ,6,315.0,30.0,0.7160765529497575,0.35311509081652837,0.5188639038993614
CD013232_pub2,12,Adverse effects: urinary,7,203.0,11.0,1.235807770812133,0.015961988693595996,0.7845798404078188
CD013232_pub2,13,Adverse effects: other,6,98.0,4.0,0.7518773164728895,0.12319525779341885,0.5175705873457517
CD013232_pub2,13,Adverse effects: psychological,3,87.0,15.0,0.3727371480816003,2.8502995144229697,0.9932593903101923
CD013232_pub2,13,Tolerability/acceptability: loss to follow-up,12,562.0,214.0,1.0943570148937805,0.1829578527981342,0.27646310348253655
CD013232_pub2,14,Adverse effects: other,5,337.0,4.0,2.173032313092202,1.3567576948152457e-05,0.9628218661411784
CD013232_pub2,14,Adverse effects: respiratory,19,1279.0,101.0,0.723098745295112,0.5190252608172554,0.636337845811356
CD013232_pub2,14,Tolerability/acceptability: loss to follow-up,34,954.0,169.0,0.9948267014179852,0.13980677010664835,0.0022271414171963766
CD013232_pub2,16,Adverse effects: urinary,6,343.0,29.0,0.8208394090293168,0.27461517559430837,0.33735809051430754
CD013232_pub2,16,Tolerability/acceptability: loss to follow-up,16,694.0,107.0,1.4671409114189269,0.00562823441467146,0.6068207361968497
CD013232_pub2,18,Tolerability/acceptability: loss to follow-up,13,508.0,73.0,1.0610325127342877,0.08393762190143786,0.03362399977625419
CD013255_pub2,1,Sinus rhythm until hospital discharge or end of study follow-up (atrial flutter),5,154.0,95.0,0.9785843267756248,0.6821366749387668,0.48642177111819174
CD013255_pub2,1,Sinus rhythm until hospital discharge or end of study follow-up (paroxysmal AF),36,2151.0,1656.0,1.0118440063827403,0.7185276521402294,0.2521237455645817
CD013255_pub2,1,Sinus rhythm until hospital discharge or end of study follow-up (persistent AF),8,780.0,324.0,0.8376682127405843,1.3916303086920383,0.41538009329776826
CD013255_pub2,2,Acute procedural success (atrial flutter),5,154.0,95.0,0.9785843267756248,0.6821366749387668,0.48642177111819174
CD013255_pub2,2,Acute procedural success (paroxysmal AF),22,1376.0,900.0,0.9813972968109632,0.7659774322308017,0.0722498820877383
CD013255_pub2,2,Sinus rhythm until hospital discharge or end of study follow-up (persistent AF),8,601.0,160.0,0.7712638740744298,1.115504735788669,0.8865535754066157
CD013255_pub2,3,Acute procedural success (paroxysmal AF),7,387.0,185.0,1.6950806276079695,0.010394767108146352,0.8060582178419016
CD013255_pub2,4,30-day all-cause mortality,5,578.0,5.0,0.5514832471076163,0.1531893039249009,0.9721934504169704
CD013255_pub2,5,30-day cardiovascular mortality,5,578.0,3.0,0.40744930455386674,0.24262468402339282,0.8461531090054255
CD013255_pub2,6,Acute procedural success (paroxysmal AF),7,388.0,251.0,0.9140577962146553,1.0401811005422257,0.46299667503981423
CD013278_pub3,1,All-cause mortality during hospital stay,18,1139.0,160.0,1.0031700407897597,0.11996248068700632,0.0004731389177450307
CD013278_pub3,2,Surgical PDA ligation or transcatheter occlusion,14,1069.0,55.0,1.0428551589720947,0.05527512146669814,0.016602770055509253
CD013278_pub3,3,Receipt of any pharmacotherapy for a hs-PDA,10,799.0,787.0,0.9968283414977288,1.0122676444418308,0.499489452284951
CD013278_pub3,4,Receipt of repeat courses of pharmacotherapy for a persistent hs-PDA,5,527.0,103.0,1.046566674071736,0.14407762209345293,0.02470772233743912
CD013278_pub3,5,Chronic lung disease (CLD),4,164.0,35.0,0.6355721102155635,1.1354204524218319,0.8522302606816284
CD013278_pub3,5,Receipt of rescue medical treatment for a hs-PDA,4,517.0,44.0,0.7119408272352431,0.5606447111230385,0.7043327514829616
CD013278_pub3,6,Chronic lung disease (CLD),12,896.0,374.0,0.9803830393365821,0.37829798380378427,0.00886833325213976
CD013278_pub3,9,Postnatal corticosteroid use for CLD any time during hospital stay,5,570.0,172.0,1.3132390017093163,0.04857187983917923,0.7759101142277827
CD013278_pub3,11,Pulmonary hemorrhage,10,871.0,61.0,0.7087509891952902,0.3850837845994306,0.7636549321675822
CD013278_pub3,12,Periventricular leukomalacia (PVL; any grade),3,151.0,13.0,1.1101137627174487,0.05158758829427603,0.3005590027623106
CD013278_pub3,13,IVH (grades I to IV),7,692.0,248.0,1.1787294635695367,0.10563164281973024,0.4951049676170376
CD013278_pub3,13,Necrotizing enterocolitis (NEC; stage 2 or greater),5,231.0,18.0,1.4098606060737058,0.007778349921957194,0.711976049356654
CD013278_pub3,14,Severe IVH (grades III and IV),9,827.0,95.0,1.291893076062732,0.017713622666578686,0.6523495132817503
CD013278_pub3,14,Spontaneous intestinal perforation,3,151.0,3.0,1.2927138799959221,0.0038521991444468943,0.14331343479922432
CD013278_pub3,15,PVL (any grade),10,871.0,108.0,1.0994512310289046,0.06061123779998133,0.07044133843082767
CD013278_pub3,16,NEC (stage 2 or greater),10,871.0,93.0,1.1934806908514797,0.028919304312067334,0.6686521413015141
CD013278_pub3,17,Gastrointestinal bleeding within seven days of the first dose of pharmacotherapy,6,673.0,24.0,1.2799684937313616,0.005129280533534292,0.5795271069302894
CD013278_pub3,18,Definite sepsis,4,164.0,40.0,0.9482521048653676,0.24161308693313327,0.06303092962607626
CD013278_pub3,18,Spontaneous intestinal perforation,8,737.0,49.0,1.6767239335958792,0.0009556269555760264,0.7109742078973806
CD013278_pub3,20,Severe ROP,9,839.0,101.0,1.5702605786949018,0.0020575630030529196,0.7308356723386926
CD013278_pub3,21,Definite sepsis,9,836.0,254.0,1.0667686329974242,0.2059803535965821,0.08230673911594111
CD013284_pub2,12,Proportion of participants with one or more serious adverse event of any cause,5,328.0,100.0,0.4317836030704555,7.676675331980761,0.976297904502845
CD013284_pub2,13,Mortality (all-cause),6,528.0,26.0,0.6449557498089284,0.4548431010565021,0.9484255230970197
CD013284_pub2,14,"Mortality (all-cause), risk difference",6,528.0,26.0,0.6449557498089284,0.4548431010565021,0.9484255230970197
CD013284_pub2,15,Mortality (respiratory),5,454.0,5.0,6.5503158452884236e-15,4.999999999999825,1.0
CD013284_pub2,16,"Mortality (respiratory), risk difference",5,454.0,5.0,6.5503158452884236e-15,4.999999999999825,1.0
CD013295_pub2,1,Need for allogeneic blood transfusion,34,1154.0,178.0,0.8714792982785411,0.48825451392028135,0.3174587919919838
CD013295_pub2,1,Need for allogeneic blood transfusion (only trials included in the NMA),61,2573.0,361.0,0.6905969468087327,1.6893325290420769,0.8833632458937342
CD013295_pub2,1,Risk of allogeneic blood transfusion,99,4444.0,211.0,0.43725554922892873,5.252150750746566,0.9731395720584335
CD013295_pub2,2,All-cause mortality,34,1523.0,3.0,1.2745766335421753,0.00033692857082665,0.10527433101942596
CD013295_pub2,3,Risk of experiencing DVT,12,448.0,3.0,0.9041333825932816,0.014973298353003256,0.049521463452238956
CD013295_pub2,3,Risk of experiencing DVT (only trials included in the NMA),28,1377.0,130.0,1.0855692214103017,0.06562044883115606,0.09040463739021076
CD013295_pub2,4,Reoperation,8,492.0,2.0,7.72715225139109e-14,1.999999999999093,1.0
CD013295_pub2,4,Risk of experiencing DVT,30,1477.0,25.0,3.236314508388768,1.4594679308747336e-09,0.8533121355729604
CD013295_pub2,4,Risk of experiencing PE,11,445.0,1.0,0.0,1.0,1.0
CD013295_pub2,5,Risk of experiencing DVT,22,1064.0,21.0,0.9846444042715046,0.019810656957038805,0.0013304308556094657
CD013295_pub2,6,Risk of experiencing DVT,63,2594.0,46.0,0.6140604839215429,0.49233605482936155,0.5089213601908171
CD013295_pub2,6,Risk of experiencing PE,20,919.0,6.0,1.0150231812118324,0.007817161148598014,0.0015299228297049883
CD013295_pub2,7,Risk of experiencing MI,4,164.0,1.0,0.0,1.0,1.0
CD013295_pub2,7,Risk of experiencing PE,49,2219.0,8.0,0.7795400828412463,0.022297089748139032,0.6241587158320454
CD013295_pub2,8,Risk of experiencing MI,25,1392.0,3.0,1.158180691416699,0.0008617329981952509,0.06876625991788954
CD013331_pub2,2,Adverse effects: high-frequency TENS versus placebo or no treatment,3,73.0,4.0,4.107825191113079e-14,3.999999999999357,1.0
CD013332_pub2,1,SSI,33,4509.0,239.0,1.411292557977354,0.0019059005357308654,0.9351154041925644
CD013332_pub2,2,All-cause mortality,20,4884.0,107.0,1.1466130597350779,0.006165608219313975,0.8373072171983071
CD013332_pub2,4,Adverse effects: Hypoglycaemia,4,1339.0,37.0,0.16130501542957243,10.924039303145081,0.9983810821816265
CD013342_pub2,5,Total adverse events,3,84.0,47.0,0.5212645843930543,4.7314713445950884,0.9852411647583705
CD013342_pub2,6,Participant-reported global assessment of success,4,180.0,126.0,1.2327438316741754,0.22254855069349677,0.676903552303323
CD013342_pub2,6,Total adverse events,3,104.0,15.0,0.23803069368744,4.86979175218853,0.9987215765828684
CD013342_pub2,7,Total adverse events,5,126.0,77.0,0.7978774387558095,1.6408612662733122,0.8828978208732634
CD013342_pub2,8,Treatment failure,3,98.0,5.0,1.1978267251980228,0.021144494441737795,0.8140033613901503
CD013342_pub2,9,Serious adverse events,7,242.0,4.0,0.33781148565061525,0.6460105587419899,0.9217406226476959
CD013342_pub2,10,Total adverse events,8,262.0,115.0,0.8878725519856988,0.9674378487701908,0.17283220908321673
CD013344_pub2,1,Graft loss,12,1407.0,30.0,0.2378667485530298,4.870931676179823,0.9742716244633728
CD013344_pub2,2,Acute rejection,3,229.0,21.0,1.1706631851313,0.035769123018293096,0.7261924123003741
CD013344_pub2,2,Rejection,5,437.0,35.0,0.580918533261632,1.1732804747660825,0.8544371960219735
CD013344_pub2,3,BK viraemia,4,371.0,18.0,0.5683103748242653,0.6223715854941263,0.9988763039394862
CD013344_pub2,4,BK viraemia at end of study (8 to 12 months),3,223.0,41.0,1.708612470862082,0.00406121346060484,0.9304241348844818
CD013344_pub2,4,BK viruria,3,281.0,53.0,1.1001827604415397,0.1078808466079597,0.9789858409455084
CD013344_pub2,6,Death,3,281.0,9.0,1.9436824374920847,0.00017087663565718917,0.9541642386355359
CD013344_pub2,11,Therapy-related adverse events,6,180.0,32.0,0.9205172518180563,0.27188397759187644,0.4552656139895682
CD013344_pub2,14,Infection,4,418.0,61.0,0.25612394665799754,13.101961736900314,0.9753118724345134
CD013355_pub2,4,Neurological outcome: periventricular leukomalacia,3,464.0,30.0,1.1684873153556494,0.024486908232087917,0.9480237107610879
CD013355_pub2,6,Neurological outcome: severe intraventricular haemorrhage,4,524.0,59.0,0.3685831518255084,5.87180822940255,0.9985283189376677
CD013355_pub2,7,28-day mortality,4,562.0,64.0,0.5395321171360139,2.1054683713668707,0.9642285130488717
CD013358_pub2,15,Smoking cessation,5,484.0,73.0,0.7072827746845807,0.7950485805803543,0.9129473666844169
CD013366_pub2,1,PICC-associated BSI,4,793.0,8.0,1.002774417209011,0.009905855308899624,0.9673599258603441
CD013366_pub2,1,Venous thromboembolism,8,665.0,14.0,1.2209618111059877,0.004660444089665701,0.24809238444173065
CD013366_pub2,2,Occlusion,16,1447.0,191.0,1.3972530563224665,0.007104093601236717,0.9443143111028718
CD013366_pub2,2,Venous thromboembolism (subgroup analysis - age),5,377.0,7.0,1.7183305137081426,0.0003013195659913868,0.8383730375464844
CD013366_pub2,3,Occlusion - sensitivity analysis,4,162.0,48.0,0.9437034237697203,0.4001994169486501,0.25346238579259595
CD013366_pub2,4,All-cause mortality,3,587.0,41.0,2.0179905113592707,0.00011790737877268845,0.8338112211879666
CD013366_pub2,4,Catheter failure,5,529.0,117.0,1.125311927595047,0.11018566176749743,0.6319685610317536
CD013366_pub2,5,Catheter failure,4,369.0,124.0,0.5949042582532016,3.6743326208702793,0.9709048898431264
CD013366_pub2,5,Occlusion,5,496.0,33.0,2.377219216389497,1.8185548617606306e-05,0.4375031392611598
CD013366_pub2,6,Catheter breakage,7,726.0,6.0,1.270156576513199,0.001439034979860114,0.9328116467690916
CD013366_pub2,6,Occlusion (subgroup analyses - age),5,496.0,33.0,2.377219216389497,1.8185548617606306e-05,0.4375031392611598
CD013366_pub2,7,Occlusion (sensitivity analyses),7,624.0,37.0,1.8518506409720765,0.00033370529938784877,0.297547918287311
CD013366_pub2,9,Catheter failure,4,375.0,75.0,0.4494201122316158,4.878531111376757,0.8619071809496601
CD013366_pub2,10,Catheter failure (sensitivity analyses),6,390.0,44.0,2.267948835485508,5.2777177485627445e-05,0.8871624681262612
CD013366_pub2,12,Catheter breakage,4,429.0,6.0,0.8407297590345745,0.04112440126184866,0.1730428128094187
CD013366_pub2,13,Catheter breakage (sensitivity analyses),6,557.0,6.0,0.5811299257856457,0.17236593632016473,0.5733786832508543
CD013396_pub2,1,Asthma,8,1279.0,139.0,1.9961981162585847,7.838318352472517e-05,0.8540355854540581
CD013396_pub2,1,Asthma – as defined by trial authors,6,1412.0,127.0,1.6646626250621024,0.0009326645270354783,0.716327290304463
CD013396_pub2,2,Wheeze,5,873.0,152.0,0.9839903618067626,0.21577506042625266,0.00362325149372289
CD013396_pub2,2,Wheeze – as defined by trial authors,8,1609.0,277.0,1.0357903497241745,0.13304234552425562,0.31396919244951027
CD013396_pub2,3,Atopic dermatitis,5,936.0,187.0,0.8113351790359474,0.8475451751360389,0.4677425903679632
CD013396_pub2,3,Wheeze,3,736.0,125.0,1.0891758131264107,0.09605033370190133,0.8498035237962661
CD013396_pub2,4,Adverse events,32,15609.0,233.0,1.732150008642039,1.3348328399853684e-05,0.7101782206011595
CD013396_pub2,4,Atopic dermatitis,3,736.0,151.0,0.8950645690118127,0.41918764532592506,0.8520979777703356
CD013396_pub2,5,Adverse events,16,5610.0,176.0,2.7033891807903627,1.1572684939106035e-08,0.6819758530060703
CD013396_pub2,5,Any airway infection,11,2679.0,2121.0,0.9089622808920753,1.5226346803559594,0.6307906613766274
CD013396_pub2,6,Any airway infection,3,725.0,227.0,1.2576295845340748,0.062207428407027775,0.9527066723549455
CD013396_pub2,6,Lower respiratory tract infection,6,1914.0,289.0,0.6760440050807951,1.5051500574199033,0.7223671585671173
CD013396_pub2,7,Lower respiratory tract infection,3,725.0,227.0,1.2576295845340748,0.062207428407027775,0.9527066723549455
CD013396_pub2,7,Upper respiratory tract infection,6,2098.0,1745.0,0.932557570781574,1.1552924194581877,0.15387562861423754
CD013408_pub2,1,All-cause mortality,5,2245.0,90.0,0.8625357102687132,0.10081779068096755,0.1679655598526245
CD013408_pub2,2,All-cause mortality - sensitivity analysis,3,1195.0,53.0,1.0742606177058909,0.028736051818952373,0.031294344398943075
CD013408_pub2,5,Cardiovascular mortality,5,2193.0,33.0,1.1514769362447244,0.0038926251884793574,0.15872767826927492
CD013408_pub2,6,Cardiovascular mortality - sensitivity analysis,3,1143.0,12.0,0.9470776434463337,0.015343984046653809,0.95744015696835
CD013408_pub2,7,Cardiovascular hospitalisation,5,1738.0,378.0,1.1902681639066472,0.05827053176793008,0.24948800545503103
CD013408_pub2,8,Cardiovascular hospitalisation - sensitivity analysis,4,1311.0,316.0,1.3320806046112592,0.024161741323447648,0.4393380818906083
CD013408_pub2,11,Thromboembolic complications,5,2241.0,41.0,1.21610338569461,0.0032670465246289987,0.22341637959145877
CD013408_pub2,12,Thromboembolic complications - sensitivity analysis,3,1195.0,26.0,1.6669270310332567,0.0002183956151318101,0.5888241154597212
CD013408_pub2,13,Major cerebrovascular bleeding events,3,1402.0,34.0,0.9899064458490027,0.014526727968323999,0.00010132859262046434
CD013408_pub2,15,All bleeding events,4,1570.0,71.0,1.4066363536460287,0.0024280149380230824,0.2658779752001341
CD013408_pub2,17,AF symptom burden,5,610.0,228.0,1.0229222691733255,0.3458391262218969,0.03983187319489723
CD013414_pub2,1,Death: ADPKD subgroup analysis,3,433.0,68.0,0.11223961807662264,34.38139144065101,0.9999970485361644
CD013414_pub2,1,Death: age subgroup analysis,3,2082.0,34.0,0.22274032950767608,6.11906922908649,0.9929875902671578
CD013414_pub2,3,All-cause death,3,2082.0,34.0,0.22274032950767608,6.11906922908649,0.9929875902671578
CD013414_pub2,3,Death: age subgroup analysis,3,433.0,68.0,0.11223961807662264,34.38139144065101,0.9999970485361644
CD013414_pub2,4,Adverse events,7,7607.0,1149.0,0.774394257378424,1.1896188054538097,0.8280829549569173
CD013414_pub2,4,All-cause death,3,433.0,68.0,0.11223961807662264,34.38139144065101,0.9999970485361644
CD013414_pub2,5,Death: duration of study subgroup analysis,3,433.0,68.0,0.11223961807662264,34.38139144065101,0.9999970485361644
CD013414_pub2,6,Adverse events,15,1249.0,265.0,1.5016403650649468,0.005969269757801948,0.6203257301466722
CD013414_pub2,8,Withdrawal due to intolerance,4,329.0,65.0,0.2511246660187848,15.339369694051744,0.9937621407355194
CD013421_pub2,1,Failure of hemostatic intervention,17,1168.0,185.0,0.780997344930126,0.5976338081696203,0.41636631951707914
CD013421_pub2,1,Postoperative bleeding,9,651.0,60.0,1.8253140446757117,0.0002951377458310835,0.6802307695899137
CD013421_pub2,2,Proportion achieving hemostasis at time points,9,779.0,631.0,1.1140038116270525,0.3867440032286962,0.8958824820903138
CD013421_pub2,2,Proportion achieving hemostasis at time points - studies combining multiple surgery indications,7,693.0,545.0,1.1009773641427676,0.41282469572971137,0.8244086170092552
CD013421_pub2,3,Failure of hemostatic intervention - studies combining multiple surgery indications,13,969.0,152.0,0.6872335213626186,0.8854221991699431,0.5258329592141231
CD013421_pub2,6,Postoperative bleeding up to 30 days - studies combining multiple surgery indications,8,575.0,57.0,2.3907391833430576,1.4277388487174368e-05,0.8149843228672972
CD013425_pub2,1,Global state: clinically important change,6,1006.0,358.0,0.9001239336469053,0.676460265024699,0.757174376837644
CD013425_pub2,1,"Global state: clinically important change; sensitivity analysis (inadequate randomised, high attrition rate data excluded)",5,966.0,331.0,0.888835271023504,0.7132664183443698,0.8131634441480546
CD013425_pub2,2,Global state: clinically important change; sensitivity analysis (fixed-effect model applied),6,1006.0,358.0,0.9001239336469053,0.676460265024699,0.757174376837644
CD013425_pub2,2,Global state: relapse,7,629.0,209.0,0.4836144354411098,7.945171537359462,0.9484003137537382
CD013425_pub2,3,"Global state: relapse: sensitivity analysis (inadequate randomised, high attrition rate data excluded)",5,517.0,192.0,0.4954473120691536,7.753427115306295,0.9517091314081247
CD013425_pub2,3,Mental state: overall - clinically important change in overall mental state (≥ 50% reduction in PANSS endpoint score),13,606.0,161.0,1.0938015250367232,0.15959164481567154,0.31801027171106
CD013425_pub2,4,Global state: relapse: sensitivity analysis (fixed-effect model applied),7,629.0,209.0,0.4836144354411098,7.945171537359462,0.9484003137537382
CD013425_pub2,5,Adverse effects/events: specific - extrapyramidal - any effect,14,1492.0,541.0,1.3632388101257902,0.03222342241311057,0.7451527297417304
CD013425_pub2,5,"Mental state: overall - clinically important change in overall mental state (≥ 50% reduction in PANSS endpoint score): sensitivity analysis (inadequate randomised, high attrition rate data excluded)",9,426.0,129.0,1.1892903290432346,0.10605327090960394,0.6739216041352445
CD013425_pub2,6,Adverse effects/events: specific - metabolic - weight increase,18,1742.0,170.0,3.1122091858296104,2.0599919986989035e-08,0.8342002146536616
CD013425_pub2,6,Mental state: overall - clinically important change in overall mental state (≥ 50% reduction in PANSS endpoint score): sensitivity analysis (fixed-effect model applied),13,606.0,161.0,1.0938015250367232,0.15959164481567154,0.31801027171106
CD013425_pub2,7,"Adverse effects/events: specific - extrapyramidal - any effect: sensitivity analysis (inadequate randomised, high attrition rate data excluded)",8,1235.0,384.0,1.3534767192368258,0.031724856325722646,0.7330470089583517
CD013425_pub2,8,Adverse effects/events: specific - extrapyramidal - any effect: sensitivity analysis (fixed-effect model applied),14,1492.0,541.0,1.3590430587007782,0.03292968072843948,0.736736963974966
CD013425_pub2,9,Adverse effects/events: specific - metabolic - weight increase: sensitivity analysis (inadequate randomised trials excluded),14,1557.0,151.0,3.0201489689212586,5.104072756746336e-08,0.7400858677987553
CD013425_pub2,9,Leaving the study early: adverse effects,21,2006.0,198.0,1.0746555236278172,0.054481431577870464,0.27450108480506974
CD013425_pub2,10,Adverse effects/events: specific - metabolic - weight increase: sensitivity analysis (high attrition rate data excluded),15,1595.0,112.0,2.881722808396596,8.678293326828931e-08,0.8722578271390943
CD013425_pub2,11,Adverse effects/events: specific - metabolic - weight increase: sensitivity analysis (fixed-effect model applied),18,1742.0,170.0,3.1122091858296104,2.0599919986989035e-08,0.8342002146536616
CD013425_pub2,12,Leaving the study early: adverse effects: sensitivity analysis (inadequate randomised trials excluded),16,1729.0,171.0,1.0596734364964568,0.05975983209065198,0.20855120559850115
CD013425_pub2,13,Leaving the study early: adverse effects: sensitivity analysis (fixed-effect model applied),21,2006.0,198.0,1.079259393831588,0.05320616612652181,0.2761318341873693
CD013429_pub2,1,Primary: Eustachian tube function measured by an objective or semi-objective test: Improvement of tympanometry (by ear),4,120.0,98.0,0.9891876039676419,0.8439946555239214,0.03312703814478679
CD013429_pub2,2,Secondary: Tympanic membrane abnormalities: Normalisation of TM position,4,120.0,92.0,0.9732226589892236,0.844419452158634,0.08352264450504898
CD013429_pub2,3,Primary: Eustachian tube function measured by an objective or semi-objective test: improvement of tympanometry (by ear),4,248.0,152.0,0.8011621099078998,1.8225719744393023,0.8236446574234398
CD013429_pub2,8,Secondary: Tympanic membrane abnormalities: normalisation of TM position,3,40.0,17.0,0.5407834716916546,2.311354243572995,0.9999910631663528
CD013445_pub2,1,Stone-free rate,39,2209.0,1911.0,0.9986332810152656,0.8865242536223213,0.005890822099732906
CD013445_pub2,2,Major complications,34,1936.0,42.0,1.210107081099762,0.004438201474729181,0.18011065424765194
CD013445_pub2,3,Secondary interventions,21,1056.0,54.0,1.0709950785434097,0.030211748441297887,0.13866117500209751
CD013445_pub2,5,Minor complications,35,1933.0,282.0,0.9285569470637935,0.2793537498787499,0.07377604817099004
CD013445_pub2,6,Blood transfusions,20,951.0,35.0,1.0158774628788705,0.03763669100372394,0.0028225971972818398
CD013445_pub2,8,Postprocedure drainage tube or stent,18,984.0,589.0,0.9415412750512504,0.8137235381025656,0.0850723309319299
CD013445_pub2,10,Ureteral stricture or injury,13,796.0,9.0,0.4824007980494227,0.27622367905914647,0.8320181886426727
CD013445_pub2,16,Subgroup analysis by access size: stone-free rate,25,1253.0,1150.0,0.9861651807553279,0.9948208958574962,0.3472072239189671
CD013445_pub2,17,Subgroup analysis by stone burden: stone-free rate,24,1407.0,1208.0,0.998316574059793,0.8915405067182974,0.0039689270384005715
CD013445_pub2,18,Subgroup analysis by stone location: stone-free rate,11,656.0,594.0,1.0159614336458551,0.8109590039954756,0.5838079923695039
CD013445_pub2,19,Subgroup analysis by stone size: stone-free rate,30,1544.0,1329.0,0.9961308964586324,0.9042127544397656,0.023841232513380772
CD013445_pub2,20,Subgroup analysis by access size: major complications,23,1119.0,26.0,1.0796610110452394,0.016456288398628595,0.015841123045567063
CD013445_pub2,21,Subgroup analysis by stone burden: major complications,20,1254.0,25.0,1.2589451019929052,0.0039140490875817285,0.15427339581893307
CD013445_pub2,22,Subgroup analysis by stone location: major complications,9,625.0,15.0,0.17008208732911778,4.614274363544489,0.9509655081885183
CD013445_pub2,23,Subgroup analysis by stone size: major complications,25,1351.0,23.0,1.2069116076769346,0.0037520639406258016,0.10623355363182974
CD013445_pub2,24,Subgroup analysis by access size: secondary interventions,15,805.0,48.0,1.0653914946749994,0.040640297721919016,0.25808818235129727
CD013445_pub2,25,Subgroup analysis by stone burden: secondary interventions,19,930.0,44.0,1.0284480086844916,0.04048619260324052,0.014032796571672779
CD013445_pub2,26,Subgroup analysis by stone location: secondary intervention,7,461.0,28.0,0.730953173660901,0.3314634513440974,0.9082214378675982
CD013445_pub2,27,Subgroup analysis by stone size: secondary intervention,17,797.0,47.0,1.1246217145376298,0.024133328887344752,0.3804920027656302
CD013445_pub2,28,Sensitivity analysis for stone-free rate by definition of stone freedom (≤ 4 mm by any imaging modality),18,1120.0,991.0,1.009470817095572,0.82993402998434,0.06580115764028815
CD013445_pub2,29,Sensitivity analysis for stone-free rate by definition of stone freedom (≤ 2 mm by any imaging modality),7,312.0,279.0,1.0028291245055645,0.8835243939998018,0.054937927970359124
CD013445_pub2,30,Sensitivity analysis for stone-free rate by definition of stone freedom (totally stone-free by CT scan),5,183.0,166.0,0.9648604817240034,1.0921603890326104,0.9177041170493391
CD013445_pub2,31,Sensitivity analysis for major complications by definition of stone freedom (≤ 4 mm by any imaging modality),16,889.0,28.0,0.5850474314113603,0.5931438103212938,0.852592000236676
CD013445_pub2,32,Sensitivity analysis for major complications by definition of stone freedom (≤ 2 mm by any imaging modality),7,312.0,2.0,0.9062926762719907,0.012705584398564484,0.008479356626438506
CD013445_pub2,33,Sensitivity analysis for major complications by definition of stone freedom (totally stone-free by CT scan),4,184.0,1.0,0.0,1.0,1.0
CD013445_pub2,34,Sensitivity analysis for secondary interventions by definition of stone freedom (≤ 4 mm by any imaging modality),9,623.0,41.0,1.0104149198147725,0.07140551442653745,0.0032548536790081295
CD013445_pub2,36,Sensitivity analysis for secondary interventions by definition of stone freedom (totally stone-free by CT scan),4,90.0,7.0,1.8546365561954705,0.001623487060888445,0.9696443081591075
CD013456_pub2,5,Psychosocial interventions versus inactive control; outcome 3: Dropout from treatment,5,126.0,38.0,1.0825362108842829,0.22095266961599108,0.2998857194105521
CD013456_pub2,6,Psychosocial interventions versus inactive control; outcome 4: Adverse events,6,321.0,7.0,0.4660111491845188,0.4605496735855227,0.6798107476215471
CD013456_pub2,7,Trauma-focused versus non trauma-focused interventions; outcome 3: Dropout from treatment,12,418.0,137.0,1.0690222803550955,0.20759270114579859,0.21246283621918505
CD013456_pub2,8,Trauma-focused versus non trauma-focused interventions; outcome 4: Adverse events,5,297.0,12.0,1.2359267443707151,0.010417637280569518,0.6820560754159761
CD013462_pub3,1,Rate of POPF (grade B or C defined according to the 2005 ISGPF definition),8,710.0,81.0,0.7947122783191989,0.41950588077636025,0.7745719959042553
CD013462_pub3,1,Rate of postoperative pancreatic fistula (grade B or C defined according to the 2005 ISGPF definition),36,2381.0,298.0,0.9057941383516922,0.20343310580685578,0.2733905862069358
CD013462_pub3,1,Rate of postoperative pancreatic fistula (grade B or C defined according to the 2016 ISGPS definition),8,876.0,72.0,0.8516828414859057,0.21478774344270976,0.637362094525004
CD013462_pub3,2,Postoperative mortality,29,2274.0,48.0,0.7619837641501662,0.09339213043843952,0.6055804746399157
CD013462_pub3,3,Rate of surgical reintervention,11,772.0,40.0,1.2399698680427482,0.01023186714502207,0.22735365334692526
CD013462_pub3,4,Rate of postoperative bleeding,11,736.0,43.0,0.6524467705827973,0.409298709786135,0.7604556791603246
CD013462_pub3,5,Overall rate of surgical complications,8,532.0,272.0,0.9816209821469415,0.5382190056856989,0.041596375468564206
CD013474_pub2,4,Treatment-related mortality,3,248.0,6.0,1.3997287574723722,0.0024390757186164864,0.4046995799743044
CD013474_pub2,8,Treatment-related mortality,4,599.0,36.0,1.9568145529732885,0.00017669766895635975,0.8021159845105902
CD013474_pub2,9,Treatment-related mortality: type of drug,4,599.0,36.0,1.9568145529732885,0.00017669766895635975,0.8021159845105902
CD013474_pub2,10,Treatment discontinuation,6,666.0,292.0,1.289742213691385,0.067185358336017,0.8406751081116647
CD013474_pub2,11,Treatment discontinuation: type of drug,6,666.0,292.0,1.3266285355339515,0.05418908339931125,0.8630621077644949
CD013508_pub3,14,Mortality (all-cause),3,296.0,12.0,0.2854047622981367,2.3760127922883996,0.9983953992816453
CD013508_pub3,15,MACE,4,206.0,33.0,0.8926442301968671,0.2512166449906434,0.14264848267209684
CD013524_pub2,1,N° of participants with at least one new relapse at 12-month follow-up,3,80.0,17.0,0.9774522382870157,0.2388602947458262,0.15419570699439689
CD013524_pub2,1,N° of participants with at least one serious adverse event at the end of follow-up,37,7212.0,596.0,1.0388350586171653,0.04518563778183602,0.013792537026000251
CD013524_pub2,2,N° of participants free from disability worsening at the end of follow-up,14,4776.0,4015.0,0.9996590053810511,0.8530587522965557,0.030626316353741245
CD013524_pub2,3,N° of participants who withdrew at the end of follow-up,37,7236.0,1199.0,1.1150941231194988,0.044989089266849816,0.2263802560360466
CD013524_pub2,4,N° of participants with at least one adverse event at the end of follow-up,36,6947.0,5475.0,1.5227576953514381,0.008382292134970925,0.8997545860089007
CD013524_pub2,5,N° of participants who experienced at least one relapse at the end of follow-up,3,1166.0,448.0,1.5395953590496312,0.008669742426079066,0.9851876303324213
CD013524_pub2,5,N° of participants with at least one relapse at the end of follow-up,6,3680.0,767.0,1.0025033133441072,0.20337248443279043,0.20533795043674408
CD013524_pub2,6,N° of participants with new Gd+ T1 MRI lesions at the end of follow-up,4,1432.0,205.0,1.3103464589376275,0.013826636505036892,0.9706794973868236
CD013524_pub2,6,N° of participants with new Gd+ T1 or new/enlarging T2 MRI lesions at the end of follow-up,15,4859.0,1254.0,1.4830337322601848,0.005435213400869067,0.9076148011959237
CD013539_pub2,4,Pathological complete response,7,1712.0,793.0,1.0028621545927954,0.45723125882608273,0.10577932640188459
CD013539_pub2,4,Serious adverse events,38,7565.0,2140.0,1.3524723205216502,0.014083385243810049,0.612821970621384
CD013539_pub2,5,Objective response rate,39,7105.0,4091.0,0.8989671795259944,1.3823555448138254,0.7341352024437395
CD013539_pub2,5,Serious adverse events,13,3084.0,398.0,0.840847639587272,0.4936066449185995,0.38429203414266744
CD013539_pub2,6,Mortality,27,6000.0,1397.0,1.5893137833295228,0.00166563923215242,0.8460073060473798
CD013539_pub2,6,Objective response rate,13,2784.0,2198.0,1.12159583109086,0.3258835307238428,0.7449615456686687
CD013539_pub2,7,Mortality,12,3014.0,145.0,1.0158594915435262,0.03748597336173108,0.0020276053554192375
CD013539_pub2,7,Neutralising antibodies,14,3425.0,33.0,1.0237213429103562,0.006719851712756103,0.00243955891079628
CD013539_pub2,8,Antidrug antibodies,32,8049.0,381.0,1.3935339984341952,0.0011060901291657383,0.43571933110582284
CD013539_pub2,8,Antidrug antibodies ,23,2856.0,116.0,1.1394333318388141,0.013122305980541005,0.2091582061775935
CD013539_pub2,9,Antidrug antibodies,10,2490.0,27.0,0.4415472516612936,0.6844851656720279,0.9194958911588319
CD013539_pub2,9,Any adverse events,23,5422.0,5149.0,1.0631979246309144,0.5652706045862737,0.653024881972708
CD013539_pub2,9,Neutralising antibodies,10,1286.0,6.0,0.9120599111580117,0.009346867859227411,0.15737660998388936
CD013539_pub2,10,Any adverse events,15,2156.0,1721.0,1.1351640355769437,0.3125249612459039,0.7423159247446667
CD013539_pub2,10,Neutralising antibodies,10,2549.0,9.0,0.9896369921674991,0.0034826997301167268,0.001566926928952439
CD013539_pub2,11,Any adverse events,15,3511.0,2916.0,1.158874095853617,0.25351579746057595,0.7026038900988671
CD013541_pub2,1,Adverse effects,6,171.0,4.0,0.5629656458458085,0.24360039301696715,0.8587226474034816
CD013541_pub2,1,Leaving the study early (≤ 1 month postintervention),5,186.0,35.0,1.5892081438451315,0.009394185719648654,0.8574077354310755
CD013541_pub2,1,Relapse (≤ 1 month postintervention),4,115.0,40.0,1.324555810293848,0.06981923653300397,0.8150268113843449
CD013541_pub2,2,Leaving the study early (1-6 months postintervention),3,93.0,9.0,0.6343030704566714,0.45171259548758985,0.43879667866368666
CD013541_pub2,2,"Relapse (≤ 1 month postintervention, completer)",4,100.0,25.0,1.0640722316201319,0.19287479151153353,0.3233347225886317
CD013541_pub2,2,Service use: hospital admission (> 6 months postintervention),6,196.0,93.0,0.9905553226743038,0.51878782580236,0.024875058024956598
CD013541_pub2,3,Leaving the study early (6-12 months postintervention),8,283.0,29.0,0.5135545758486474,1.5036475483968599,0.968231343386309
CD013541_pub2,3,Relapse (> 6 months postintervention),5,172.0,94.0,1.102968142896371,0.33119419212854584,0.8258964893869072
CD013541_pub2,4,Leaving the study early (> 12 months postintervention),10,473.0,41.0,0.8125974163574129,0.3195748573121946,0.2679219694013206
CD013541_pub2,4,"Relapse (> 6 months postintervention, completer)",5,156.0,78.0,1.098491282632722,0.31271347741807554,0.8301089328285508
CD013561_pub2,2,Adverse events,5,134.0,37.0,0.4828418399691796,2.965876883393875,0.8704713432509614
CD013561_pub2,2,Biochemical remission according to normalisation of IGF-1 and GH,3,78.0,36.0,1.2441789327488944,0.16173836798836091,0.8287474583563924
CD013561_pub2,3,Biochemical remission according to IGF-1 normalisation and GH < 1 ug/L,5,134.0,23.0,1.1937231540824706,0.06568754806167888,0.8101342425853366
CD013561_pub2,4,Biochemical remission according to normalisation of IGF-1,4,124.0,23.0,1.7491848980779658,0.005496901117546604,0.9813578608015401
CD013571_pub2,1,Participant-reported cure or improvement: immediately after treatment,7,409.0,321.0,0.9524278988439715,1.0807299302607742,0.4228783634054044
CD013571_pub2,2,Participant-reported cure or improvement: long-term effect (> 2 months after treatment),3,104.0,77.0,0.8366593221554389,1.553823605410158,0.9503812498233575
CD013590_pub2,1,Frequency of crisis,8,138.0,19.0,0.46007501527108763,2.055568053519733,0.8491689733668704
CD013590_pub2,2,Adverse effects,3,170.0,55.0,3.887337587116946,1.720482783039337e-07,0.8470825074759075
CD013590_pub2,3,Frequency of SCD-related complications,7,391.0,7.0,1.4998552731691115,0.0009450022337789284,0.6338404992231135
CD013590_pub2,3,Frequency of SCD-related complications ,4,236.0,85.0,1.518801062649176,0.01712875654399122,0.7285011845957182
CD013590_pub2,4,SCD-related complications (number of participants),5,220.0,25.0,1.3152981415573208,0.02440829594956684,0.49733050006027535
CD013590_pub2,7,Frequency of SCD-related complications,3,144.0,4.0,1.2966518953484103,0.0069728771508369295,0.6242940979314444
CD013613_pub2,3,Dropouts due to adverse events at three months,3,104.0,1.0,0.0,1.0,1.0
CD013613_pub2,4,Dropouts due to adverse events at study endpoint,3,104.0,1.0,0.0,1.0,1.0
CD013613_pub2,7,PTSD rate at study endpoint,5,99.0,10.0,0.3464815685371925,1.8161002169483869,0.8938724019382441
CD013613_pub2,8,Sensitivity analysis: PTSD rate at study endpoint (cases out of randomised),5,142.0,10.0,0.3738845545354449,1.3614658296375486,0.8278612252887638
CD013613_pub2,14,Dropout for any reason at three months,4,119.0,40.0,0.9245866865028863,0.5058596704703539,0.6601931966242556
CD013613_pub2,15,Dropout for any reason at study endpoint,6,318.0,117.0,0.9847255088954211,0.43224955700920825,0.1240952853641446
CD013614_pub2,1,Clinical improvement as measured by the ACR50 response criteria or by the EULAR good response criteria at 12 weeks,25,4298.0,1621.0,0.9576012216957561,0.5022907991882618,0.5019762917831928
CD013614_pub2,1,Clinical improvement as measured by the ACR50 response criteria or by the EULAR good response criteria at 12 weeks stratified for sex,4,533.0,190.0,1.1522528423740481,0.13283598477907832,0.7798796865054192
CD013614_pub2,2,Clinical improvement as measured by the ACR50 response criteria or by the EULAR good response criteria at 24 weeks,18,3790.0,1623.0,1.0248362287373445,0.3439144753863797,0.4264357574517147
CD013614_pub2,2,Clinical improvement as measured by the ACR50 response criteria or by the EULAR good response criteria at 24 weeks stratified for sex,4,533.0,231.0,1.287367732724448,0.07098988432456209,0.9812268081142529
CD013614_pub2,3,Clinical improvement as measured by the ACR50 response criteria or by the EULAR good response criteria at 52 weeks,7,1952.0,955.0,1.0601300646452136,0.31797087714848427,0.7727505186145694
CD013614_pub2,3,Disease activity as measured by MDA-PsA criteria or by DAS 28 or by DAS at 12 weeks,6,1280.0,358.0,1.1182961148788158,0.11722288385828195,0.861722427888423
CD013614_pub2,3,Number of patients with serious adverse events at any time stratified for sex,4,533.0,14.0,1.139753552793824,0.01043827794685393,0.25291085588829154
CD013614_pub2,4,Disease activity as measured by MDA-PsA criteria or by DAS 28 or by DAS at 12 weeks,9,1629.0,488.0,0.8735053972175676,0.7009373124194723,0.765425418977055
CD013614_pub2,4,Disease activity as measured by MDA-PsA criteria or by DAS 28 or by DAS at 24 weeks,5,1336.0,428.0,1.1027739014244557,0.15549674843351843,0.9247839425614172
CD013614_pub2,5,Disease activity as measured by MDA-PsA criteria or by DAS 28 or by DAS at 24 weeks,10,1697.0,626.0,1.0330726693219918,0.293505317801846,0.2784540207697873
CD013614_pub2,6,Disease activity as measured by MDA-PsA criteria or by DAS 28 or by DAS at 52 weeks,5,1385.0,564.0,1.0013621689794803,0.3955885362615322,0.006586889155695497
CD013614_pub2,6,MCID in HAQ proportion of patients at 12 weeks,4,688.0,342.0,0.9612909124590475,0.6312611456371724,0.903325902906112
CD013614_pub2,8,MCID in HAQ proportion of patients at 24 weeks,3,750.0,378.0,1.0351874678808666,0.3988599311342591,0.9691740496228408
CD013614_pub2,10,Proportion of patients achieving MCID in HAQ at 24 weeks,3,458.0,274.0,1.1295278863581464,0.2780406727925724,0.931524649442908
CD013614_pub2,12,Proportion of patients achieving MCID in HAQ at 52 weeks,3,796.0,454.0,0.8607747184692065,1.4269194103045515,0.974011445345702
CD013614_pub2,14,Number of patients with serious adverse events at any time,5,671.0,38.0,1.2043460099076453,0.015669356441710504,0.9493000595297476
CD013614_pub2,14,Number of patients with serious adverse events at any time ,13,2040.0,71.0,1.0814255956320262,0.020608784995821187,0.2915295804548693
CD013614_pub2,15,(OR) Number of patients with serious adverse events at any time,5,671.0,38.0,1.2043460099076453,0.015669356441710504,0.9493000595297476
CD013614_pub2,15,(OR) Number of patients with serious adverse events at any time ,13,2040.0,71.0,1.0814255956320262,0.020608784995821187,0.2915295804548693
CD013614_pub2,16,Withdrawal due to adverse events,14,2140.0,65.0,1.2694477500705887,0.004296590168183113,0.37096194574252506
CD013614_pub2,16,Withdrawal due to adverse events at any time,5,671.0,45.0,0.7543300652509976,0.33087921311657925,0.9989302018656545
CD013614_pub2,17,Clinical improvement as measured by ACR20 response criteria or by the EULAR moderate response criteria or by PsARC criteria at 12 weeks,20,2815.0,1730.0,0.9709984505447145,0.7211373211044525,0.27319522245234407
CD013614_pub2,18,Clinical improvement as measured by ACR20 response criteria or by the EULAR moderate response criteria or by PsARC criteria at 24 weeks,4,614.0,394.0,0.9738660267432188,0.7526632102725084,0.533763533939233
CD013614_pub2,18,Clinical improvement as measured by ACR20 response criteria or by the EULAR moderate response criteria or by PsARC criteria at 24 weeks.,8,1690.0,1056.0,1.0366239687140981,0.4555034397794912,0.5737265384608281
CD013614_pub2,19,Enthesitis: resolution as LEI=0 at 12 weeks,4,431.0,197.0,0.99702954401843,0.45855297531739664,0.002866111148934092
CD013614_pub2,21,Enthesitis: resolution as LEI=0 at 24 weeks,4,334.0,156.0,1.1481616948123983,0.20161078641971517,0.5354848383346078
CD013614_pub2,21,Number of patients with serious adverse events at any time,6,1486.0,87.0,1.0525041786820108,0.04458421032878326,0.18373078251071095
CD013614_pub2,22,Withdrawal due to adverse events,7,1510.0,81.0,1.384739248222298,0.0034318428066650287,0.9665997885482756
CD013614_pub2,23,Clinical improvement as measured by ACR20 response criteria or by the EULAR moderate response criteria or by PsARC criteria at 12 weeks,6,1486.0,943.0,1.0869255562744635,0.3365778646820742,0.9554402950385522
CD013614_pub2,23,Resolution of dactylitis as no dactylitis at 12 weeks,4,214.0,138.0,1.2477158585773573,0.17059296951702957,0.9998578965838545
CD013614_pub2,23,Resolution of dactylitis as no dactylitis at 24 weeks,4,216.0,152.0,0.9300141182273186,1.0548570451256671,0.600778599936089
CD013614_pub2,24,Clinical improvement as measured by ACR20 response criteria or by the EULAR moderate response criteria or by PsARC criteria at 24 weeks,6,1486.0,989.0,1.0537632387881983,0.4497168992327172,0.9774188454311699
CD013614_pub2,25,Clinical improvement as measured by ACR20 response criteria or by the EULAR moderate response criteria or by PsARC criteria at 52 weeks,5,1385.0,920.0,1.0306517307771061,0.5320862852284941,0.6428565647249687
CD013614_pub2,26,Enthesitis: resolution as LEI=0 at 12 weeks,4,431.0,197.0,1.1175832074560135,0.22668262239920173,0.9146506815184771
CD013614_pub2,28,Enthesitis: resolution as LEI=0 at 24 weeks,5,754.0,351.0,1.1209573802847972,0.22258994405207969,0.7109451078556384
CD013614_pub2,29,Improvement in psoriasis in patients with psoriasis at baseline as measured by the PASI75 response at 12 weeks.,12,1229.0,648.0,1.1188458231785154,0.2426872633215617,0.5367185456386185
CD013614_pub2,30,Enthesitis: resolution as LEI=0 at 52 weeks,5,788.0,436.0,0.9984270094790805,0.561381929242671,0.02434553897515701
CD013614_pub2,30,Improvement in psoriasis in patients with psoriasis at baseline as measured by the PASI75 response at 24 weeks.,8,1076.0,631.0,1.1658632533225273,0.1953666543424918,0.8504060033752479
CD013614_pub2,32,Resolution of dactylitis as no dactylitis at 12 weeks,4,214.0,138.0,1.0272103307672982,0.5266584327854992,0.07138932104673701
CD013614_pub2,34,Resolution of dactylitis as no dactylitis at 24 weeks,3,203.0,162.0,1.017023283291296,0.7655391323711237,0.07737811076140177
CD013614_pub2,36,Resolution of dactylitis as no dactylitis at 52 weeks,5,391.0,285.0,1.0181305668902378,0.6581564931874332,0.2429925540990603
CD013614_pub2,41,Improvement in psoriasis in patients with psoriasis at baseline as measured by the PASI75 response at 12 weeks.,5,707.0,382.0,1.218444599763919,0.1309233900681947,0.9547385057262343
CD013614_pub2,42,Improvement in psoriasis in patients with psoriasis at baseline as measured by the PASI75 response at 24 weeks.,5,707.0,437.0,1.0708300954069667,0.3954903258497536,0.8011657835082976
CD013614_pub2,43,Improvement in psoriasis in patients with psoriasis at baseline as measured by the PASI75 response at 52 weeks.,5,841.0,534.0,1.054369686216256,0.45055916879828917,0.6913302638875118
CD013616_pub2,1,Mortality,131,28678.0,1458.0,1.1161391386628028,0.024364271359465662,0.13151858504743585
CD013616_pub2,1,Mortality - nurse-led clinics by disease type,8,1747.0,101.0,1.216002697712747,0.01946154919491473,0.04238205947122131
CD013616_pub2,1,Patient safety events,29,6864.0,765.0,0.8717951340252371,0.4167686340380829,0.11884737473486551
CD013616_pub2,2,Patient safety events,210,48991.0,5513.0,0.861579426630868,0.6147068230467795,0.15121761462297512
CD013616_pub2,2,Patient safety events - nurse-led clinics by disease type,7,1492.0,227.0,1.2179608746240973,0.01959941502320732,0.195567766305774
CD013616_pub2,4,Relative performance of practitioners,14,5621.0,4517.0,1.0268655860997482,0.6707188888792982,0.15275690570512068
CD013616_pub2,6,Relative performance of practioner - nurse-led clinics by disease type,3,769.0,457.0,0.996466539953645,0.5855883336609768,0.0011434296093298935
CD013631_pub2,12,Adverse events: any adverse event,5,148.0,38.0,0.7890807160349229,0.7167692629651317,0.6935152866225868
CD013631_pub2,12,Adverse events: any adverse event (number of participants),4,103.0,13.0,0.75285945899623,0.428870598057992,0.6407801124607078
CD013631_pub2,13,Withdrawals due to adverse events,8,216.0,19.0,1.0156278795391713,0.08428095389152637,0.0028648839791173275
CD013643_pub2,1,"Number of continent women (objective measure as reported by the trialists), short term (< 1 year)",3,101.0,47.0,0.6219749042194151,2.4543209669169963,0.9415254699891935
CD013643_pub2,6,"Number of continent women by patient-reported measures, short term (< 1 year)",4,216.0,18.0,0.32594486225501895,3.138363428699848,0.9666689491495044
CD013643_pub2,14,"Number of minor adverse events (Clavien-Dindo I, II), short term (< 1 year) ",7,250.0,104.0,0.38661101772064677,10.420039767840056,0.911817163134343
CD013661_pub2,12,Adverse events: all,17,1774.0,842.0,1.6070225288078377,0.0069185354292643315,0.8652989920244383
CD013661_pub2,13,Adverse events: all,5,215.0,24.0,1.0983121605538908,0.0650174443403106,0.32448616984525824
CD013661_pub2,13,Adverse events: serious,7,1356.0,48.0,0.9455282017414179,0.057808873884204796,0.09704215159363161
CD013661_pub2,17,Adverse events: all,7,583.0,234.0,1.6110466337205986,0.009927896202584241,0.8364568299145205
CD013661_pub2,18,Adverse events: serious - 6 months,3,430.0,177.0,2.062938456287729,0.0006861955935638968,0.9921399142782023
CD013672_pub2,1,Abstinence from non-prescribed opioids,5,259.0,142.0,1.099093024047864,0.33121113856462625,0.7233000727128853
CD013672_pub2,1,Treatment retention,7,1241.0,901.0,0.9748988368985491,0.895705202959909,0.30168275982398407
CD013672_pub2,2,"Abstinence from non-prescribed opioids, subgroup analysis: buprenorphine versus methadone",5,259.0,142.0,1.099093024047864,0.33121113856462625,0.7233000727128853
CD013672_pub2,2,"Treatment retention, subgroup analysis: buprenorphine versus methadone",7,1241.0,901.0,0.9748988368985491,0.895705202959909,0.30168275982398407
CD013672_pub2,3,"Abstinence from non-prescribed opioids, subgroup analysis: single-provider primary care settings versus availability of a primary care team",5,259.0,142.0,1.099093024047864,0.33121113856462625,0.7233000727128853
CD013672_pub2,3,"Treatment retention, subgroup analysis: single provider primary care setting versus availability of a primary care team",6,291.0,232.0,0.9968623108166024,0.8183700306081627,0.0031359168063794796
CD013672_pub2,4,"Abstinence from non-prescribed opioids, subgroup analysis: maintenance of existing OAT versus initiation of OAT in primary care",5,259.0,142.0,1.099093024047864,0.33121113856462625,0.7233000727128853
CD013672_pub2,4,"Treatment retention, subgroup analysis: maintenance of existing OAT versus initiation of OAT in primary care",7,1241.0,901.0,0.9748988368985491,0.895705202959909,0.30168275982398407
CD013672_pub2,5,"Abstinence from non-prescribed opioids, subgroup analysis: DSM diagnostic criteria used versus DSM diagnostic criteria not used",5,259.0,142.0,1.099093024047864,0.33121113856462625,0.7233000727128853
CD013672_pub2,5,"Treatment retention, subgroup analysis: DSM diagnostic criteria used versus DSM diagnostic criteria not used",7,1241.0,901.0,0.9758297959114243,0.8925291004760192,0.2724489755125822
CD013695_pub2,1,Globe salvage (overall) at end of medium-term follow-up,3,357.0,270.0,1.1421480756136346,0.33085589806307314,0.9161168711493504
CD013695_pub2,2,Overall survival at end of medium-term follow-up,3,305.0,292.0,0.9951106577747962,0.9856715962061334,0.4103179360964949
CD013707_pub2,1,All-cause mortality within 30 days,6,191.0,5.0,0.8228037820330267,0.07134076761423934,0.38953286207371496
CD013707_pub2,7,Number of patients requiring mechanical circulatory support,3,63.0,2.0,0.5464078644320554,0.2314020106428054,0.5345535086897715
CD013715_pub2,1,PedACR70 at up to 16 weeks ,4,128.0,49.0,0.8669242817815277,0.6395490232979545,0.29089430298210917
CD013715_pub2,14,Withdrawals due to adverse events at end of study,6,234.0,7.0,0.0,6.9999999999999964,1.0
CD013715_pub2,15,Serious adverse events at up to 16 weeks,3,68.0,2.0,0.7414575008866356,0.09336929807665634,0.7783219167845978
CD013715_pub2,18,Serious adverse events at the end of study,6,234.0,15.0,1.2455937514373832,0.0178512428369644,0.8988219769443034
CD013715_pub2,19,PedACR50 at up to 16 weeks ,4,128.0,78.0,0.8750019273137604,1.053362185108217,0.6886649791453012
CD013715_pub2,22,Total adverse events,5,222.0,163.0,0.9620645074361401,0.8848350790142935,0.5496320407482614
CD013715_pub2,23,Sensitivity analysis: pedACR70 at the latest time point,7,294.0,137.0,1.0635190804341295,0.30200408874208395,0.10289496776902574
CD013719_pub2,1,Short-term hair regrowth ≥ 75%,16,1588.0,417.0,0.6372836095034908,3.8669641672326027,0.9536939974271975
CD013719_pub2,2,Incidence of serious adverse events,22,1690.0,23.0,4.218054259265569,6.510243063413802e-13,0.9594496722914369
CD013719_pub2,5,Sensitivity analysis. Oral small molecule inhibitors: baricitinib vs placebo,4,1710.0,399.0,1.1378064543817226,0.08241846614679858,0.7814114331960369
CD013726_pub2,4,Participant global assessment of treatment success,10,371.0,32.0,0.7975839648430154,0.2250113749277336,0.1253189526942068
CD013726_pub2,5,Reoperation (treatment failure),9,369.0,19.0,0.5462941894488917,0.5576391434158674,0.48929211593006694
CD013726_pub2,6,Adverse events,14,534.0,83.0,0.702426348394675,0.8316759618487217,0.5882134201612269
CD013745_pub2,1,Rivaroxaban versus antiplatelet therapy,9,6705.0,191.0,0.5261931971434309,2.0220226789846865,0.945672831579314
CD013745_pub2,2,Apixaban versus antiplatelet therapy,5,2630.0,101.0,0.7944835885668826,0.2131346152876496,0.5502569330544309
CD013745_pub2,3,Edoxaban versus antiplatelet therapy,4,435.0,22.0,1.4245567455005368,0.003289732254712012,0.7173378591409219
CD013745_pub2,4,NOACs versus antiplatelet therapy,9,4389.0,230.0,0.739115647129736,0.42754822632376854,0.905530595936709
CD013745_pub2,5,Apixaban versus VKA,3,669.0,67.0,0.9692036860981007,0.12107013378462747,0.5725849920846886
CD013745_pub2,6,Edoxaban versus VKA,3,2139.0,232.0,0.8862562544684346,0.24111357278643744,0.2781529008370287
CD013745_pub2,7,NOACs versus VKA,6,2808.0,299.0,0.9494083729945981,0.1562986707169115,0.11919269401106836
CD013748_pub2,1,Poor functional outcome,14,447.0,136.0,0.9393961981071841,0.39799646833228486,0.18050898183568054
CD013748_pub2,2,Case fatality,14,443.0,61.0,0.6920732211174869,0.8792674954957708,0.8620055510529132
CD013748_pub2,3,Haemorrhagic complications,12,370.0,37.0,0.5071061099978151,1.6202602336061325,0.8010887943293188
CD013748_pub2,4,Cerebral artery vasospasm,10,310.0,102.0,0.6023998774679243,3.170309201999168,0.895444810016752
CD013748_pub2,5,Delayed cerebral ischaemia,10,365.0,92.0,1.0604599286067558,0.1814274138344582,0.12770610340908195
CD013748_pub2,6,Cerebral infarction,6,132.0,40.0,1.2366255014029504,0.09981196475355127,0.9716424877704655
CD013748_pub2,7,Hydrocephalus,12,370.0,73.0,4.03062501837692,4.0149369418341884e-09,0.8971626136452971
CD013754_pub2,1,Mortality in the first month of life,4,77.0,7.0,1.779279500073819,0.0032952103911343287,0.9758366685173084
CD013757_pub3,1,Hospitalisation due to RSV infection,6,1965.0,91.0,0.9389726556513578,0.07254909728563,0.13305792844954223
CD013757_pub3,2,Mortality,5,1918.0,25.0,3.0526062745608997,2.7552781142834833e-09,0.9039377764061658
CD013757_pub3,3,Adverse events,4,1797.0,164.0,0.6847749157482518,0.9847161854526496,0.9650482349849311
CD013757_pub3,4,Hospitalisation due to respiratory‐related illness,6,1965.0,506.0,1.8013231762973188,0.0006361245191324595,0.8833555861279155
CD013757_pub3,5,Subgroup analysis: hospitalisation due to respiratory‐related illness,6,1965.0,506.0,1.8013231762973188,0.0006361245191324595,0.8833555861279155
CD013757_pub3,7,RSV infection,4,324.0,36.0,0.9321570063074703,0.10662979155390105,0.061698530942917884
CD013758_pub2,8,Adverse events: subgroup analysis by type,4,277.0,26.0,1.096130049988572,0.0690182165945782,0.15537011043564652
CD013758_pub2,8,Overweight (formula with complementary foods): subgroup analysis by duration of treatment,3,1650.0,133.0,0.9048526465170694,0.17770980119779714,0.16493895278070014
CD013758_pub2,10,Obesity (formula with complementary foods): subgroup analysis by duration of treatment,3,1650.0,42.0,0.8423020557117844,0.08610594093156511,0.610822987392176
CD013758_pub2,11,Any adverse event,4,226.0,70.0,0.29329272715248345,12.174993660701931,0.9124293765542453
CD013763_pub3,2,Rates of block-related adverse events,43,1276.0,2.0,0.8708340943976273,0.0032863639245667682,0.022227090038008712
CD013763_pub3,4,Rates of opioid-related adverse events (PONV),3,85.0,7.0,0.5034483661844427,0.659689230093357,0.6580958062217981
CD013763_pub3,5,Rates of opioid-related adverse events (PONV),5,140.0,25.0,1.1424525339773026,0.08885709328416905,0.19852667536626623
CD013763_pub3,8,Rates of opioid-related adverse events (PONV),13,407.0,40.0,1.0323128107034178,0.09024041836673904,0.03411179771377493
CD013763_pub3,11,Rates of opioid-related adverse events (PONV),10,334.0,61.0,1.1444721934747992,0.09915521248999455,0.29946022136718187
CD013763_pub3,13,Rates of opioid-related adverse events (PONV),20,516.0,74.0,0.9770420427239744,0.17025587204584364,0.014418857124945283
CD013763_pub3,14,Rates of opioid-related adverse events (pruritus),6,180.0,21.0,0.5389735583752764,1.2575499190536383,0.9543865865846115
CD013764_pub2,1,Successful abortion,6,2995.0,2775.0,1.0016071587836062,0.8865711687801179,0.0005516362927745488
CD013764_pub2,2,Continuing pregnancy,4,2564.0,26.0,1.664146625289454,7.409415849067616e-05,0.648642859940604
CD013764_pub2,4,Hospitalisation,3,900.0,5.0,1.469661414921994,0.00023860787093847303,0.9187540815263959
CD013764_pub2,5,Adherence,4,2616.0,2423.0,1.15805489497246,0.2686782563772581,0.9577418347225728
CD013773_pub2,2,Incidence of myopia,7,2019.0,387.0,0.923398916009679,0.3494488851148109,0.1316085246430947
CD013774_pub2,3,Adverse events grade 3 to 5,5,1726.0,811.0,0.9012303557918712,0.9292397877212575,0.3880993178210962
CD013774_pub2,5,Discontinuation due to adverse events,5,1726.0,143.0,1.1946147824916156,0.01649115032356999,0.3437900110517683
CD013774_pub2,7,Adverse events grade 3 to 5 – subgroup analysis: atezolizumab vs pembrolizumab vs durvalumab,3,1001.0,413.0,0.7588057962912365,1.9060700832144615,0.32672957982329043
CD013781_pub2,1,Adverse event: atrial fibrillation,16,1150.0,399.0,1.102401277611936,0.1752700901834403,0.30243142207228224
CD013781_pub2,1,All-cause mortality,32,2335.0,99.0,1.1551425422648753,0.014836210571998222,0.17866825414003362
CD013781_pub2,1,Primary outcome: all-cause mortality,21,1377.0,54.0,1.2746225035430885,0.006752824359750438,0.2873600638730376
CD013781_pub2,2,Incidence of LCOS,15,1836.0,225.0,0.9717043888734795,0.14229533306549685,0.027357892236226866
CD013781_pub2,2,Primary outcome: incidence of LCOS,9,970.0,118.0,1.0150733107513394,0.10891981914722938,0.006002331508714875
CD013781_pub2,3,Adverse events: atrial fibrillation,27,2121.0,774.0,1.1395590057786102,0.13599077022293565,0.5266434810309126
CD013781_pub2,3,Primary outcome: adverse events - cardiogenic shock,4,674.0,30.0,0.843895792318471,0.14354095299616174,0.30604760030971545
CD013781_pub2,4,Adverse events: Perioperative myocardial infarction,10,1003.0,91.0,0.8920706082781288,0.12326564632785321,0.04094919367779115
CD013781_pub2,4,Adverse events: perioperative myocardial infarction,8,924.0,86.0,0.8557418423473975,0.15389343138613007,0.05334380554235796
CD013781_pub2,4,Primary outcome: adverse events - atrial fibrillation,13,1065.0,385.0,1.1532773655780795,0.1336172119964485,0.4507467967042518
CD013781_pub2,5,Adverse events: non-embolic stroke or transient ischaemic attack,17,1858.0,81.0,0.628048646072439,0.7471020563326112,0.8328011728163499
CD013781_pub2,5,Primary outcome: adverse events - perioperative myocardial infarction,9,988.0,91.0,0.8588050174854256,0.15464477098528187,0.07000722851785735
CD013781_pub2,6,Primary outcome: adverse events - non-embolic stroke or transient ischaemic attack ,8,897.0,36.0,0.4827187746764219,1.256628372400107,0.9224413798389888
CD013781_pub2,13,Secondary outcome: proportion of weaning failure within 48 hours after extubation,5,621.0,14.0,0.194343016049917,4.326719292113918,0.991788715681622
CD013781_pub2,14,Secondary outcome: number of participants requiring mechanical circulatory support,13,1048.0,109.0,2.0856010042551647,7.57611224013146e-05,0.7929618644056584
CD013781_pub2,15,Secondary outcome: number of participants requiring additional inotropic drugs,8,851.0,366.0,1.3656612295662764,0.02601903718663092,0.6442266557180539
CD013781_pub2,16,Secondary outcome: number of participants requiring additional inotropic drugs - epinephrine,6,392.0,46.0,0.45749175761579153,2.4929059845485515,0.7054265702349864
CD013781_pub2,17,Secondary outcome: number of participants requiring additional inotropic drugs - norepinephrine,8,432.0,207.0,0.7403420781490455,2.528706394694791,0.7608632608437373
CD013781_pub2,19,Secondary outcome: number of participants requiring additional inotropic drugs - dobutamine,5,202.0,78.0,1.5056391136766116,0.02126906790163845,0.8074170610814658
CD013781_pub2,27,Secondary outcome: proportion of renal failure ,9,914.0,43.0,0.8037432710122642,0.21365998804359596,0.4280140578370669
CD013800_pub2,5,Loss of residual kidney function (number who became anuric) at approximately 12-month follow-up,3,1449.0,409.0,0.08572810996022195,215.46822418477137,0.9871014069981107
CD013800_pub2,6,All-cause death,48,120290.0,38724.0,1.0301239323476907,0.24792093135217927,0.1979749616562314
CD013800_pub2,7,Cardiovascular death,24,20384.0,3328.0,1.2723631494100855,0.014066224028696797,0.6662165109516098
CD013800_pub2,8,Infection-related death,21,39093.0,1743.0,1.0672627411175175,0.023571266207160477,0.614275128626399
CD013800_pub2,10,Infection episodes (all types),3,88.0,53.0,1.0419600346261353,0.5090621788606315,0.05882498921403534
CD013800_pub2,12,Acute myocardial infarction,4,24726.0,2096.0,1.2382125878546104,0.00616336594251246,0.36522879335118974
CD013800_pub2,13,Coronary artery disease,3,1727.0,48.0,2.9412404668497514,1.8410573330233696e-08,0.47456309250328843
CD013800_pub2,15,Congestive heart failure,3,8051.0,451.0,1.448760690993208,0.0010011087991369993,0.999542364589857
CD013800_pub2,16,Stroke,4,19639.0,1993.0,0.40290159453649965,37.25714593243047,0.9729574271610435
CD013800_pub2,17,Hospitalisation,4,1215.0,766.0,1.4992369054642989,0.017368656126597094,0.7388005872819196
CD013800_pub2,18,All-cause hospitalisation events,4,16019.0,8024.0,0.9450228913988078,0.8584611304421216,0.9990096621506646
CD013801_pub2,21,Incidence of headache,4,90.0,39.0,1.1188110482789757,0.31102455015141556,0.24046568437840277
CD013816_pub2,1,Thromboembolic events (composite),8,1056.0,3.0,0.3783927838438179,0.19807557495370604,0.9141094296306636
CD013816_pub2,2,Device-pocket hematoma,9,1114.0,131.0,1.1814513191248486,0.04460174639947527,0.18688444844186214
CD013816_pub2,3,Transient ischemic attack,6,931.0,1.0,0.0,1.0,1.0
CD013816_pub2,4,Ischemic stroke,5,631.0,1.0,0.0,1.0,1.0
CD013816_pub2,7,Bleeding events (composite),4,483.0,19.0,0.8105470187117124,0.09823631938913811,0.5839444999366643
CD013816_pub2,9,Bleeding events (composite),5,631.0,115.0,1.423834316682384,0.014666439523727329,0.5708995371735666
CD013816_pub2,13,All-cause mortality,3,474.0,1.0,-6.217248937900877e-15,1.000000000000033,1.0
CD013816_pub2,14,Adverse events,4,581.0,26.0,1.0360723950936102,0.03285211769509439,0.04315702058504722
CD013816_pub2,16,Adverse events - Pneumothorax,3,496.0,3.0,0.4279094385522362,0.18277914500783674,0.95700799086024
CD013816_pub2,17,Adverse events - Infection,3,496.0,11.0,1.0848682808716428,0.014178678005813947,0.6111709735287454
CD013821_pub2,6,Short-term complications,22,25810.0,2660.0,0.8296217560399552,0.44601828495490153,0.4593243224984145
CD013821_pub2,7,Long-term complications,17,20031.0,1706.0,0.781548293479155,0.5384592763439924,0.5626330503654147
CD013821_pub2,9,Reintervention,15,9549.0,1889.0,1.0123395204409544,0.12850439419771112,0.0019268744305281915
CD013822_pub2,5,"Knowledge - informed choice (composite of knowledge, attitudes and intentions)",9,3169.0,1648.0,0.9625096607384772,0.7708282674928774,0.09901486512910673
CD013822_pub2,6,Knowledge - dichotomous (correct answers),28,12223.0,6968.0,1.6763935616045607,0.0012673200802516607,0.8087729183312928
CD013827_pub2,1,Live birth or ongoing pregnancy,6,900.0,315.0,0.9251667162211775,0.5612120639070602,0.2669673660784545
CD013827_pub2,2,Oocyte pick-up cancellation,11,1516.0,138.0,1.0179658192744634,0.0810093979686902,0.03792011590731015
CD013827_pub2,3,Clinical pregnancy,6,1030.0,408.0,0.8818401227060508,0.9215826089632096,0.7110788685228724
CD013827_pub2,5,Miscarriage,16,1739.0,82.0,1.3578416454753477,0.004078462556911845,0.7833465625126168
CD013827_pub2,6,Multiple pregnancy,14,1624.0,292.0,1.0181062039539583,0.17992150831463757,0.016827606941246187
CD013827_pub2,14,Oocyte pick-up cancellation sensitivity analysis,4,386.0,13.0,1.03836082536431,0.031542678935762423,0.004704108880569491
CD013830_pub2,1,Death or major neurodevelopmental disability,4,1872.0,753.0,0.9809956674879557,0.46010589493759846,0.15849987139405997
CD013830_pub2,2,Death at hospital discharge,13,1300.0,80.0,0.9890515187363814,0.07399128789611364,0.0014312938369634987
CD013830_pub2,4,Failed extubation,6,108.0,27.0,1.3723507422908976,0.04611789472373691,0.7460204547662677
CD013830_pub2,5,Any apneic episodes,3,73.0,12.0,0.5318461601853113,1.1454296785919222,0.9128948183117137
CD013830_pub2,6,Any apneic episodes,4,83.0,14.0,0.5752855291257175,1.0559719899291986,0.9509901654632643
CD013830_pub2,6,Failed apnea reduction,4,91.0,26.0,1.0312842043991404,0.2431134197462314,0.32705805690392387
CD013830_pub2,6,Positive-pressure ventilation after institution of treatment,4,104.0,7.0,0.8669227618838548,0.10640652883536125,0.22807486110150355
CD013830_pub2,7,Failed apnea reduction,4,91.0,26.0,1.0312842043991404,0.2431134197462314,0.32705805690392387
CD013830_pub2,7,Positive-pressure ventilation after institution of treatment,5,100.0,3.0,-1.3766765505351941e-14,3.000000000000171,1.0
CD013830_pub2,8,Positive-pressure ventilation after institution of treatment,9,192.0,17.0,0.8927447701229023,0.20086919728114352,0.018545720863434423
CD013830_pub2,11,Patent ductus arteriosus (PDA) requiring any treatment,4,1072.0,354.0,1.10153251305912,0.16393339813383936,0.9989419960929671
CD013830_pub2,12,Any intraventricular hemorrhage (IVH),4,88.0,12.0,0.4356055926539263,1.3168686356620842,0.8381896426604224
CD013830_pub2,13,Any intraventricular hemorrhage (IVH),6,120.0,16.0,0.7213196482349404,0.47243137314940215,0.5094839259441766
CD013830_pub2,16,Necrotizing enterocolitis (NEC) (Bell's stage II or greater OR any grade; requiring surgery),5,1117.0,73.0,0.7471100435823188,0.38125436908685173,0.9748873593067353
CD013830_pub2,17,Tachycardia leading to cessation of treatment,5,124.0,6.0,0.9846245909341576,0.07097049196186087,0.0010601099098734856
CD013830_pub2,19,Oxygen therapy at 28 to 30 days,3,62.0,8.0,0.7205764606997094,0.3610254089173265,0.7342129173216452
CD013830_pub2,20,Chronic lung disease (CLD) defined as use of supplemental oxygen at 36 weeks' postmenstrual age,3,1046.0,357.0,0.914123710116923,0.6272265992161071,0.9970979948728886
CD013830_pub2,21,Tachycardia leading to cessation of treatment,6,144.0,7.0,1.0815803660040615,0.04298926023925674,0.055576057541209534
CD013830_pub2,22,Five-year follow-up,8,6439.0,388.0,0.39777330035724967,11.823773239618347,0.9908012720929229
CD013844_pub2,1,Acceptability (dropouts),9,4432.0,407.0,1.1156451117379356,0.03611331534523824,0.18463395691115736
CD013844_pub2,3,Acceptability (dropouts),11,341.0,54.0,0.9457318671677387,0.22977943340691032,0.05513597561354011
CD013844_pub2,4,Self-harm at long-term (> 12 months) follow-up,3,945.0,79.0,0.9813203737217756,0.09428625290487101,0.5187603637338203
CD013844_pub2,4,Self-harm at medium-term (4-12 months) follow-up,4,138.0,3.0,0.39474141494405157,0.24545523247874595,0.5280652964216612
CD013844_pub2,5,Acceptability (dropouts),7,6442.0,660.0,0.7564202116207895,0.8147782984184001,0.8952076864707827
CD013844_pub2,6,Self-harm at short-term (1-3 months) follow-up,3,7495.0,103.0,0.3850721226158129,3.1560408924882397,0.9729759376497289
CD013853_pub2,4,Number of dropouts at the end of treatment (exergaming vs alternative treatment) for people with mild cognitive impairment (MCI),4,122.0,6.0,2.003671887232261,0.0003253407980252837,0.40592767859957
CD013874_pub3,1,Relapse over 24 months – by type of DMT (unadjusted data),3,546.0,18.0,0.9999999999999847,0.0329670329670359,0.0
CD013874_pub3,2,Serious adverse events assessed with Grades 3/4 CTCAE over 24 months ,4,480.0,16.0,0.9999999999999869,0.033333333333335775,0.0
CD013874_pub3,3,Serious adverse events assessed with Grades 3/4 CTCAE over 18 to 24 months' follow-up,3,210.0,1.0,-1.0080825063596421e-13,1.0000000000005098,1.0
CD013874_pub3,4,T2 MRI lesions – by DMT (unadjusted data),3,546.0,96.0,0.9999999999999847,0.17582417582419152,0.0
CD013874_pub3,4,Treatment discontinuation due to adverse events,4,480.0,4.0,0.9999999999999869,0.008333333333333942,0.0
CD013874_pub3,5,Gadolinium MRI lesions (unadjusted data),3,546.0,3.0,1.0,0.005494505494505496,0.0
CD013874_pub3,13,Cardiovascular events over 18 to 24 months' follow-up – by type of DMT,3,210.0,1.0,-1.0080825063596421e-13,1.0000000000005098,1.0
CD013875_pub2,2,Live birth (or ongoing pregnancy) – all studies,6,283.0,83.0,1.053067424422789,0.2316714513135633,0.06857563772145892
CD013875_pub2,3,Live birth (or ongoing pregnancy) – sensitivity analysis (risk ratio),6,283.0,83.0,1.053067424422789,0.2316714513135633,0.06857563772145892
CD013875_pub2,4,Live birth (or ongoing pregnancy) – sensitivity analysis (live birth only),3,113.0,20.0,0.7800954592220876,0.4692470414988441,0.7793789201679586
CD013875_pub2,6,Miscarriage – all studies,5,253.0,13.0,1.8889795292872638,0.00042420270638191904,0.855204889436867
CD013875_pub2,7,Miscarriage – sensitivity analysis (risk ratio),5,253.0,13.0,1.8889795292872638,0.00042420270638191904,0.855204889436867
CD013875_pub2,8,Miscarriage – sensitivity analysis (per clinical pregnancy),5,98.0,13.0,2.0827991026925865,0.0012589779026059818,0.6782385185804325
CD013875_pub2,10,Clinical pregnancy – all studies,9,413.0,143.0,0.8203193718425753,0.962550910806258,0.7811952844852063
CD013875_pub2,11,Clinical pregnancy – sensitivity analysis (risk ratio),9,413.0,143.0,0.8203193718425753,0.962550910806258,0.7811952844852063
CD013875_pub2,12,Clinical pregnancy – sensitivity analysis (full text only),7,328.0,109.0,0.9897166325163552,0.32904406969042305,0.0032640563853815197
CD014040_pub2,1,Fertilization rate ,14,3592.0,2565.0,0.975598456667416,0.8542221438587831,0.5974359286528157
CD014040_pub2,2,Cleavage rate,5,674.0,563.0,1.602100146429097,0.01830627763909422,0.9023161968415632
CD014040_pub2,2,Live birth per participant randomized (all studies),3,376.0,99.0,1.9584580997792425,0.0009013620920500389,0.9997113413070247
CD014040_pub2,3,Blastocyst development rate,5,917.0,459.0,0.9681122358220676,0.6182634545675417,0.6461869086234384
CD014040_pub2,4,Miscarriage per participant randomized (all studies),3,376.0,24.0,1.930267579249786,0.0002870708403377555,0.843453928363604
CD014040_pub2,6,Clinical pregnancy per participant randomized (all studies),3,376.0,124.0,1.9653611395222823,0.001203384459189507,0.855163852651817
CD014040_pub2,9,Total fertilization failure per participant (all studies),3,376.0,37.0,0.0,36.99999999999998,1.0
CD014089,11,Adverse effects,6,162.0,47.0,0.9233768400665052,0.43454941056663626,0.32857103411725785
CD014145_pub2,1,Failed apnea reduction after 2 to 7 days,6,61.0,13.0,1.153239452605994,0.1302663608135854,0.194846094774486
CD014145_pub2,2,Need for positive pressure ventilation after initiation of treatment,3,31.0,1.0,0.0,1.0,1.0
CD014217_pub2,1,&nbsp;Outcome 1: Parasite clearance on day 3,9,1042.0,790.0,1.1113202234527049,0.3621631002544372,0.8933835416424415
CD014217_pub2,1,Outcome 1: Parasite clearance on day 3&nbsp;,3,562.0,439.0,1.0075747194486118,0.7350081776151088,0.10212292743934026
CD014217_pub2,2,&nbsp;Outcome 2: Treatment failure on day 7,14,1950.0,354.0,1.2561216949268967,0.03670029730733497,0.4155382014810721
CD014217_pub2,3,&nbsp;Outcome 2.1: Treatment failure on day 14,10,1602.0,491.0,0.6609932717382025,4.028882075208549,0.8662147052971572
CD014217_pub2,4,&nbsp;Outcome 2.2: Treatment failure on day 28&nbsp;,3,426.0,233.0,0.5179485938217414,9.997438470016114,0.995037470754708
CD014217_pub2,4,Outcome 2.2: Treatment failure on day 28,9,1162.0,604.0,1.235950334700315,0.11848501571564293,0.5554561310145658
CD014217_pub2,6,&nbsp;Outcome 4: All-cause/overall mortality&nbsp;,6,802.0,8.0,0.5531222236089097,0.19129245425994867,0.7825795028365037
CD014221_pub2,3,Number of participants with any adverse event,3,166.0,125.0,1.2089785048047827,0.26386852371965236,0.9222804896537549
CD014300_pub2,13,Acceptability at study endpoint: children,10,3799.0,362.0,0.9884980482062455,0.092922816791073,0.0007341918362232525
CD014353_pub2,1,Prevention of parenteral nutrition-associated liver disease during the hospital stay and in the first year of life (Incidence of cholestasis),4,250.0,12.0,1.0642108182935148,0.0342254850063673,0.9179528755029593
CD014353_pub2,6,Incidence of central line-associated bloodstream infections,4,720.0,166.0,1.4018902162636362,0.01727259944134699,0.996315414893462
CD014353_pub2,7,Incidence of central line-associated bloodstream infections,4,720.0,166.0,1.4018902162636362,0.01727259944134699,0.996315414893462
CD014353_pub2,8,All‐cause mortality up to hospital discharge and the first year of life&nbsp;,6,354.0,26.0,1.2342329353167016,0.016068192282202107,0.33470592622982365
CD014353_pub2,9,All‐cause mortality up to hospital discharge and the first year of life&nbsp;,3,659.0,51.0,1.1108580996019943,0.03797511452473486,0.9988645498123304
CD014353_pub2,11,All‐cause mortality up to hospital discharge and the first year of life,9,1013.0,77.0,1.135740925846335,0.029736271403966834,0.7612484293783761
CD014541_pub2,1,Symptomatic VTE: short-term (45 days or fewer),4,12372.0,91.0,1.7837065452305418,5.021636710956683e-06,0.888954430871214
CD014541_pub2,2,Symptomatic VTE: short-term (45 days or fewer); random-effects sensitivity anaysis,4,12372.0,91.0,1.7837065452305418,5.021636710956683e-06,0.888954430871214
CD014541_pub2,3,Symptomatic VTE: short-term (45 days or fewer); COVID-19 sensitivity analysis,3,12213.0,90.0,1.8412951086432687,3.149543533561008e-06,0.8865911177203967
CD014541_pub2,8,Symptomatic VTE: short-term (45 days or fewer); history of cancer versus no history of cancer subgroup analysis,4,9728.0,85.0,0.9536953500038797,0.013662799064856112,0.8990819714882465
CD014541_pub2,11,Major bleeding: short-term (45 days or fewer),7,20163.0,125.0,0.9102213807628595,0.016131491613601244,0.25466621141227186
CD014541_pub2,12,Major bleeding: short-term (45 days or fewer); COVID-19 sensitivty analysis,6,20004.0,125.0,0.9360002165588801,0.012929764335787249,0.13342146992841164
CD014541_pub2,13,Major bleeding: short-term (45 days or fewer); same extended agent sensitivity analysis,3,10138.0,60.0,0.36091864547868624,2.155542882698547,0.9999298176948822
CD014541_pub2,14,Major bleeding: short-term (45 days or fewer); men versus women subgroup analysis,6,12674.0,67.0,0.844313265432967,0.027191850699034337,0.4285923398981927
CD014541_pub2,15,Major bleeding: short-term (45 days or less); ≥ 75 years versus < 75 years of age subgroup analysis,6,12674.0,67.0,0.7079778462600825,0.09018243596323942,0.821466190645294
CD014541_pub2,16,Major bleeding: short-term (45 days or fewer); history of cancer versus no history of cancer subgroup analysis,4,9698.0,42.0,0.8193349102604006,0.026679348682642125,0.7357119468434038
CD014541_pub2,18,Major bleeding: short-term (45 days or fewer); admitting diagnosis of acute infection versus no acute infection subgroup analysis,4,9694.0,42.0,0.9264902062166742,0.010392010997782225,0.10927257346880925
CD014541_pub2,19,All-cause mortality: short-term (45 days or fewer),5,18978.0,631.0,1.3272939677966995,0.0016666095599463288,0.6547752704173182
CD014541_pub2,22,Total VTE: short-term (45 days or fewer),5,16782.0,467.0,1.1462098148715587,0.008097488938572492,0.33211728023845066
CD014541_pub2,26,Fatal bleeding: short-term (45 days or fewer),7,20163.0,11.0,1.4867976279448794,4.94917720003466e-06,0.36839915957575753
CD014541_pub2,27,VTE-related mortality: short-term (45 days or fewer),6,17985.0,77.0,2.946707048834221,2.724421675833028e-11,0.8257947977578428
CD014544_pub2,4,Adverse events,18,761.0,271.0,0.7945297516763419,1.3320208482062812,0.5452391397932013
CD014544_pub2,6,Adverse events,24,845.0,360.0,1.2719509340509507,0.0784410336568113,0.4988068029835663
CD014544_pub3,4,Adverse events,18,761.0,271.0,0.7945297516763419,1.3320208482062812,0.5452391397932013
CD014544_pub3,6,Adverse events,24,845.0,360.0,0.8775863976801226,0.9066803704788863,0.21837041062837936
CD014580_pub2,1,Treatment success,4,520.0,153.0,0.6939853564021858,2.23342599538821,0.8493563337896693
CD014580_pub2,3,Painful defecation,3,469.0,20.0,0.12304805655994067,10.011894062010631,0.9873077195832723
CD014580_pub2,4,Faecal incontinence,3,469.0,17.0,0.055458374401403776,12.445314372167271,0.9977540258476577
CD014585_pub2,1,Global symptoms of dyspepsia (Dichotomous),8,3056.0,998.0,1.454288698425406,0.012289139770479929,0.6592968689346761
CD014585_pub2,1,Global symptoms of dyspepsia (dichotomous),8,3056.0,998.0,1.454288698425406,0.012289139770479929,0.6592968689346761
CD014585_pub2,2,Incident ulcer,22,8460.0,302.0,0.9176648524458022,0.09532139213352477,0.0960928254124872
CD014585_pub2,3,Adverse events,24,9340.0,2702.0,1.17467833723395,0.03259888496394047,0.21968906010585343
CD014585_pub2,3,Incident ulcer,11,4230.0,151.0,0.8939382991048238,0.10577856898087185,0.12402213789375738
CD014585_pub2,4,Adverse events,12,4670.0,1351.0,1.1750230343717731,0.035570400221685984,0.181089088890923
CD014585_pub2,5,Ulcer complications ,5,2600.0,5.0,2.7060113715914746,2.949915621085002e-09,0.9866469837266127
CD014594_pub2,1,AV fistula,7,1810.0,2.0,1.271030965713091,0.00012202144927726679,0.0853289066264481
CD014594_pub2,1,Dissection,4,731.0,2.0,5.094813460004843e-13,1.9999999999934028,1.0
CD014594_pub2,1,First-pass success,7,2112.0,1741.0,0.9884047591966447,0.8987236464379937,0.1831588170975722
CD014594_pub2,1,Major bleeding,6,1977.0,46.0,2.4436105498737497,2.986901524941401e-07,0.7610293883979369
CD014594_pub2,1,Overall cannulation success,4,1269.0,1143.0,1.041817321816642,0.673360208229998,0.7439187864902277
CD014594_pub2,1,Pseudoaneurysm formation,7,1810.0,6.0,1.5297373007051551,5.121630669053676e-05,0.6218924469685145
CD014594_pub2,1,Venipuncture,7,2060.0,67.0,0.9600317113219949,0.04028070993070441,0.11506622679171552
CD014594_pub2,2,AV fistula: sensitivity analysis excluding rescue U/S,4,888.0,1.0,0.0,1.0,1.0
CD014594_pub2,2,Minor bleeding,3,217.0,7.0,0.1792785908992166,2.3508487592210647,0.9417448850211223
CD014594_pub2,2,Pseudoaneurysm formation: sensitivity analysis excluding rescue U/S,4,888.0,3.0,2.0889824987030505,2.019030263423795e-06,0.8663772096443798
CD014594_pub2,2,Sensitivity analysis: first-pass success excluding rescue U/S,3,860.0,693.0,0.8711050620235112,1.920843999269125,0.950318992962611
CD014594_pub2,2,Venipuncture: sensitivity analysis excluding rescue U/S,4,916.0,26.0,0.8981881705049428,0.05192607780100238,0.23134298746917192
CD014594_pub2,4,Major bleeding: sensitivity analysis excluding rescue U/S,3,832.0,9.0,0.6204705012474266,0.14000739434266882,0.9192314716711105
CD014617_pub3,1,Risk of ocular infection within one month of corneal abrasion,4,547.0,234.0,0.7098673544286738,2.846798411606023,0.7308319772926758
CD014617_pub3,2,Proportion of eyes healed within 48 hours,4,547.0,466.0,0.9881080171601909,0.9466211041472936,0.03217741610612446
CD014624_pub2,1,Depression response (early phase),80,4380.0,2020.0,1.1536053111329068,0.14210033421529283,0.5875920320755516
CD014624_pub2,2,Depression remission (early phase),67,3214.0,818.0,1.0968267579492248,0.12901280795152556,0.176010890327712
CD014624_pub2,3,Adverse events (mother),20,996.0,165.0,0.8049042636035155,0.5945285431709042,0.43898072164429547
CD014624_pub2,3,Depression remission (early phase),9,798.0,203.0,1.0943234092686813,0.14977808478569232,0.1872587146474881
CD014624_pub2,5,Adverse events (mother),8,700.0,121.0,0.4808679017461833,4.467099842603394,0.6680917315087262
CD014624_pub2,5,Treatment acceptability (measured by dropouts),6,312.0,56.0,1.2140353296587787,0.05933546496999558,0.8466640021158935
CD014666_pub2,2,Occurrence of falls: immediate postintervention,6,575.0,237.0,1.1225241467251963,0.17542502706519442,0.13260928786910486
CD014678_pub2,1,All-cause mortality,34,50890.0,1209.0,1.2628427820725214,0.0013707738243491105,0.9168536115710781
CD014678_pub2,2,All-cause mortality (rivaroxaban versus placebo),3,14079.0,296.0,1.3098763196008012,0.0011281416993023606,0.986708818816226
CD014678_pub2,2,Cardiovascular mortality,34,50890.0,1036.0,1.0501159095565995,0.009768448076989181,0.061186436096620334
CD014678_pub2,2,Cardiovascular mortality (rivaroxaban versus placebo),3,14079.0,273.0,1.2849753654719076,0.0013213283352934506,0.9833479097348556
CD014678_pub2,2,Major bleeding (rivaroxaban versus placebo),3,14079.0,188.0,1.0176859747777152,0.011618154050641386,0.25039851378248323
CD014678_pub2,3,Major bleeding,34,50814.0,602.0,0.9474448671305673,0.01880936729853088,0.10801654461746524
CD014678_pub2,4,Myocardial infarction,34,50890.0,1867.0,0.9768880468619577,0.040305892208376035,0.06478380438510478
CD014678_pub2,5,Stroke,34,50890.0,335.0,1.2368561249855314,0.0003266152441045444,0.3558758225145482
CD014678_pub2,6,Non-major bleeding,6,3399.0,21.0,1.2771733204841904,0.0006108247526820134,0.9311924486298571
CD014678_pub2,6,Stent thrombosis,7,32315.0,312.0,1.0176477182067207,0.007985553025614612,0.5971659058862084
CD014678_pub2,7,Non-major bleeding,17,42186.0,323.0,1.1342126944224666,0.0020003209184760538,0.7579229516694455
CD014687_pub2,1,Adverse events: long term,3,96.0,8.0,0.46562796350504543,0.8830571499653638,0.797522259539021
CD014713_pub2,1,Unplanned hospital presentation rates - unplanned hospital admissions within one month (30 days),5,1750.0,192.0,1.3462678758054403,0.007913858424676616,0.9293807625658149
CD014713_pub2,2,Unplanned hospital presentation rates - unplanned hospital admissions within 12 months (365 days),3,382.0,213.0,1.1507912698254597,0.24146203097226437,0.8081964770951503
CD014713_pub2,3,Unplanned hospital presentation rates - emergency department presentations within one month (30 days),3,1880.0,235.0,1.09049446120994,0.06462679477649119,0.8332607236552474
CD014722_pub2,1,Diagnosis of mental disorders at 0-1 months,4,506.0,62.0,0.5119688490398365,2.2418203745596825,0.8240722316238503
CD014722_pub2,2,Diagnosis of mental disorders at 1-6 months ,6,674.0,118.0,1.2777881348836082,0.02906343531197556,0.6998837110871619
CD014736_pub2,2,Mortality by end of follow-up,6,177.0,15.0,1.4292647141131882,0.005962542287845918,0.2177750489781215
CD014736_pub2,6,Reintervention by end of follow-up,5,131.0,28.0,3.0743764451128355,7.166788210036091e-06,0.8722490862933445
CD014741_pub2,1,All-cause mortality,22,9560.0,932.0,1.0707646838662699,0.051568690007667575,0.15515980228524084
CD014741_pub2,2,Myocardial Infarction (fatal or non-fatal),6,340.0,3.0,0.6935145893039774,0.05971017470251495,0.10565475859567386
CD014741_pub2,2,Myocardial infarction (fatal or non-fatal),9,7462.0,518.0,1.431435070346397,0.0010469743149775284,0.3909422988393332
CD014741_pub2,3,Adverse events,18,2368.0,1557.0,1.0287638068705784,0.5163000823179382,0.19512398637599881
CD014741_pub2,3,Unstable angina,6,7369.0,112.0,1.7580521251224441,1.780392309937728e-05,0.994884261560019
CD014741_pub2,4,Adverse events,9,581.0,300.0,1.0394959456049897,0.3691743892746075,0.4705539539521101
CD014741_pub2,6,Heart failure,4,1498.0,209.0,1.4479038764040253,0.005312799383369896,0.9855931019699886
CD014741_pub2,7,Peripheral vascular disease,3,6830.0,6.0,0.33821848861381143,0.214291278267199,0.9570036127170907
CD014741_pub2,7,Stroke (fatal or non-fatal),3,514.0,3.0,1.3750179539220428,0.0005445254843959342,0.36443986571149745
CD014741_pub2,8,Heart failure,5,543.0,2.0,2.3369725477988643,7.754427728284602e-07,0.7438439958553775
CD014741_pub2,8,Stroke (fatal or non-fatal),7,7065.0,179.0,0.9591474993681957,0.030738486009366402,0.04646158737080475
CD014741_pub2,9,Heart failure,7,6971.0,29.0,0.5676899876445078,0.18758087385520017,0.7599782062760195
CD014762_pub2,1,Short-term resolution of symptoms (days 1 to 4 after randomisation),4,584.0,192.0,0.7766239550955659,1.3124842745895697,0.8940555711128981
CD014762_pub2,2,Medium-term resolution of symptoms (days 5 to 10 after randomisation),4,582.0,374.0,0.945395180515871,0.9205287837185895,0.8357520974718577
CD014762_pub2,3,Adverse events (to day 30 after randomisation),7,791.0,257.0,0.6944896110163505,2.2853053539495383,0.6892298798701406
CD014762_pub2,4,Use of rescue antibiotic treatment (by day 30 after randomisation),6,763.0,295.0,1.0692462204115583,0.25757959819653303,0.6402606011011261
CD014762_pub2,5,Emergence of antibiotic resistant bacteria,3,495.0,145.0,2.4037552243234526,5.018105775591181e-05,0.9929461365175762
CD014763_pub2,1,Surgical site infection,15,645.0,30.0,0.8988466301223127,0.06424254404839287,0.05707314094154414
CD014763_pub2,2,Participant satisfaction (very satisfied or satisfied),9,273.0,182.0,0.9689281478461561,0.7385683975538608,0.03016349091940196
CD014763_pub2,4,Incisional hernia,6,231.0,10.0,0.5697722586491802,0.5138376219917191,0.5486457713647206
CD014763_pub2,5,Anastomotic leak,4,145.0,1.0,0.0,1.0,1.0
CD014763_pub2,6,Intestinal obstruction,3,117.0,17.0,1.316198112672774,0.033169611123896756,0.9685341430173012
CD014769_pub2,1,Any VTE,27,61494.0,518.0,1.144592998055101,0.0021505223976554266,0.10209870975538282
CD014769_pub2,2,Subgroup analysis for any VTE stratified by provoked status,27,61494.0,518.0,1.146239203688911,0.0021036116603199593,0.10666820487384376
CD014769_pub2,3,Subgroup analysis for any VTE stratified by age,6,16591.0,72.0,2.153564956425865,5.353102095947433e-08,0.9894290758133637
CD014769_pub2,5,Subgroup analysis for any VTE stratified by disease,27,61494.0,518.0,0.7322342018790178,0.1664219647795084,0.7932763038582393
CD014769_pub2,6,Subgroup analysis for any VTE stratified by type of statin,27,61494.0,518.0,1.1380752018643774,0.00232420693843401,0.0898147696309537
CD014769_pub2,7,Subgroup analysis for any VTE statified by different doses of rosuvstatin,9,22682.0,106.0,0.8797244976407537,0.01376290490687486,0.5684480132240983
CD014769_pub2,8,Subgroup analysis for any VTE stratified by different doses of atorvastatin,11,12544.0,99.0,2.233097503831058,7.395123131342493e-08,0.9436807596755237
CD014769_pub2,9,Subgroup analysis for any VTE stratified by treatment duration,27,61494.0,518.0,0.7364883770655339,0.1613623904538525,0.7594240732286082
CD014769_pub2,10,Sensitivity analysis for any VTE excluding unpublished data,9,23737.0,153.0,0.6142360543598069,0.27968142461625073,0.8794222182927522
CD014769_pub2,11,Sensitivity analysis for any VTE excluding studies with high risk of bias,8,25504.0,177.0,0.49509212516348144,1.1166447322058468,0.915781835980216
CD014769_pub2,12,Sensitivity analysis for any VTE excluding data from  > 15% missing outcome data,11,30106.0,236.0,0.595059575978325,0.4458458460153669,0.8512000800769526
CD014769_pub2,13,Subgroup analysis for DVT stratified by type of statin,6,20154.0,69.0,1.3329612201698897,0.00012498484064091543,0.7059330379853311
CD014769_pub2,14,DVT: sensitivity analysis,5,17320.0,41.0,1.1642180187834907,0.000432209902033217,0.8818741618014648
CD014769_pub2,15,PE,5,14233.0,31.0,0.8111461330265246,0.011552469856266716,0.46407382116675255
CD014769_pub2,16,Subgroup analysis for any serious adverse event stratified by type of statin,13,33862.0,7538.0,0.9742009367608878,0.2355111474069216,0.0021230755231161913
CD014769_pub2,17,Subgroup analysis for myopathy stratified by type of statin,10,38005.0,153.0,1.6409140487104483,4.753394904026477e-06,0.2895798810950273
CD014769_pub2,18,Subgroup analysis for rhabdomyolysis stratified by type of statin,7,32527.0,12.0,1.1119349292399368,0.0001407681594907987,0.19794522995878527
CD014769_pub2,20,"Subgroup analysis for muscular weakness, stiffness, or pain, stratified by type of statin",11,34952.0,3276.0,2.315316752527983,2.066258738440747e-07,0.6980507869856434
CD014769_pub2,21,Subgroup analysis for gastrointestinal disorders stratified by type of statin,10,24195.0,3262.0,1.194519963957183,0.018569168927625133,0.1736310044011381
CD014769_pub2,22,Sensitivity analysis for gastrointestinal disorders,9,21681.0,3091.0,1.3582865424715365,0.004622707468872526,0.422822990809382
CD014769_pub2,23,Subgroup analysis for hepatic disorders stratified by type of statin,20,51851.0,929.0,1.3322632718557903,0.0004958582291552638,0.7358742656936682
CD014769_pub2,24,Sensitivity analysis for hepatic disorders,19,49486.0,878.0,1.3338101794359634,0.00048510813870608583,0.724678960366336
CD014769_pub2,25,Subgroup analysis for renal disorders stratified by types of statins,8,21470.0,717.0,1.5203365745303596,0.00017848069067336774,0.6475951441305924
CD014769_pub2,26,Subgroup analysis for mortality stratified by types of statins,24,58587.0,5831.0,1.3805178476717643,0.0017881026581702494,0.691436484369033
CD014769_pub2,27,Mortality after PE,3,12465.0,7.0,0.22576561391442285,0.8687315268090366,0.9939860271641863
CD014792_pub2,1,Mortality (Grade V Clavien-Dindo),4,214.0,3.0,0.0,3.000000000000001,1.0
CD014792_pub2,3,Major complications,11,738.0,26.0,0.944726615051179,0.04462717183409058,0.022757501381129863
CD014792_pub2,3,Mortality (Grade V Clavien-Dindo),4,274.0,12.0,3.2895588746434226,1.104819491488617e-07,0.9355030442215313
CD014792_pub2,4,Minor complications,3,186.0,11.0,3.0886602204402753,1.1459547345788897e-06,0.8595750805407885
CD014792_pub2,5,Complications related to nutritional support,3,196.0,11.0,0.6883905534894263,0.29989120006574754,0.543960527583482
CD014792_pub2,5,Major complications,9,513.0,15.0,0.785624668288776,0.10555943260509341,0.4256889939822326
CD014792_pub2,6,Postoperative pancreatic fistula,4,214.0,27.0,1.1936277648312261,0.04695145341510201,0.08874616746180108
CD014792_pub2,7,Delayed gastric emptying,4,325.0,40.0,1.1277299377010397,0.061428756430523375,0.5390535924759287
CD014792_pub2,8,Post pancreatectomy haemorrhage,3,295.0,15.0,0.8870538605998555,0.09752996193078986,0.952334626291717
CD014803_pub2,1,Attrition (dropouts),5,109.0,20.0,0.9680467015318748,0.2418377121236951,0.026807495259358327
CD014803_pub2,2,Depression remission (dichotomous measure),4,60.0,31.0,1.1335745390300327,0.2933161988228854,0.9432899700555373
CD014808_pub2,1,"Comparison 1: Colchicine vs comparison, Outcome 1: All-cause mortality",10,11405.0,372.0,1.2810034195855007,0.002058970506873604,0.9232739842879151
CD014808_pub2,1,"Comparison 1: Colchicine vs comparison: sensitivity analysis - overall low risk of bias, Outcome 1: All-cause mortality",4,10225.0,349.0,1.4315953034295559,0.000614433033607376,0.9593478105324396
CD014808_pub2,2,"Comparison 1: Colchicine vs comparison, Outcome 2: Myocardial infarction",8,11075.0,313.0,1.1877444872787584,0.005798057012886203,0.6377149454479887
CD014808_pub2,2,"Comparison 1: Colchicine vs comparison: sensitivity analysis - overall low risk of bias, Outcome 2: Myocardial infarction",4,10225.0,300.0,0.8170784052594573,0.1556232949157258,0.9127873287469305
CD014808_pub2,3,"Comparison 1: Colchicine vs comparison, Outcome 3: Serious adverse event",4,7823.0,1714.0,1.3896122142708491,0.00821447764997692,0.2892379299180642
CD014808_pub2,3,"Comparison 1: Colchicine vs comparison: sensitivity analysis - overall low risk of bias, Outcome 3: Serious adverse event",3,7427.0,1714.0,1.0756514016770413,0.08379576285273838,0.013928886342363556
CD014808_pub2,4,"Comparison 1: Colchicine vs comparison, Outcome 4: Cardiovascular mortality",8,11135.0,182.0,1.0833228984298084,0.0043388093593990104,0.17901471051055406
CD014808_pub2,4,"Comparison 1: Colchicine vs comparison: sensitivity analysis - overall low risk of bias, Outcome 4: Cardiovascular mortality",4,10225.0,173.0,1.3941706413303758,0.00033284848717775225,0.44481973057475943
CD014808_pub2,5,"Comparison 1: Colchicine vs comparison, Outcome 5: Stroke",10,11242.0,186.0,1.1370758117673319,0.0024929117321309526,0.08350160340500035
CD014808_pub2,5,"Comparison 1: Colchicine vs comparison: sensitivity analysis - overall low risk of bias, Outcome 5: Stroke",4,10225.0,179.0,2.600338215384344,7.892550445301978e-09,0.8143425200751574
CD014808_pub2,6,"Comparison 1: Colchicine vs comparison, Outcome 6: Coronary revascularisation",5,6850.0,312.0,1.0605248492133914,0.027248782674184235,0.7999395392895691
CD014808_pub2,7,"Comparison 1. Colchicine vs comparison, additional Outcome: Gastrointestinal adverse events",10,11076.0,915.0,0.8327205825169293,0.42233153255540834,0.6751842783648798
CD014811_pub2,2,All-cause mortality,8,466.0,44.0,1.2386298392876633,0.023271050999206646,0.9168900991590908
CD014811_pub2,4,Readmission to hospital following discharge for the longest available follow-up stated in the trials ,5,379.0,102.0,0.9743137095416103,0.31547980506046114,0.5414798569630768
CD014811_pub2,5,Acute kidney injury (adverse event),5,406.0,75.0,0.9689180375248383,0.22520111571827275,0.5827699114961269
CD014820_pub2,1,AKI: KDIGO or AKIN or RIFLE,11,1228.0,399.0,1.028101640508716,0.33140029421036593,0.00756964734798482
CD014820_pub2,1,Acute kidney injury,121,17753.0,3220.0,0.817503161268761,0.6672432058791007,0.26706341002072764
CD014820_pub2,2,AKI: KDIGO,4,913.0,260.0,1.1748767995737057,0.0841644509825854,0.35854770841894323
CD014820_pub2,2,Death,103,14921.0,1627.0,1.0668326422462773,0.06269717316239261,0.1249189714955895
CD014820_pub2,2,Death (any cause),18,2657.0,296.0,1.0703311780074605,0.07013402102317179,0.07364370934254905
CD014820_pub2,3,AKI: AKIN,5,246.0,112.0,1.4823747462835286,0.04066624568935505,0.6727509645661607
CD014820_pub2,3,Adverse events: thrombosis,7,1087.0,61.0,1.412486582695804,0.0009425585083466503,0.1796208246280684
CD014820_pub2,3,Dialysis,79,5878.0,481.0,1.2524952321075153,0.007396263697564438,0.4415093266789356
CD014820_pub2,4,AKI: RIFLE,3,106.0,38.0,1.339324159877966,0.06911290087556822,0.8194377664792206
CD014820_pub2,4,Adverse events: myocardial infarction,11,1284.0,18.0,1.4375143155718404,0.000641081523919433,0.577686360468554
CD014820_pub2,5,AKI: severe AKI,9,1140.0,214.0,1.0977502042584346,0.14121863347310282,0.039582083817457314
CD014820_pub2,5,Adverse events: stroke,10,1001.0,9.0,0.7358134468192641,0.04978920798292389,0.3605167069008681
CD014820_pub2,6,Adverse events: myocardial infarction,7,913.0,14.0,1.6096387102902645,0.0003118153453126421,0.6404682754805076
CD014820_pub2,6,Adverse events: thrombosis,8,1737.0,75.0,1.3695968027417322,0.0014819492618748772,0.119253760247931
CD014820_pub2,7,Adverse events: hypertension,7,796.0,55.0,0.1476807445109629,20.78735650272533,0.990432298943292
CD014820_pub2,7,Adverse events: myocardial infarction,44,5136.0,72.0,1.3145291708887912,0.0008899643243182861,0.48719392993032495
CD014820_pub2,7,Adverse events: stroke,7,662.0,7.0,0.8612549922541892,0.03181226256943375,0.10912051666012768
CD014820_pub2,8,Adverse events: stroke,40,4004.0,36.0,0.788864921223037,0.04968685379667821,0.5141910794454225
CD014820_pub2,8,Adverse events: thrombosis,5,1398.0,73.0,1.9070360869616323,4.956012420380312e-05,0.4232336309750184
CD014820_pub2,9,Adverse events: hypertension,5,554.0,53.0,0.09050549714842948,30.507963883485015,0.988532154763778
CD014820_pub2,9,Adverse events: thrombosis,32,6948.0,300.0,1.0284374717758693,0.015123870941168937,0.002607673101795771
CD014820_pub2,10,Adverse events: hypertension,21,2388.0,165.0,0.35859540266489265,11.575789090568653,0.9237238943111415
CD014833_pub2,7,Breastfeeding exclusivity immediately post-intervention,3,357.0,230.0,0.9546444596222995,0.8427718030746534,0.8003846988197747
CD014833_pub2,8,Breastfeeding exclusivity short-term 1 to 3 months post-intervention,5,619.0,333.0,1.2217490325649532,0.14368309907622814,0.8552943116994428
CD014833_pub2,9,Breastfeeding exclusivity medium-term 4 to 6 months post-intervention,4,536.0,281.0,1.310448971289459,0.07306252811894424,0.9955782939028949
CD014844_pub2,1,Uterine infection,6,2170.0,67.0,0.28936100196727044,6.651417089496004,0.9898393649418417
CD014844_pub2,6,Antibiotics to treat infection after uterine evacuation procedure for miscarriage,3,1776.0,96.0,0.4211391166337177,4.038178175722065,0.9895526889854264
CD014844_pub2,10,Subgroup: uterine infection by antibiotic class,6,2170.0,67.0,0.28936100196727044,6.651417089496004,0.9898393649418417
CD014844_pub2,11,Subgroup: uterine infection by length of treatment course,6,2170.0,67.0,0.28936100196727044,6.651417089496004,0.9898393649418417
CD014844_pub2,12,Subgroup: uterine infection by administration route,6,2170.0,67.0,0.28936100196727044,6.651417089496004,0.9898393649418417
CD014852_pub2,13,All-cause mortality at follow-up,3,542.0,191.0,1.4881779942882467,0.017926835534449247,0.982361992530464
CD014852_pub2,14,Subgroup analysis – type of stroke: mortality ,3,542.0,191.0,1.4881779942882467,0.017926835534449247,0.982361992530464
CD014852_pub2,16,Complication (pneumonia) during intervention phase,4,590.0,160.0,1.4711929333375862,0.014338236331247095,0.9854639856201031
CD014852_pub2,17,Subgroup analysis – type of stroke: pneumonia,4,590.0,160.0,1.4711929333375862,0.014338236331247095,0.9854639856201031
CD014852_pub2,18,Complication (urinary tract infection) during intervention phase,3,552.0,78.0,0.6681546638530795,1.1519498267690114,0.9895399373127358
CD014852_pub2,19,Subgroup analysis – type of stroke: urinary tract infection,3,552.0,78.0,0.6681546638530795,1.1519498267690114,0.9895399373127358
CD014852_pub2,26,Complication (gastrointestinal haemorrhage) during intervention phase,3,498.0,28.0,0.7157251090284439,0.3194917711473527,0.9560804335393412
CD014852_pub2,27,Subgroup analysis – type of stroke: gastrointestinal haemorrhage,3,498.0,28.0,0.7157251090284439,0.3194917711473527,0.9560804335393412
CD014855_pub2,1,Intraperitoneal abscess,18,874.0,105.0,0.9669900696937878,0.1984072533009805,0.011992798951684258
CD014855_pub2,2,Wound infection,18,904.0,219.0,0.7689996655625584,1.346812363047479,0.6359772060086315
CD014855_pub2,3,Morbidity,5,141.0,49.0,0.8011951488273388,0.9881531180528467,0.6649405799818755
CD014855_pub2,4,Mortality,16,784.0,16.0,0.5922200003472136,0.41352074368482616,0.8290702640082538
CD014861_pub2,11,Proportion of participants completing treatment regimen as planned,4,112.0,85.0,0.9011529477693944,1.1812145427078375,0.9608381410448977
CD014869_pub2,1, All-cause mortality (between  1 and 5 years),6,405.0,335.0,1.0736652790230288,0.4646684846300972,0.26256494953870724
CD014869_pub2,4,Disease progression (between 1 and 5 years),3,329.0,168.0,0.7546589825117067,1.9410254730956849,0.5795898049422554
CD014869_pub2,5,Adverse events considered non-serious (number of participants) (between 1 and 3 years),3,71.0,5.0,0.4872617429907652,0.6030035337772304,0.9847021298809092
CD014869_pub2,6,Sensitivity analysis: all-cause mortality between 1 and 5 years (best-worst case scenario),6,405.0,335.0,1.0736652790230288,0.4646684846300972,0.26256494953870724
CD014869_pub2,7,Sensitivity analysis: all-cause mortality between 1 and 5 years (worst-best case scenario),6,405.0,350.0,1.0847750811330057,0.44801715105658924,0.309624188500326
CD014872_pub2,4,Overall response rate,3,836.0,119.0,1.6005242775238067,0.0026034489150566,0.9970495225151162
CD014872_pub2,5,Overall response rate (FDA/EMA-approved vs not approved),3,836.0,119.0,1.6005242775238067,0.0026034489150566,0.9970495225151162
CD014872_pub2,9,Overall response rate,13,1746.0,724.0,1.0525443742445466,0.3044244070553175,0.13391569790174618
CD014872_pub2,10,Overall response rate (solid cancer vs haematological cancer),8,1203.0,519.0,0.8531298694060047,1.2551610245422613,0.8555658896229417
CD014872_pub2,10,Overall response rate (standard-of-care chemotherapy vs hormonal therapy),5,543.0,205.0,1.1852319075325721,0.12267016357263479,0.4960794455336136
CD014872_pub2,11,Overall response rate (FDA/EMA-approved vs not approved),5,543.0,205.0,1.1852319075325721,0.12267016357263479,0.4960794455336136
CD014872_pub2,11,Overall response rate (standard-of-care chemotherapy vs hormonal therapy),8,1203.0,519.0,0.8531298694060047,1.2551610245422613,0.8555658896229417
CD014872_pub2,12,Overall response rate (FDA/EMA-approved vs not approved),8,1203.0,519.0,0.8587907831125374,1.2160749547860035,0.8312481062330126
CD014872_pub2,12,Severe adverse events,3,625.0,408.0,0.864760194244659,1.5269089323803897,0.5773779469541006
CD014872_pub2,13,Severe adverse events,6,1228.0,722.0,0.8689743687909712,1.6072902149005501,0.38383847393238957
CD014872_pub2,14,Severe adverse events (haematological vs non-haematological events),6,1018.0,240.0,1.1268667955577965,0.09510304168693788,0.24035037475807675
CD014889_pub2,1,All-cause mortality,6,216.0,20.0,0.771431157218978,0.3384353210766366,0.9052706446896814
CD014889_pub2,2,Serious adverse events,6,216.0,26.0,1.0079709188968318,0.11447886758465817,0.033816654772653165
CD014889_pub2,3,Anastomosis leakage,6,216.0,20.0,0.7916818043299136,0.2895220749631518,0.7355917042834998
CD014889_pub2,4,Sepsis or mediastinitis,6,216.0,23.0,0.9848540434938826,0.10654178919672656,0.004713748677398044
CD014914_pub2,1,Adverse events (prevention): primary analysis,7,758.0,64.0,0.9500550672985917,0.1897025772448046,0.011799059187364569
CD014914_pub2,1,Adverse events (treatment): primary analysis,16,1190.0,489.0,0.8963524560056944,0.9145048399892944,0.2974366660348021
CD014914_pub2,1,Proportion of participants developing colds/URTI: primary analysis,9,725.0,422.0,1.223737017603744,0.16444589312959865,0.4848682198514639
CD014914_pub2,1,Risk of ongoing cold/URTIs at end of study (treatment): primary analysis,5,182.0,24.0,0.8302258620251277,0.19871792526929608,0.067855163394405
CD014914_pub2,2,Subgroup analysis (treatment): intranasal vs lozenge,14,1108.0,476.0,0.9164178036916154,0.7735349973921575,0.3780893179816752
CD014914_pub2,3,Subgroup analysis (treatment): zinc acetate vs zinc gluconate,14,966.0,414.0,0.858168155495641,1.1366222965591708,0.5941723369338762
CD014914_pub2,4,Subgroup analysis (treatment): daily dose of zinc,16,1190.0,489.0,0.8949717544908067,0.8953381837941297,0.3637623256213508
CD014914_pub2,5,Subgroup analysis (treatment): age groupings,15,1129.0,468.0,0.8396506271725872,1.3538797049949387,0.5154368750358459
CD014923_pub2,1,"Patient disability - number of participants who improved (unpaired, parallel assessment < 12 months)",3,63.0,43.0,0.9403778733512982,0.8801138444395846,0.36961871736906216
CD014923_pub2,2,"Patient disability - functionally independent (unpaired, parallel assessment < 12 months)",3,62.0,35.0,0.5185023838515705,4.1366606375749555,0.9900444008156795
CD014935_pub2,1,All-cause mortality,3,61.0,7.0,1.1747137400046666,0.06504586454207067,0.35148760307646953
CD014935_pub2,2,All-cause mortality - Sensitivity analysis (best-case scenario),3,61.0,7.0,1.1747137400046666,0.06504586454207067,0.35148760307646953
CD014935_pub2,3,All-cause mortality - Sensitivity analysis (worst-case scenario),3,61.0,8.0,0.8317417704058826,0.2857933959401569,0.599347772660138
CD014935_pub2,4,Serious adverse events,3,61.0,16.0,1.2795469715655925,0.10726250953918842,0.32593346825407976
CD014935_pub2,5,Serious adverse events - Sensitivity Analysis (fixed-effect model),3,61.0,16.0,1.2795469715655925,0.10726250953918842,0.32593346825407976
CD014935_pub2,6,Serious adverse events - Sensitivity Analysis (best-case scenario),3,61.0,16.0,1.2795469715655925,0.10726250953918842,0.32593346825407976
CD014935_pub2,7,Serious adverse events - Sensitivity Analysis (worst-case scenario),3,61.0,17.0,1.0658793038587138,0.26144957528575297,0.03916579297127998
CD014937_pub2,1,Acute kidney injury,38,2823.0,505.0,0.9673625279185241,0.20549899814509695,0.04586507805861206
CD014937_pub2,1,Any use of kidney replacement therapy,8,672.0,294.0,1.5583647146994206,0.014089905981315397,0.9487040779963622
CD014937_pub2,2,Any use of kidney replacement therapy,32,2318.0,41.0,0.6548681432174616,0.20609650123110984,0.6498641398802475
CD014937_pub2,2,Death,14,1072.0,354.0,0.9517697391856178,0.5119962715938051,0.2648125247004657
CD014937_pub2,3,Adverse events,11,1088.0,299.0,0.7806918293766469,1.301844839366505,0.37415721261393897
CD014937_pub2,3,Death,33,3215.0,104.0,0.6866961711482504,0.29154286927337186,0.7229263744171013
CD014937_pub2,5,Adverse events,26,2769.0,325.0,0.5928171125769508,2.2723849348798417,0.8631816903087859
CD014937_pub2,5,"Sensitivity analysis: any use of KRT (studies with ""some concerns"" or a ""low"" overall risk of bias)",7,642.0,270.0,0.9766386587833742,0.5630504172413356,0.005029714538321128
CD014937_pub2,6,Sensitivity analysis: any use of KRT (placebo-controlled studies),7,639.0,291.0,1.1433092232175766,0.19889103017623877,0.3704308995287988
CD014937_pub2,7,Subgroup analysis: any use of KRT by population,8,672.0,294.0,1.5583647146994206,0.014089905981315397,0.9487040779963622
CD014937_pub2,8,Subgroup analysis: any use of KRT by type of diuretic,8,672.0,294.0,1.5135188713090924,0.0185212577400413,0.9272757217636926
CD014937_pub2,9,Sensitivity analysis: acute kidney injury (overall risk of bias 'some concerns' or 'low'),26,2162.0,401.0,0.9223384993119397,0.2967061325280691,0.1782588325236586
CD014937_pub2,10,Sensitivity analysis: acute kidney injury (placebo-controlled studies),21,1399.0,251.0,0.935642379668145,0.2619059028574281,0.0957546831488909
CD014937_pub2,11,Sensitivity analysis: acute kidney injury (excluding kidney transplantation),36,2693.0,481.0,0.9239259219527096,0.2758713055558541,0.19928502805800463
CD014937_pub2,12,Subgroup analysis: acute kidney injury by population,72,4931.0,925.0,1.0053206652899027,0.15371356739014105,0.0010540098947897647
CD014937_pub2,13,Subgroup analysis: acute kidney injury by type of diuretic,51,3912.0,688.0,0.9324397524714579,0.2623633424206787,0.15874351990264757
CD014937_pub2,14,Subgroup analysis: acute kidney injury by definition,14,854.0,238.0,1.5311725951706086,0.008022639333187469,0.622629035377569
CD014937_pub2,15,Subgroup analysis: acute kidney injury by age,38,2823.0,505.0,0.9688747754271566,0.20389771520891434,0.04431201617587388
CD014937_pub2,17,"Sensitivity analysis: any use of KRT (only studies with ""some concerns""  or a ""low"" overall risk of bias)",23,1697.0,33.0,0.5140304082009782,0.5329130582671073,0.7643465838845465
CD014937_pub2,18,Sensitivity analysis: any use of KRT (placebo-controlled studies),15,945.0,18.0,0.3608397326962627,1.2392789644309394,0.917214998903588
CD014937_pub2,19,Sensitivity analysis: any use of KRT (excluding kidney transplantation),32,2318.0,41.0,0.6548681432174616,0.20609650123110984,0.6498641398802475
CD014937_pub2,20,Subgroup analysis: any use of KRT by population,33,2340.0,41.0,0.6581782366799502,0.19410266204231277,0.6038570806925767
CD014937_pub2,21,Subgroup analysis: any use of KRT by type of diuretic,44,3332.0,63.0,0.7868634016716043,0.09473182900670349,0.3762062076736965
CD014937_pub2,22,Subgroup analysis: any use of KRT by age,32,2318.0,41.0,0.6427723226221702,0.22884017509907023,0.6856303414718122
CD014941_pub2,10,"Cenobamate versus placebo - subgroup analysis, 50% responder rate",4,401.0,210.0,1.0122847722295385,0.47685190762563556,0.03272549819804649
CD014941_pub2,11,"Cenobamate versus placebo - subgroup analysis, seizure freedom",4,401.0,65.0,2.0353980713881312,0.00040628299674791586,0.7814362835298756
CD014941_pub2,12,"Cenobamate versus placebo - subgroup analysis, any adverse event",4,442.0,340.0,1.1232629225228123,0.3755901021397453,0.741013565219214
CD014941_pub2,13,"Cenobamate versus placebo - subgroup analysis, ≥ 75% seizure reduction/month during the maintenance treatment period compared to baseline",4,401.0,132.0,1.4844879910654027,0.018639031125603008,0.9284524894681682
CD014941_pub2,14,"Cenobamate versus placebo - subgroup analysis, ≥ 90% seizure reduction/month during the maintenance treatment period compared to baseline",4,401.0,89.0,0.6336598307207316,1.831128610212251,0.8773603558931596
CD014941_pub2,15,"Cenobamate versus placebo - subgroup analysis, withdrawal from the study due to adverse events",4,442.0,53.0,1.093038335848637,0.057220708786021625,0.07288083585179594
CD014941_pub2,16,"Cenobamate versus placebo - subgroup analysis, withdrawal rate",4,442.0,74.0,0.6256027914186681,1.527788084865392,0.9300563401041886
CD014941_pub2,17,"Cenobamate versus placebo - subgroup analysis, any treatment-related adverse events",4,442.0,293.0,0.8411368376196222,1.7282334433963467,0.9568208777148017
CD014941_pub2,18,"Cenobamate versus placebo - subgroup analysis, any serious adverse event",4,442.0,24.0,1.8272614565718137,0.0003383801779123807,0.9819126148079418
CD014944_pub2,1,Best-worst case scenario analysis,3,201.0,132.0,1.2476599150799617,0.1641140897542912,0.7778252587808072
CD014944_pub2,1,Proportion of participants without treatment success at the longest follow-up (1–4 years),3,201.0,132.0,1.2476599150799617,0.1641140897542912,0.7778252587808072
CD014944_pub2,1,Risk of bias. Proportion of participants without treatment success at the longest follow-up (1–4 years),3,201.0,132.0,1.2476599150799617,0.1641140897542912,0.7778252587808072
CD014944_pub2,2,Worst-best case scenario analysis,3,201.0,154.0,1.116680445310963,0.37803453705819023,0.35207800892328167
CD014959_pub2,2,Proportion of people with laboratory-confirmed leptospirosis regardless of the presence of an identified clinical syndrome (inclusive of asymptomatic cases) ,5,1324.0,139.0,4.014351599145842,6.84605647689847e-11,0.6789347054710807
CD014959_pub2,3,Sensitivity analysis: laboratory-confirmed leptospirosis (best-case scenario),5,1453.0,139.0,3.6572830358412247,5.872501698418928e-10,0.6927710946460257
CD014959_pub2,4,Sensitivity analysis: laboratory-confirmed leptospirosis (worst-case scenario),5,1453.0,268.0,4.335207500258835,9.081560394030832e-12,0.7673334928194209
CD014959_pub2,5,Sensitivity analysis: laboratory-confirmed leptospirosis (only pre-exposure prophylaxis),3,992.0,126.0,6.863172510324772,5.138713397698809e-19,0.9617485430068117
CD014959_pub2,7,Sensitivity analysis: laboratory-confirmed leptospirosis (including only endemic community),4,855.0,138.0,0.7971043334384899,0.7332497314978792,0.6503428322231729
CD014959_pub2,8,Proportion of people with clinical diagnosis of leptospirosis regardless of the presence of laboratory confirmation ,4,855.0,53.0,0.6089797258877065,0.8718113176014741,0.9537887905960465
CD014959_pub2,9,Sensitivity analysis: clinical diagnosis of leptospirosis regardless of the presence of laboratory confirmation (best-case scenario),4,984.0,53.0,0.5778517853975311,0.9615902624855893,0.9793163120517651
CD014959_pub2,10,Sensitivity analysis: clinical diagnosis of leptospirosis regardless of the presence of laboratory confirmation (worst-case scenario),4,984.0,182.0,1.0137975194656386,0.20068895698489594,0.008453042492392093
CD014959_pub2,11,Proportion of people with clinical diagnosis of leptospirosis confirmed by laboratory diagnosis (exclusive of asymptomatic cases),4,855.0,25.0,0.766057908216288,0.11992664840341556,0.7323255062351679
CD014959_pub2,12,Sensitivity analysis: clinical diagnosis confirmed by laboratory diagnosis (best-case scenario),4,984.0,25.0,0.7244884563905112,0.13761119863834506,0.8183361670902505
CD014959_pub2,13,Sensitivity analysis: clinical diagnosis confirmed by laboratory diagnosis (worst-case scenario),4,984.0,159.0,1.4236487913622187,0.011336362325252385,0.7933032013830525
CD014959_pub2,14,Proportion of people with non-serious adverse events,3,992.0,27.0,0.7945767574899019,0.0937810005900985,0.13500975472302912
CD014959_pub2,15,Sensitivity analysis: non-serious adverse events (best-case scenario),3,1121.0,27.0,0.6497658543862845,0.23051343390446918,0.3567717204172294
CD014959_pub2,16,Sensitivity analysis: non-serious adverse events (worst-case scenario),3,1121.0,156.0,2.9849216698153715,1.4180884835569875e-07,0.9728754330091761
CD014960_pub2,1,All-cause mortality,3,179.0,17.0,1.8172649110848225,0.0013786313654016893,0.9982325601168048
CD014965_pub2,2,Weight gain above clinically relevant thresholds: posology (fixed-dose scheme versus flexible-dose scheme),7,220.0,30.0,0.639004153953727,0.9567241666976781,0.7395494634470807
CD014965_pub2,3,Weight gain above clinically relevant thresholds,8,235.0,32.0,0.9737309008250453,0.18040595935129994,0.013988155620279663
CD014965_pub2,5,Extrapyramidal side effects: any extrapyramidal symptom,6,258.0,29.0,0.9236968003888618,0.18225894997020403,0.28704893922358876
CD014965_pub2,13,Other side effects: somnolence,6,251.0,64.0,1.2410754417778918,0.05818428882563814,0.401087305931771
CD014965_pub2,14,Other side effects: sedation,8,336.0,60.0,0.5378891525314708,2.7966184848287154,0.9581267563155486
CD014965_pub2,15,Other side effects: headache,6,238.0,27.0,0.7312004275740952,0.492701541801321,0.8185872197486277
CD014965_pub2,16,Other side effects: constipation,4,139.0,14.0,0.45293334245427763,1.472794547595551,0.9943252928708111
CD014965_pub2,18,Other side effects: hypersalivation,5,207.0,30.0,0.6052851794213365,1.1729346640823413,0.930875608086966
CD014965_pub2,19,Other side effects: tremor,5,207.0,20.0,0.7347490831563066,0.37442800610480187,0.7493014429048718
CD014965_pub2,22,Other side effects: rigidity,3,136.0,9.0,0.5896268138686123,0.5217202991462647,0.8936321650368372
CD014965_pub2,23,Other side effects: insomnia,3,106.0,17.0,0.5527555821201091,1.2750994909042495,0.9935186434316459
CD014966_pub2,1,Cancer incidence,7,14392.0,1272.0,0.6453577541038562,2.592329069799695,0.9193340851399384
CD014966_pub2,1,Death,28,71854.0,15886.0,0.9871783762133477,0.2448194627602708,0.025065812225399497
CD014966_pub2,1,Kidney graft loss,19,9413.0,1988.0,0.8831875415744461,0.6252112382161565,0.776571665591713
CD014966_pub2,1,Pancreatic graft loss,3,541.0,341.0,1.4616942518182323,0.03896183814742974,0.889358994684179
CD014966_pub2,1,Rejection: acute and chronic,22,9314.0,1682.0,0.8144231834411131,1.0277202831350398,0.5157939921084634
CD014966_pub2,3,Kidney graft loss: female donor,10,51631.0,19271.0,1.1127854906745154,0.11506479664925012,0.933822192175624
CD014966_pub2,4,Kidney graft loss: male donor,10,85538.0,33955.0,1.1761929633371793,0.05739251398995562,0.9708835826517759
CD014967_pub2,1,Proportion of infants who achieve seizure control after the first loading dose of ASM,9,368.0,212.0,0.8900119819364685,1.1518153872351444,0.8335004989897331
CD014967_pub2,2,Mortality before hospital discharge,9,411.0,67.0,0.7967502498403034,0.6639507057170891,0.6408691789056382
CD014967_pub2,2,Proportion of infants who achieve seizure control after the maximal loading dose of ASM,3,130.0,59.0,1.2287518820789514,0.1592144434994745,0.6583167034946348
CD014967_pub2,3,Mortality before hospital discharge,8,268.0,28.0,0.67037669765317,0.5323103242073352,0.7615047287441745
CD014967_pub2,4,Requirement for mechanical ventilation,6,239.0,23.0,4.702516398036137,2.129925720266968e-10,0.7857355202161203
CD014967_pub2,5,Proportion of infants who develop sedation or drowsiness,3,130.0,17.0,1.8245143370309864,0.002431011587977184,0.9891189912660253
CD014967_pub2,6,Bradycardia,5,209.0,11.0,2.019068013733457,0.00025598361597392203,0.721329395230631
CD014967_pub2,8,Shock requiring volume or inotropes,4,137.0,23.0,0.3995769581675257,2.196640850242016,0.588163482261677
CD014967_pub2,15,Proportion of infants with an abnormal neurological examination at discharge,4,133.0,26.0,0.9912994392311256,0.20225439607120382,0.005098479947926893
CD015003_pub2,1,All-cause mortality,9,658.0,196.0,1.0076786663487993,0.18538566472988238,0.001018157693459254
CD015003_pub2,4,Adverse events,10,388.0,65.0,1.0884969511501728,0.10047124604934532,0.2832624932879748
CD015014_pub2,1,ED visits (proportion of residents with at least one ED visit),7,590.0,128.0,2.3805563954059927,6.434541235401451e-05,0.6584655380563667
CD015014_pub2,2,ED visits (proportion of residents with at least one ED visit): sensitivity analysis by risk of bias,7,590.0,128.0,2.40002405570115,5.848173322479446e-05,0.6598888500918187
CD015014_pub2,5,Unplanned hospital admissions (proportion of residents with at least one unplanned hospital admission),8,648.0,175.0,1.6556515915060102,0.005400077631761957,0.788224615156672
CD015014_pub2,6,Unplanned hospital admissions (proportion of residents with at least one unplanned hospital admission): subgroup analysis by EPOC category,8,648.0,175.0,1.6556515915060102,0.005400077631761957,0.788224615156672
CD015014_pub2,7,Unplanned hospital admissions (proportion of residents with at least one unplanned hospital admission): subgroup analysis by type of care provided,8,648.0,175.0,1.6556515915060102,0.005400077631761957,0.788224615156672
CD015014_pub2,8,Unplanned hospital admissions (proportion of residents with at least one unplanned hospital admission): subgroup analysis by resident's condition,8,648.0,175.0,1.6574943541551408,0.005334367710810787,0.7933689708032814
CD015014_pub2,9,Unplanned hospital admissions (proportion of residents with at least one unplanned hospital admission): sensitivity analysis by risk of bias,8,648.0,175.0,1.6574943541551408,0.005334367710810787,0.7933689708032814
CD015014_pub2,10,Unplanned hospital admissions (proportion of residents with at least one unplanned hospital admission): sensitivity analysis by timing of effect,8,648.0,175.0,1.6574943541551408,0.005334367710810787,0.7933689708032814
CD015014_pub2,13,Adverse events/falls (proportion of residents with a fall),3,512.0,154.0,0.3982883147113665,10.93735790007365,0.9237618769739216
CD015014_pub2,14,Adverse events/falls (proportion of residents with a fall): subgroup analysis by type of care provided,3,512.0,154.0,0.3982883147113665,10.93735790007365,0.9237618769739216
CD015014_pub2,15,Adverse events/falls (proportion of residents with a fall): sensitivity analysis by risk of bias,3,512.0,154.0,0.3982883147113665,10.93735790007365,0.9237618769739216
CD015014_pub2,16,Adverse events/falls (proportion of residents with a fall): sensitivity analysis by timing of effects,3,512.0,154.0,0.3982883147113665,10.93735790007365,0.9237618769739216
CD015014_pub2,32,Mortality (proportion of residents who died),24,1986.0,431.0,0.9506057138378732,0.33659758029397524,0.1144954246041251
CD015014_pub2,33,Mortality (proportion of residents who died): sensitivity analyses by risk of bias,24,1986.0,431.0,0.9532203063409662,0.33182803272446965,0.10305447205972029
CD015014_pub2,34,Mortality (proportion of residents who died): sensitivity analysis by timing of effect,24,2013.0,431.0,0.9494736903688773,0.3376143101095775,0.12166419637265447
CD015014_pub2,35,Any hospital admission (proportion of residents with at least one hospital admission),13,1193.0,304.0,0.9212832961571017,0.4431463601178727,0.08148618215166381
CD015014_pub2,36,Any hospital admission (proportion of residents with at least one hospital admission): sensitivity analysis by risk of bias,13,1193.0,304.0,0.9212832961571017,0.4431463601178727,0.08148618215166381
CD015014_pub2,37,Any hospital admission (proportion of residents with at least one hospital admission): sensitivity by timing of effect,13,1193.0,304.0,0.9212832961571017,0.4431463601178727,0.08148618215166381
CD015022_pub2,1,Graft infection rate,44,3819.0,81.0,1.8742359200355336,9.658122722598925e-06,0.8977338708822058
CD015022_pub2,1,Surgical site infection (SSI) rate,4,116.0,16.0,0.5545719690310235,1.1735073852504194,0.9795035748359135
CD015022_pub2,2,Surgical site infection (SSI) rate,52,4674.0,500.0,1.7458359411836015,0.00024021822219360216,0.8922683102478541
CD015022_pub2,3,Adverse events resulting from the interventions for prevention of infection,7,944.0,27.0,1.8668000855844133,5.5094097398200065e-05,0.28270918009704304
CD015022_pub2,3,All-cause mortality,9,895.0,27.0,0.48157151616461136,1.0321506246734404,0.9767538995908192
CD015022_pub2,3,Amputation rate,5,707.0,6.0,1.7880408428730536,4.1159293916147195e-05,0.38942060494786523
CD015022_pub2,3,Arterial reconstruction failure rate,3,376.0,42.0,1.961524079640038,0.00028641269441639575,0.6832985833585294
CD015022_pub2,4,Amputation rate,3,624.0,6.0,3.017814460618057,1.9479716853712863e-08,0.9087466162806406
CD015022_pub2,4,Arterial reconstruction failure rate,3,245.0,7.0,5.861977570020827e-14,6.999999999997854,1.0
CD015022_pub2,4,Re-intervention rate,3,337.0,30.0,1.982161132843058,0.00038143825755828856,0.750833779409873
CD015022_pub2,5,Adverse events resulting from the interventions for prevention of infection,8,766.0,43.0,0.4758108267686576,1.2952801446177373,0.628273802660811
CD015022_pub2,5,Re-intervention rate,8,561.0,30.0,1.147547547286465,0.020636019701996692,0.6880359719455815
CD015022_pub2,8,Adverse events resulting from the interventions for prevention of infection,9,619.0,50.0,1.1892142386058664,0.02725402091246576,0.0416463592296481
CD015022_pub2,9,Adverse events resulting from the interventions for prevention of infection,6,414.0,26.0,1.4511176505562091,0.006028483995068464,0.1384599900151372
CD015033_pub2,1,All-cause mortality (range from18 months to 24 months),3,178.0,4.0,1.7533300783991865,0.00040111055308493206,0.777395216312879
CD015033_pub2,2,All-cause mortality. Best-worst case scenario sensitivity analysis,3,178.0,4.0,1.7533300783991865,0.00040111055308493206,0.777395216312879
CD015033_pub2,3,All-cause mortality. Worst-best case scenario sensitivity analysis,3,178.0,21.0,1.482615334579505,0.009930767412960775,0.9694886856929761
CD015033_pub2,18,Imaging response. No-improvement in steatosis on ultrasound (range from 5 months to 12 months),3,101.0,49.0,0.7399951076888942,1.3877287844621806,0.5301093881450247
CD015033_pub2,19,Imaging response. No-improvement in steatosis on ultrasound. Best-worst case scenario sensitivity analysis,3,101.0,49.0,0.7399951076888942,1.3877287844621806,0.5301093881450247
CD015033_pub2,20,Imaging response. No-improvement in steatosis on ultrasound. Worst-best case scenario sensitivity analysis,3,101.0,62.0,0.9443672984179499,0.7651043161479738,0.46240228844245923
CD015033_pub2,21,Imaging response. Proportion of participants without a normal ultrasound (range from 5 months to 12 months),4,127.0,78.0,0.9205005190500558,0.9739432654353286,0.4794794313123436
CD015033_pub2,22,Imaging response. Proportion of participants without a normal ultrasound. Best-worst case scenario sensitivity analysis,4,127.0,64.0,0.8636660367207516,0.9621139254868597,0.3854379542905153
CD015033_pub2,23,Imaging response. Proportion of participants without a normal ultrasound. Worst-best case scenario sensitivity analysis,4,127.0,78.0,0.9205005190500558,0.9739432654353286,0.4794794313123436
CD015038_pub2,1,Mortality,5,1189.0,1.0,2.4313884239290928e-14,0.999999999999846,1.0
CD015038_pub2,1,Success of treatment,7,1236.0,963.0,0.9286431865056332,1.3570820241192485,0.4732616855795544
CD015038_pub2,2,Success of treatment,7,1236.0,963.0,0.9286431865056332,1.3570820241192485,0.4732616855795544
CD015038_pub2,4,Wound infection,9,1314.0,4.0,0.2997985733058097,0.47523756621467855,0.9940366675735677
CD015038_pub2,7,Intra-abdominal abscess or collection,6,928.0,33.0,1.202877382109637,0.009993581810661074,0.37965628318135813
CD015038_pub2,10,Complicated appendicitis at surgery,8,1315.0,94.0,1.04077856273807,0.05142867996118824,0.06582065880855381
CD015038_pub2,15,Negative appendectomy rate (normal histology),5,184.0,21.0,0.9617406128884158,0.10945883888244283,0.014914776039056332
CD015042_pub2,3,Number of women who completed treatment,6,653.0,431.0,0.8764062023672619,1.4868017883311635,0.9679672475810218
CD015063_pub2,1,Bronchopulmonary dysplasia at 36 weeks' postmenstrual age (requiring oxygen or respiratory support at 36 weeks' postmenstrual age),12,1044.0,562.0,1.1612209470207127,0.2161818321264426,0.6241030128796137
CD015063_pub2,2,Death before discharge,12,1106.0,144.0,1.0636904658823731,0.10908502556107114,0.17275922099876484
CD015063_pub2,4,Hepatic dysfunction (abnormal transaminases or cholestasis),4,200.0,19.0,0.42306952046719504,2.073562788687405,0.9197979488825632
CD015063_pub2,5,Hepatic dysfunction (abnormal transaminases or cholestasis),4,200.0,19.0,0.42306952046719504,2.073562788687405,0.9197979488825632
CD015063_pub2,5,Use of postnatal steroids to prevent or treat bronchopulmonary dysplasia,4,200.0,48.0,0.8404310908526411,0.49287426385242267,0.7356781307384215
CD015063_pub2,7,Use of postnatal steroids to prevent or treat bronchopulmonary dysplasia,4,200.0,48.0,0.8404310908526411,0.49287426385242267,0.7356781307384215
CD015064_pub2,1,Pimecrolimus 1% versus vehicle,11,2582.0,920.0,0.7616751767007026,2.1028512106770156,0.8008959668627212
CD015064_pub2,1,Topical corticosteroids versus topical calcineurin inhibitors,3,2044.0,6.0,0.37958878327075085,0.35117713091762875,0.9717125122527875
CD015084_pub2,6,Withdrawals due to adverse events,3,90.0,21.0,0.8804818824164852,0.3924799667134595,0.9749782789922119
CD015092_pub2,4,Weight: People achieving a 5% weight reduction - medium term,14,5828.0,4687.0,1.034885934269583,0.5938348265504245,0.643249263588082
CD015092_pub2,5,Weight: People achieving a 10% weight reduction - medium term,16,6360.0,3903.0,1.0784605576482114,0.3127412323820276,0.7735859282600671
CD015092_pub2,6,Adverse events: Any adverse event - medium term,11,4884.0,4299.0,0.9791015899805003,1.053807902095316,0.7074833973831395
CD015092_pub2,7,Adverse events: Only non-serious adverse events - medium term,15,6301.0,4806.0,0.9710851793787372,0.9971391337943347,0.3745059295773441
CD015092_pub2,8,Adverse events: Serious adverse events - medium term,17,6708.0,606.0,1.0277173746977988,0.06899869066361139,0.376281340280746
CD015092_pub2,9,Adverse events: Adverse events leading to withdrawal - medium term,17,6708.0,443.0,0.7921234833323787,0.4012587379258825,0.8504440644962847
CD015092_pub2,10,Major adverse cardiovascular event (MACE) - medium term,10,5694.0,259.0,2.2091979540260382,1.236758195932539e-06,0.9077229538762541
CD015092_pub2,17,Mortality - medium term,14,5813.0,16.0,0.8793189388113183,0.005342681781478459,0.0888341927494054
CD015092_pub2,19,Heart failure (dichotomous) - medium term,4,1540.0,10.0,1.6631318196663831,3.345023773096054e-05,0.1657233718397335
CD015092_pub2,20,Liver disease-related outcomes: Metabolic dysfunction-associated steatotic liver disease (dichotomous) - long term,5,18062.0,5.0,0.26077182518989284,0.4027093503490055,0.9666001512525344
CD015092_pub2,26,Diabetes-related outcomes: Increased need for glucose-lowering therapy - medium term,3,879.0,41.0,0.6155978041931276,0.6364476567631991,0.8856817868116775
CD015092_pub2,29,Blood pressure-related outcomes: Increased need for antihypertensive drugs - medium term,8,1855.0,164.0,1.4700065138261365,0.002904394334248796,0.8548729044971863
CD015092_pub2,30,Liver disease-related outcomes: Metabolic dysfunction-associated steatotic liver disease (dichotomous) - medium term,4,2464.0,10.0,3.140284026298114,1.5894952118740214e-10,0.8543354686324426
CD015092_pub2,38,Lipid metabolism-related outcomes: Increased need for lipid-lowering drugs - medium term,8,1603.0,68.0,1.832223299471786,0.00011888197266546452,0.7296064724265979
CD015122_pub2,1,Blood transfusion,10,914.0,47.0,1.4948171418774658,0.0018477251061011011,0.9252567598354966
CD015122_pub2,2,Stone-free rate,5,500.0,393.0,0.9462920879481347,1.1485849449431944,0.4503135354495962
CD015122_pub2,4,Adverse events,4,300.0,58.0,1.9174419637230482,0.0006019027437890723,0.3560775819571883
CD015122_pub2,6,Major Surgical complications,5,364.0,17.0,0.8033839887521341,0.15957477386405475,0.573277717734243
CD015122_pub2,7,Minor surgical complications,5,364.0,106.0,1.3488976779136956,0.03839518622912841,0.46950094634219774
CD015122_pub2,18,Blood transfusion (Sensitivity analysis & definition of stone freedom),3,275.0,6.0,1.0911441817607608,0.013296637146764625,0.7806574280502911
CD015122_pub2,19,Stone-free rate (Sensitivity analysis & definition of stone freedom),3,275.0,179.0,0.6822576592345393,4.052030957478668,0.8622030083357535
CD015122_pub2,23,Major surgical complications (Sensitivity analysis & definition of stone freedom),3,275.0,14.0,0.8501146870848759,0.12306561381862337,0.6172761796091549
CD015122_pub2,24,Minor surgical complications (Sensitivity analysis & definition of stone freedom),3,275.0,49.0,0.848547770609182,0.4323261689757363,0.6826347015573054
CD015134_pub2,1,Infant hospitalisation with laboratory-confirmed RSV disease,4,7020.0,102.0,0.25971695410319195,10.237123054585126,0.9983322317817134
CD015134_pub2,2,Intrauterine growth restriction,4,7162.0,35.0,0.8905458050968622,0.01223465598404125,0.45058141608698277
CD015134_pub2,3,Stillbirth,5,7221.0,25.0,0.636775916777593,0.08765066560873962,0.9747319345303412
CD015134_pub2,5,Preterm birth,6,10537.0,634.0,1.0429988522726508,0.039964842115833614,0.9364652104376688
CD015134_pub2,6,Congenital abnormalities,4,7041.0,1148.0,0.4181906438177221,28.129855927582177,0.9975885639888671
CD015134_pub2,7,Infant death,6,10559.0,35.0,0.5460154078333244,0.20123239905764387,0.8774797954645294
CD015140_pub2,6,Adverse events ≥ grade 3,4,584.0,66.0,0.7380073019943391,0.5918203991351508,0.9090218460966673
CD015140_pub2,7,Adverse events grades 1 and 2,4,584.0,428.0,0.999422681548693,0.7380914756041385,0.005198044984335737
CD015140_pub2,10,Risk of relapse in drug-off time - fixed-effect model,5,363.0,145.0,1.0188578466431069,0.4064275481552637,0.12150655359633666
CD015140_pub2,11,Risk of relapse in drug-off time - random-effects model,5,363.0,145.0,1.0188578466431069,0.4064275481552637,0.12150655359633666
CD015140_pub2,12,Adverse events ≥ grade 3,4,427.0,84.0,1.6779317321629024,0.0032540238539057057,0.7991349780481676
CD015140_pub2,12,Risk of relapse in drug-on time - fixed-effect model,5,602.0,110.0,0.96130502344038,0.2717134201208951,0.07850581913106136
CD015140_pub2,13,Adverse events grades 1 and 2,4,427.0,257.0,0.7462671908983897,2.768472482615384,0.9527620050852811
CD015140_pub2,13,Risk of relapse in drug-on time - random-effects model,5,602.0,110.0,0.96130502344038,0.2717134201208951,0.07850581913106136
CD015140_pub2,14,Risk of brain relapse,3,191.0,19.0,0.20460834103287961,5.91821033189477,0.9637149302133557
CD015140_pub2,16,Risk of relapse in drug-off time,4,241.0,109.0,0.7241363659932665,2.0059928393982465,0.9246691829198388
CD015140_pub2,17,Risk of relapse in drug-on time,4,359.0,124.0,1.270269965824467,0.07455160652002135,0.8748217219385395
CD015140_pub2,18,Risk of brain relapse,3,262.0,44.0,2.6104838826020837,2.48203642457544e-05,0.8153662168510698
CD015145_pub2,3,Nausea and vomiting,3,124.0,24.0,2.9030008410108827,2.1612326215106623e-05,0.978577985031467
CD015151_pub2,1,Death (any cause),23,5627.0,4056.0,1.223784242685562,0.1257898093910624,0.6675115538950545
CD015151_pub2,2,Cardiovascular death,3,156.0,20.0,1.174523478276005,0.061630839247257097,0.548810512524919
CD015151_pub2,5,Hospitalisation,4,182.0,84.0,1.1187248599183828,0.2347758711722724,0.15031458538764186
CD015151_pub2,6,Death (any cause): subgroup analysis by age,22,5483.0,3932.0,1.2493032905102708,0.10127420240083645,0.7512554653342517
CD015151_pub2,7,Death (any cause): subgroup analysis by type of dialysis,26,6168.0,4516.0,1.0793568445259003,0.39597015007470626,0.7504908246403813
CD015160_pub2,1,Clinical recurrence or reoperation for recurrence within one year of repair,6,150.0,4.0,0.8755908379326107,0.031001045453190868,0.02482919839310138
CD015160_pub2,1,Surgical site infections (as defined by the included studies) within 30 days of repair,5,458.0,82.0,1.6947994064190641,0.0021808502099653704,0.7634746468449798
CD015173_pub2,1,All-cause mortality (maximum 6 months to 75 months follow-up),7,308.0,74.0,1.049735238620805,0.17325586204747512,0.37782733377080935
CD015173_pub2,1,All-cause mortality (maximum follow-up 3 months to 75 months),7,308.0,41.0,0.8487670574426112,0.2684870243257072,0.4133827005555816
CD015173_pub2,1,All-cause mortality (maximum follow-up between 3 months and 75 months),7,308.0,41.0,0.8487670574426112,0.2684870243257072,0.4133827005555816
CD015173_pub2,1,Sensitivity analysis with Peto odds for adverse events considered non-serious,5,226.0,26.0,0.40298820075750286,2.79620233302069,0.9908762235450898
CD015173_pub2,2,Proportion of people with serious adverse events (maximum follow-up between 1 month and 75 months),9,366.0,88.0,0.9972360417684617,0.2024029288375234,7.144768035027838e-05
CD015173_pub2,2,Proportion of people with serious adverse events&nbsp;,18,732.0,202.0,1.0480608798171094,0.1820383355257709,0.04452685464196082
CD015173_pub2,4,Proportion of people who developed one or more complications,4,154.0,20.0,0.9495205372481287,0.16954073347896864,0.2576309174789244
CD015173_pub2,5,Proportion of people with adverse events considered non-serious (number of participants)&nbsp;,5,226.0,26.0,0.40298820075750286,2.79620233302069,0.9908762235450898
CD015173_pub2,6,Proportion of people without improved liver function (maximum follow-up 3 months to 1 year),4,61.0,27.0,0.6860272006770366,1.5479272943923972,0.9782808371564602
CD015192_pub2,1,Graft infection rate,19,1727.0,23.0,1.1701062112357614,0.004058297347967585,0.6232644181925914
CD015192_pub2,1,Surgical site infection rate,4,373.0,13.0,0.45810103134461566,0.8237741510596728,0.9717262681313958
CD015192_pub2,2,All-cause mortality,4,267.0,4.0,0.5473573859910519,0.19791959828043446,0.9025452184619321
CD015192_pub2,2,Surgical site infection rate,19,1331.0,52.0,1.5777229688000625,0.0009504222878534205,0.5583107159253714
CD015192_pub2,3,All-cause mortality,3,281.0,7.0,0.8562483570262834,0.048608752016131684,0.19919125653185676
CD015213_pub2,2,Recurrence rate,3,290.0,8.0,0.4998052454116012,0.4601627713981833,0.9930256587728825
CD015213_pub2,2,Wound infection,3,171.0,10.0,0.6743803626746593,0.3132300668512719,0.9990191959365817
CD015213_pub2,3,Recurrence rate,19,1053.0,23.0,0.6477489298387713,0.1808645076730685,0.6370469449521312
CD015213_pub2,3,Wound dehiscence,3,171.0,17.0,1.762428361966443,0.0023279600857834914,0.7677184014168532
CD015213_pub2,3,Wound infection,3,293.0,14.0,0.9358144603688545,0.06848796350982206,0.9806161236218499
CD015213_pub2,4,Recurrence rate,9,447.0,26.0,0.6214451667051071,0.5337558473631079,0.7989343665780023
CD015213_pub2,4,Recurrence rate (Subgroup analysis according to follow-up duration),19,1053.0,23.0,0.642843964798657,0.18531745081676973,0.6344129168157906
CD015213_pub2,4,Wound dehiscence,3,293.0,11.0,0.9715073896423606,0.04404595491407293,0.9794744626361915
CD015213_pub2,5,Recurrence rate (Sensitivity analysis according to risk of bias),13,636.0,30.0,1.31297023495644,0.00583005484343195,0.732346214673195
CD015213_pub2,5,Wound infection,13,784.0,29.0,0.7681714953772605,0.1498033258737742,0.728398080332967
CD015213_pub2,6,Wound infection,8,436.0,37.0,0.9436925540831826,0.11015488186839766,0.04060351481147417
CD015213_pub2,6,Wound infection (Sensitivity analysis according to risk of bias),12,654.0,25.0,0.7503810409694149,0.16332355179765018,0.725215101927263
CD015213_pub2,7,Wound dehiscence,11,694.0,21.0,2.255686132062256,1.103751384957839e-05,0.6832790118983532
CD015213_pub2,7,Wound infection,6,309.0,7.0,1.147662791117111,0.011352754561887843,0.4648881589991045
CD015213_pub2,7,Wound infection (Sensitivity analysis according to risk of bias),7,345.0,31.0,0.5609089614677715,0.8774195175264586,0.7646303954360535
CD015213_pub2,8,Wound dehiscence,7,389.0,27.0,0.42111714281286694,2.0061058368298874,0.9549852570667167
CD015213_pub2,8,Wound infection (Sensitivity analysis according to risk of bias),5,279.0,6.0,1.1082475472084858,0.013400286773839075,0.2746844729147273
CD015213_pub2,9,Wound dehiscence (Sensitivity analysis according to risk of bias),6,298.0,13.0,0.712540609562381,0.17982343755943753,0.541238475929702
CD015213_pub2,10,Wound dehiscence,3,150.0,3.0,0.4844280070026312,0.23023653177767917,0.9355657177917533
CD015215_pub2,14,"Presence/persistence of OME, randomised by child (long-term)",3,298.0,48.0,1.2249294450682018,0.06488064055354954,0.24650137072452172
CD015215_pub2,15,"Zero, one or two episodes of AOM in 12 months",3,126.0,40.0,0.26624251736382765,11.165821909005011,0.9984413557403652
CD015219_pub2,1,"All-cause mortality – at 28 to 30 days, or in-hospital",25,4580.0,222.0,1.1760163178782403,0.012371176501649102,0.2761388374997029
CD015219_pub2,1,"All-cause mortality – at 28 to 30 days, or in‐hospital",20,3278.0,141.0,1.0944623025108546,0.023923663516238414,0.07289641838004723
CD015219_pub2,2,All adverse events,30,4201.0,1192.0,1.0149843624371984,0.2876086289328961,0.00953132433430981
CD015219_pub2,2,Progression to invasive mechanical ventilation,20,1916.0,162.0,0.40606967016032713,8.063546203563444,0.9554994565445266
CD015219_pub2,3,Need for admission to hospital (if ambulatory),4,334.0,30.0,3.025298783464213,6.830584973556496e-07,0.9986591563814666
CD015219_pub2,3,Need for critical or intensive care (any reason),3,416.0,17.0,0.5338284584866372,0.6835787342067589,0.9967095116443436
CD015219_pub2,3,Serious adverse events attributable to the drug,21,3311.0,146.0,0.875491410732878,0.10506465500124203,0.24379899521599901
CD015219_pub2,4,All adverse events,17,2319.0,606.0,1.0135936754387886,0.2745449808615999,0.012374071629519534
CD015219_pub2,4,Hyperuricaemia,15,2148.0,413.0,1.0813974542378912,0.1316830702416149,0.11362275289176071
CD015219_pub2,5,Hyperuricaemia,9,1132.0,228.0,1.1221202768067107,0.10525533043055146,0.11152671167620354
CD015219_pub2,5,Need for critical or intensive care (any reason),4,612.0,48.0,0.3922626531442166,3.9337145578455677,0.9975082815083037
CD015219_pub2,6,Need for critical or intensive care (any reason),5,644.0,53.0,1.6811658378019783,0.0010468777532690648,0.7306968972856833
CD015219_pub2,8,All adverse events,13,2008.0,480.0,0.9593700582517553,0.34897820846042477,0.10687009210446485
CD015219_pub2,9,Serious adverse events attributable to the drug,8,1452.0,65.0,1.2803501703645852,0.004633373421052495,0.2820754660135445
CD015219_pub2,10,All adverse events,18,2435.0,643.0,1.0538865458321724,0.18156270344599007,0.06139644669341948
CD015219_pub2,10,Hyperuricaemia,7,1098.0,227.0,0.9563411714687284,0.32578983220082786,0.016653118621251295
CD015219_pub2,11,Serious adverse events attributable to the drug,12,1710.0,76.0,0.9267047810564629,0.06533053836941824,0.07187190469285853
CD015219_pub2,12,Hyperuricaemia,10,1248.0,244.0,1.1809596241126945,0.05408713941123794,0.28925750120916494
CD015219_pub2,13,Need for admission to hospital (if ambulatory) – fixed-effect model,4,334.0,30.0,3.025298783464213,6.830584973556496e-07,0.9986591563814666
CD015219_pub2,15,All adverse events – fixed-effect model,18,2435.0,643.0,1.0538865458321724,0.18156270344599007,0.06139644669341948
CD015234_pub2,1,Failure to achieve vaginal delivery within 24 hours,49,5882.0,2900.0,0.9903889527510108,0.47507370219130834,0.01519869504424387
CD015234_pub2,2,Caesarean section due to any causes,106,16528.0,3618.0,1.0829684540980602,0.0804761140720952,0.13124542479010126
CD015234_pub2,3,Caesarean section due to non‐reassuring fetal status,74,9813.0,885.0,1.34986460679103,0.00415585105737639,0.8608237876641462
CD015234_pub2,4,Uterine hyperstimulation with changes in the heartbeat of the baby before birth,53,7437.0,237.0,1.0047166254397015,0.03213253916733033,0.0019562834362434334
CD015234_pub2,5,Perinatal death,7,1301.0,7.0,0.6426216537004092,0.0699484289278432,0.9156785083737119
CD015234_pub2,7,Maternal not satisfied with the care related to induction of labour,14,2550.0,453.0,0.5882926693658981,4.0121453289539515,0.894580582021522
CD015234_pub2,10,Blood loss 500 mL or more within 24 hours of delivery,9,2300.0,372.0,1.7713911595118854,0.0005472228966464453,0.9019108350004008
CD015234_pub2,11,"Blood loss 1,000 mL or more within 24 hours of delivery",9,2293.0,176.0,1.1385724571740599,0.02693409220112293,0.6196004945369084
CD015234_pub2,14,Oxytocin augmentation,61,8760.0,5167.0,1.1156277774663788,0.2125661056704361,0.7981627200885812
CD015234_pub2,15,Admission to intensive care unit&nbsp;,3,1722.0,9.0,3.347196747907565,1.4402683764545735e-10,0.9094043550192712
CD015234_pub2,16,Pain related to induction of labour,6,847.0,209.0,0.7987363807514526,0.9584028750095474,0.8414755535979193
CD015234_pub2,17,Use of mechanical ventilation for infants,9,4376.0,33.0,0.7303170462354623,0.06877107759873569,0.820088874616042
CD015234_pub2,18,Admission to the neonatal intensive care unit,76,13692.0,841.0,1.066224848913696,0.036382531063822485,0.1342994326930088
CD015234_pub2,19,A 5‐minute Apgar score of less than 7,57,11910.0,200.0,0.9883935317983507,0.016671287859952207,0.006414520877965679
CD015252_pub2,3,Presence or persistence of OME,3,204.0,141.0,0.6329335724719072,4.865142125273917,0.9998513139562746
CD015254_pub2,3,Persistence of OME (short-term),6,272.0,140.0,1.2145625665276487,0.15107013966926833,0.8195428939463744
CD015254_pub2,4,Sensitivity analysis 1: persistence of OME (short-term). ICC = zero,6,292.0,150.0,1.1942395437319862,0.16517289972636387,0.7244808835197399
CD015254_pub2,5,Sensitivity analysis 2: persistence of OME (short-term). ICC = 1.0,6,262.0,133.0,1.208607061833333,0.15552227686840067,0.8153108474159299
CD015254_pub2,6,Persistence of OME (short-term),9,802.0,556.0,1.0583269726071052,0.4761941903234975,0.623216212011861
CD015254_pub2,7,Sensitivity analysis: persistence (short-term) including cases of acute otitis (Mandel 1987),10,863.0,617.0,1.056467219292898,0.49731983440646227,0.44553427746525076
CD015254_pub2,8,Sensitivity analysis: persistence (short-term) assuming ICC of 1.0 (complete correlation between ears) (Puhakka 1985),10,858.0,602.0,1.059803128109121,0.472326011374062,0.6549428854146662
CD015254_pub2,9,Sensitivity analysis: persistence (short-term) assuming ICC of zero (no correlation between ears) (Puhakka 1985),10,871.0,609.0,1.0658377050016625,0.4497518580296897,0.6553100973320272
CD015284_pub2,1,Seizure freedom,5,1089.0,615.0,0.939184468154233,0.8366345579244477,0.869826582585327
CD015284_pub2,2,Hospital Anxiety and Depression Scale: Depression (HADS-D),4,277.0,43.0,1.0898965375706997,0.10039990463593289,0.2759274873250622
CD015284_pub2,2,Seizure freedom,5,327.0,124.0,1.0031796935710642,0.3215953143460547,0.0010819016443642804
CD015284_pub2,3,Hospital Anxiety and Depression Scale: Anxiety (HADS-A),3,181.0,41.0,0.7694429150674444,0.8028754491707665,0.7570270912689006
CD015287_pub2,1,Seizure freedom during the study,3,56.0,43.0,0.8387383645784783,1.5115458190724822,0.8401507165115529
CD015314_pub2,1,Tobacco cessation at longest follow up,28,5493.0,1264.0,1.1174484453584541,0.08352446964788182,0.3299190346935764
CD015314_pub2,1,Tobacco cessation at longest follow-up,22,3807.0,906.0,0.9543042395732392,0.3081644343412967,0.13250221630695136
CD015314_pub2,2,Subgrouped by modality of support,21,3691.0,894.0,0.9778555421089946,0.2479940287333432,0.029466927082885452
CD015331_pub2,7,Mental state - general: number of participants with clinically important change in general mental state (combined time points),5,134.0,55.0,1.1555062168555819,0.19212890873900818,0.7151101613823857
CD015331_pub2,8,Mental state - general: number of participants with clinically important change in general mental state (separated time points),9,228.0,96.0,1.1461102550008773,0.1806990580800222,0.47109228646317824
CD015331_pub2,10,Mental state - specific: number of participants with clinically important change in positive symptoms (separated time points),4,130.0,91.0,1.0479729579964638,0.5409878560679098,0.6079384256568279
CD015331_pub2,34,Global state - number of participants with relapse/exacerbations of psychosis (combined time points),8,313.0,83.0,0.8819656970282046,0.652194599918942,0.3132878958019325
CD015331_pub2,35,Global state - number of participants with relapse/exacerbations of psychosis (separated time points),14,555.0,108.0,0.7666674143316174,1.0468059468815167,0.5791066979976818
CD015331_pub2,37,Global state - number of participants with remission (separated time points),3,49.0,24.0,1.168667551937812,0.26101553355256557,0.7228524756398773
CD015331_pub2,44,Service use - admission to hospital (combined time points),10,369.0,70.0,0.6821235106870706,1.3549301025696776,0.8305721418877406
CD015331_pub2,45,Service use - admission to hospital (separated time points),14,537.0,82.0,0.6138359699922652,1.8490493957253138,0.8763389495744424
CD015331_pub2,48,Leaving the study early - for any reason - overall acceptability (combined time points),25,865.0,180.0,1.167821498176639,0.07969499468571843,0.6619199566932665
CD015331_pub2,49,Leaving the study early - for any reason - overall acceptability (separated time points),48,1710.0,361.0,1.1268795368522126,0.10022588573022234,0.5163754056805518
CD015331_pub2,70,Adverse events - specific: Non Compliance,4,195.0,18.0,0.18894095408890943,6.590911432682677,0.999299341508304
CD015331_pub2,71,Adverse events - specific: Deterioration of symptoms,7,153.0,14.0,0.7235287678569295,0.3660826422716123,0.9309142424363417
CD015331_pub2,72,Mortality - overall mortality (combined time points),3,176.0,4.0,0.5697253080324717,0.23549873951039535,0.7034269038540786
CD015331_pub2,73,Mortality - overall mortality (separated time points),3,176.0,4.0,0.5768095517034334,0.22713676745159314,0.6824289698052595
CD015332_pub2,2,Number of participants with clinically important change in general mental state (separated time points),6,162.0,28.0,0.9098875441908126,0.2618828946840128,0.4105269245923352
CD015332_pub2,4,Mental state – general: number of participants with clinically important change in general mental state (separated time points),4,88.0,14.0,1.6353326174651328,0.00971230200485198,0.9692836221378166
CD015332_pub2,7,Global state – number of participants with relapse/exacerbations of psychosis (separated time points),6,162.0,6.0,1.3044532072605821,0.008669479289115118,0.6882511466455652
CD015332_pub2,10,Leaving the study early – for any reason – overall acceptability (separated time points),3,111.0,13.0,1.0650125132189363,0.08445584494516459,0.6108229873921731
CD015332_pub2,12,Leaving the study early – for any reason – overall acceptability (separated time points),4,88.0,4.0,1.1320415832336883,0.02434799031736186,0.7095266580975526
CD015332_pub2,17,Global state – number of participants with relapse/exacerbations of psychosis (separated time points),4,88.0,4.0,0.6089972653127762,0.27664171923110714,0.9233985559588325
CD015332_pub2,22,Leaving the study early – for any reason – overall acceptability (separated time points),5,134.0,29.0,2.3436506199184928,0.0003653822741380955,0.8127874527519574
CD015332_pub2,24,Adverse events – deterioration of symptoms ,4,88.0,5.0,0.8101004550328188,0.13881491749323877,0.43616723175406635
CD015332_pub2,37,Adverse events – participants with serious adverse events (separated time points),3,90.0,15.0,1.0424886165500753,0.1329358930947137,0.3383853002846384
CD015332_pub2,38,Adverse events – deterioration of symptoms (separated time points),5,134.0,8.0,0.9052907494244274,0.09686420872858854,0.2931294843116209
CD015350_pub2,4,Proportion cured or with complete ulcer healing,4,264.0,224.0,1.0006067751488639,0.8600549607084453,0.00012647479606098244
CD015350_pub2,5,Proportion cured or with complete corneal healing,8,554.0,442.0,0.9573428172810721,1.038280379276715,0.5835285083296805
CD015350_pub2,5,Proportion with non-serious or non-severe harms/adverse events,3,118.0,11.0,0.15251572946394643,4.905431818703841,0.9872750619006755
CD015350_pub2,6,Proportion with non-serious or non-severe harms/adverse events,10,693.0,62.0,0.23127560249440948,13.564077215496802,0.9936647438834095
CD015350_pub2,6,Proportion with serious/severe harms/adverse events,3,209.0,7.0,0.265881694209976,1.6765503528164503,0.9879496994548128
CD015350_pub2,7,Proportion with serious/severe harms/adverse events,5,376.0,8.0,-9.08162434143378e-14,8.000000000004126,1.0
CD015373_pub2,4,Tolerability,3,36.0,4.0,0.9904669189638332,0.11874419806441161,0.009533081036158908
CD015373_pub2,7,"Pain intensity (≥ 50% reduction), short-term follow-up",3,40.0,18.0,0.7489475807026009,1.1981694449936588,0.5916830486714534
CD015373_pub2,9,Adverse events (total),4,88.0,39.0,0.9465562227925423,0.5714231707056976,0.23188571895863197
CD015373_pub2,10,Adverse events (total),3,50.0,24.0,0.6167726494352663,2.1726145478846703,0.997218953238087
CD015373_pub2,10,Adverse events (total): clinical condition subgroup analysis,3,20.0,10.0,1.0953176914295655,0.39654329913535036,0.0799020733433613
CD015373_pub2,11,Adverse events (total): duration of administration subgroup analysis,7,138.0,63.0,0.7643756863578421,1.404194440225071,0.9399411133487952
CD015373_pub2,12,Adverse events (total): medicine dose subgroup analysis,3,50.0,24.0,0.6167726494352663,2.1726145478846703,0.997218953238087
CD015373_pub2,13,Sedation,3,61.0,10.0,1.468213447522092,0.03482189006904406,0.30314428332740606
CD015373_pub2,14,Nausea,3,61.0,6.0,0.7005158422780255,0.40301086493711785,0.43877730401723447
CD015373_pub2,15,Dizziness,3,61.0,19.0,1.1486444030743073,0.18624814361420772,0.3974730710927312
CD015373_pub2,15,Nausea,3,106.0,26.0,0.24122831699076785,8.358866985335053,0.9996415413985124
CD015373_pub2,16,Headache,3,61.0,12.0,1.1214801174225535,0.13743023706784474,0.1725777758244108
CD015373_pub2,23,Tolerability,8,200.0,13.0,0.5572161035975358,0.6488832499219942,0.9604551561127012
CD015376_pub2,1,Initial management versus control: short-term follow-up. Outcome: cure,15,1036.0,399.0,1.6840777308986736,0.004173406410809385,0.5464695588077984
CD015376_pub2,1,Initial management versus control: short-term follow-up. Outcome: cure or improvement,14,1943.0,936.0,1.0890477830548522,0.2651368545116869,0.3870061104460064
CD015381_pub2,1,All cause mortality up to day 28-30,7,14624.0,2.0,0.2697179658782932,0.14696791133565024,0.9914197016381767
CD015381_pub2,1,All cause mortality&nbsp;,3,594.0,78.0,1.5049941884743694,0.004155196782378808,0.46403360693815754
CD015381_pub2,1,Hospitalisation subgrouped by country income group,6,14620.0,163.0,0.845313076629912,0.05490003205480643,0.08558290732437979
CD015381_pub2,2,Hospitalisation,6,14620.0,163.0,0.751772533472521,0.18531739004831427,0.5333323411936457
CD015381_pub2,2,Proportion with viral clearance at Day 14-15 subgrouped by country income group,4,1511.0,1307.0,0.9502029560268344,1.2937525837632904,0.312166041839973
CD015381_pub2,4,Symptom Resolution at Day 28,3,12498.0,8612.0,1.0419869082299984,0.4637649087199454,0.9999996425911067
CD015381_pub2,5,Proportion with viral clearance at Day 5,4,1511.0,993.0,1.543676592249101,0.015533689534445063,0.9320697506323272
CD015381_pub2,7,Proportion with viral clearance at Day 14-15,4,1511.0,1307.0,0.9502029560268344,1.2937525837632904,0.312166041839973
CD015381_pub2,8,Proportion with viral clearance at Day 28-30,3,193.0,178.0,1.034763926768809,0.7682449531167315,0.9997869081213767
CD015381_pub2,10,Adverse Events,7,2151.0,437.0,0.9380413256551717,0.3584132020922291,0.25336516163159906
CD015381_pub2,11,Serious Adverse Events,8,14924.0,104.0,0.5408136075341741,0.813016616982127,0.7351613124527849
CD015387_pub2,1,Good functional outcome at the end of scheduled follow-up,35,3728.0,1843.0,1.2766569862714507,0.05570641962582795,0.8966300035805099
CD015387_pub2,2,Good functional outcome at the end of scheduled follow-up: sensitivity analysis of low risk of bias trials only,7,1846.0,880.0,1.1387487433312777,0.17317792526317083,0.7089947300573942
CD015387_pub2,3,All-cause mortality at the end of scheduled follow-up,27,2598.0,611.0,0.8281723064404709,0.9134297595203463,0.8347644291906384
CD015387_pub2,3,Good functional outcome at the end of scheduled follow-up: stratified by surgical approach,10,1149.0,625.0,1.266709334889166,0.09312840000127763,0.9035019023944304
CD015387_pub2,4,All-cause mortality at the end of scheduled follow-up,14,1239.0,193.0,0.5641821880511185,2.7401839228525917,0.8763298113422896
CD015387_pub2,4,All-cause mortality at the end of scheduled follow-up: sensitivity analysis of low risk of bias trials only,6,1527.0,374.0,0.6604677494267237,2.874365167747879,0.9743992795389023
CD015387_pub2,5,All-cause mortality at the end of scheduled follow-up: sensitivity analysis of low risk of bias trials only,3,454.0,93.0,0.865637519690849,0.4555146764693628,0.973166232266251
CD015387_pub2,5,Thirty-day case fatality,14,1945.0,262.0,0.7614408128400424,0.8703119470467879,0.9232169538422911
CD015387_pub2,6,All-cause mortality at the end of scheduled follow-up: stratified by surgical approach,14,1239.0,193.0,0.5641821880511185,2.7401839228525917,0.8763298113422896
CD015387_pub2,7,Thirty-day case fatality,7,786.0,71.0,0.5354087062677013,1.4277273290892518,0.6058464392005181
CD015387_pub2,8,Thirty-day case fatality: stratified by surgical approach,7,786.0,71.0,0.5398922842006966,1.3511539245809074,0.5610231796756306
CD015395_pub3,4,Worsening of clinical status at day 28: admission to hospital or death (subgroup analysis based on ethnicity),4,1039.0,8.0,4.870548409030562e-13,7.999999999973442,1.0
CD015432_pub2,4,Adverse events,6,215.0,28.0,0.5910333541147308,1.3136978411288005,0.8894329965909213
CD015432_pub2,6,Number of children who required rescue medication less than 2 hours postintervention,10,374.0,131.0,1.9073182909463706,0.0020259987072587505,0.8689996069390103
CD015432_pub2,7,Number of children who required rescue medication 2 hours to less than 24 hours postintervention,12,350.0,114.0,1.089518452487587,0.22333088999615563,0.17053323536253195
CD015432_pub2,8,Number of children who required rescue medication less than 2 hours postintervention,4,129.0,7.0,0.3786366418452043,1.1686040980640857,0.9895234250868364
CD015432_pub2,8,"Number of children who required rescue medication, from 24 hours up to 7 days",6,172.0,51.0,0.270847289482525,12.946311536482709,0.9754231646210978
CD015432_pub2,9,Number of children who required rescue medication 2 hours to less than 24 hours postintervention,10,338.0,68.0,0.9475738654367796,0.30619057195586025,0.06088564825595677
CD015432_pub2,13,Nausea or vomiting,3,70.0,6.0,0.4369591059842025,0.9873841434540002,0.9875562236722001
CD015432_pub2,13,Nausea or vomiting ,10,401.0,55.0,0.6137872790810674,1.476697140648851,0.8889806231526912
CD015432_pub2,14,"Any bleeding, including gastrointestinal bleeding and oral bleeding",14,915.0,84.0,0.8393642278528566,0.3000145482863354,0.33136949845614483
CD015443_pub2,1,Serious adverse events,14,4720.0,713.0,1.4249951667638097,0.0045910670992669895,0.752448749684814
CD015443_pub2,2,Discontinuations due to adverse events,19,5772.0,432.0,0.9332514571900973,0.14254715216846894,0.4446165554857078
CD015443_pub2,2,Relapse (24 months),6,881.0,210.0,1.0864683977445633,0.15746704253167162,0.2179502141908526
CD015443_pub2,3,Relapse (36 months),4,1212.0,435.0,1.0490285262969095,0.2682228949864567,0.3476916501798576
CD015443_pub2,4,Disability worsening (24 months),11,3140.0,906.0,1.145094522568406,0.12123870918119295,0.6554334526739349
CD015443_pub2,5,Disability worsening (36 months),5,1700.0,592.0,1.1054524159963817,0.17923163685636012,0.7186220048095227
CD015443_pub2,10,Mortality,15,5517.0,34.0,0.6930076375095546,0.09169968693620816,0.9887745328008282
CD015462_pub2,5,Bronchopulmonary dysplasia/chronic lung disease: defined as 28 days of oxygen exposure at 36 weeks' postmenstrual age,3,243.0,35.0,0.07147853990700692,23.972164379655442,0.9988755923108166
CD015470_pub2,1,Clavien-Dindo 1-5 (subgoup sex),7,280.0,15.0,0.7227241932121694,0.2583470161514304,0.7655160483718141
CD015470_pub2,1,Recurrence,18,1100.0,14.0,0.8042600897850818,0.04591097458876597,0.3679468632282833
CD015470_pub2,2,Clavien-Dindo 1-2 (subgroup sex),7,280.0,14.0,0.6763987253530672,0.31163196018111616,0.8676632002930644
CD015470_pub2,3,Clavien-Dindo 1-5&nbsp;,7,280.0,15.0,0.7227241932121694,0.2583470161514304,0.7655160483718141
CD015470_pub2,4,Clavien-Dindo 1-2&nbsp;,7,280.0,14.0,0.6763987253530672,0.31163196018111616,0.8676632002930644
CD015470_pub2,4,Clavien-Dindo 1-5,7,280.0,15.0,0.7364608921763713,0.24447466062870443,0.7155667026971995
CD015470_pub2,5,Clavien-Dindo 1-2,7,280.0,14.0,0.6914200003892917,0.29368805610021714,0.8350039983069915
CD015470_pub2,6,Clavien-Dindo 3b-4&nbsp;,7,280.0,1.0,0.0,1.0,1.0
CD015470_pub2,7,Clavien-Dindo 3b-4,7,280.0,1.0,0.0,1.0,1.0
CD015476_pub2,1,Adenoma detection rate,15,5304.0,2603.0,1.2959771263520627,0.04534697559150385,0.6887377856808913
CD015476_pub2,1,Adenoma detection rate between LASEREO and ELUXEO,9,2627.0,1298.0,0.9856760504442135,0.5378822857338358,0.014803814095214363
CD015476_pub2,1,Polyp detection rate,12,4491.0,2766.0,0.9964373022324081,0.6247189062196932,0.008676266482683825
CD015476_pub2,2,Adenoma detection rate between pre-2020 and post-2020,15,5304.0,2603.0,1.308432923250943,0.04067551961414322,0.7238958460250584
CD015476_pub2,2,Sessile serrated lesion detection rate,7,3295.0,219.0,0.9410222002748411,0.08903344760122121,0.038436133962676755
CD015476_pub2,3,Adenoma detection rate between lesions <10 mm and ≥10 mm,6,1762.0,485.0,0.691310255311446,2.6703550570924213,0.7334037448055302
CD015476_pub2,4,Adenoma detection rate between Western countries and Asia,13,5105.0,2480.0,1.3871022898665917,0.021491594851452914,0.8975765738672304
CD015476_pub2,5,Adenoma detection rate between experienced colonoscopists and trainees,7,2000.0,914.0,0.9381133638940305,0.7012776538736409,0.19263890778642134
CD015476_pub2,6,Adenoma detection rate excluding studies with a high overall risk of bias,12,4473.0,2145.0,1.3506572439487692,0.029987879356815246,0.7394711563748317
CD015476_pub2,7,Polyp detection rate excluding studies with a high overall risk of bias,9,3660.0,2222.0,1.007432307082303,0.5695469450561922,0.03454013076830853
CD015476_pub2,10,Adenoma detection rate excluding studies that included patients with Lynch syndrome,14,5144.0,2545.0,1.2994083712436184,0.04383179887801993,0.6997344487787982
CD015476_pub2,11,Polyp detection rate excluding studies that included patients with Lynch syndrome,11,4331.0,2695.0,0.9995267234718135,0.6136298900807006,0.00013920037708814448
CD015476_pub2,12,Serrated adenoma detection rate excluding studies that included patients with Lynch syndrome,6,3135.0,208.0,0.9365553103253861,0.09465646835626551,0.05018015891638261
CD015494_pub2,4,Serious adverse events (SAEs),3,183.0,54.0,2.154511860683243,0.0007878922243615971,0.9112576098401722
CD015494_pub2,4,Serious adverse events (SAEs) (Sensitivity analysis using Fixed-effect model),3,183.0,54.0,2.154511860683243,0.0007878922243615971,0.9112576098401722
CD015514_pub2,7,Adverse events - outer retinal folds,3,187.0,21.0,0.3846446434423253,2.8519437804398886,0.9960049625448668
CD015524_pub2,1,Analysis 1.1. Outcome 1: Proportion of participants with serious adverse events,4,144.0,3.0,-2.55351295663786e-13,3.000000000003684,1.0
CD015524_pub2,2,Analysis 1.2. Outcome 1: Proportion of participants with serious adverse events: sensitivity analysis ‘best-worst’ case scenario,4,144.0,3.0,-2.55351295663786e-13,3.000000000003684,1.0
CD015524_pub2,3,Analysis 1.3. Outcome 1: Proportion of participants with serious adverse events: sensitivity analysis ‘worst-best’ case scenario,4,144.0,6.0,1.9913440500935877,0.00033074374434363544,0.7362213488288334
CD015524_pub2,8,Analysis 1.8. Outcome 5: Proportion of participants with non-serious adverse events,5,147.0,47.0,1.1758856926241388,0.15392677784969047,0.17564843942030184
CD015524_pub2,9,Analysis 1.9. Outcome 5: Proportion of participants with non-serious adverse events: sensitivity analysis on trials at ‘low’ risk of bias,3,102.0,45.0,1.6978936021735087,0.01765671932848344,0.9971765947133266
CD015524_pub2,10,Analysis 1.10. Outcome 5: Proportion of participants with non-serious adverse events: sensitivity analysis fixed-effect model,5,147.0,47.0,1.1758856926241388,0.15392677784969047,0.17564843942030184
CD015524_pub2,11,Analysis 1.11. Outcome 5: Proportion of participants with non-serious adverse events: sensitivity analysis ‘best-worst’ case scenario,5,147.0,47.0,1.1502790782837862,0.17585909701643335,0.11475948595018426
CD015524_pub2,12,Analysis 1.12. Outcome 5: Proportion of participants with non-serious adverse events: sensitivity analysis ‘worst-best’ case scenario,5,147.0,50.0,1.2127487805171404,0.13581036327102822,0.2429088489407153
CD015524_pub2,13,Analysis 1.13. Outcome 6: Proportion of participants without improvement of steatosis,3,102.0,82.0,0.9774699661052166,0.8883462210212177,0.6193303794151747
CD015524_pub2,14,Analysis 1.14. Outcome 6: Proportion of participants without improvement of steatosis: sensitivity analysis fixed-effect model,3,102.0,82.0,0.9774699661052166,0.8883462210212177,0.6193303794151747
CD015524_pub2,15,Analysis 1.15. Outcome 7: Proportion of participants without improvement of lobular inflammation,3,102.0,75.0,1.1220934156843732,0.4205910709209269,0.9606955840489734
CD015524_pub2,16,Analysis 1.16. Outcome 7: Proportion of participants without improvement of lobular inflammation: sensitivity analysis fixed-effect model,3,102.0,75.0,1.1220934156843732,0.4205910709209269,0.9606955840489734
CD015524_pub2,17,Analysis 1.17. Outcome 8: Proportion of participants without improvement of hepatocyte ballooning,3,102.0,73.0,1.2633176651344078,0.21408165693049025,0.9721520995377136
CD015524_pub2,18,Analysis 1.18. Outcome 8: Proportion of participants without improvement of hepatocyte ballooning: sensitivity analysis fixed-effect model,3,102.0,73.0,1.2633176651344078,0.21408165693049025,0.9721520995377136
CD015524_pub2,19,Analysis 1.19. Outcome 9: Proportion of participants without improvement of NAS,3,102.0,61.0,1.332102082235587,0.12930980056542432,0.9969452779958478
CD015524_pub2,20,Analysis 1.20. Outcome 9: Proportion of participants without improvement of NAS: sensitivity analysis fixed-effect model,3,102.0,61.0,1.332102082235587,0.12930980056542432,0.9969452779958478
CD015524_pub2,21,Analysis 1.21. Outcome 10: Proportion of participants without improvement of fibrosis,3,102.0,81.0,1.0269819142562988,0.6926482429278749,0.24760876265288345
CD015524_pub2,22,Analysis 1.22. Outcome 10: Proportion of participants without improvement of fibrosis: sensitivity analysis fixed-effect model,3,102.0,81.0,1.0372601043226939,0.6771519616918259,0.3319273344037633
CD015532,1,In-hospital mortality,6,240.0,70.0,1.3643873100320327,0.03855108942266926,0.9865001467457677
CD015532,1,Overall mortality,5,322.0,97.0,1.1118578011386242,0.1602015524067765,0.6336882910062822
CD015532,1,Overall mortality and in-hospital mortality,11,529.0,145.0,1.2256629949862585,0.06834031689366876,0.8754584959457103
CD015532,2,28-day (± 2) mortality,11,640.0,244.0,0.7385472289421049,2.1412170227211713,0.8181225469224139
CD015532,3,60-day (± 3) mortality,4,309.0,152.0,0.8517785849434184,1.3801929268745916,0.3659561730122367
CD015532,3,60-day mortality,3,120.0,96.0,1.095033669394194,0.5333872015746772,0.6608966147946529
CD015532,3,Adverse events,3,171.0,129.0,1.0218038671769671,0.679734439977116,0.20451802941949282
CD015532,4,90-day (± 1) mortality,6,562.0,258.0,0.8976671089759803,0.796796924018263,0.19795470561345818
CD015532,4,Ventilator-associated pneumonia,3,171.0,7.0,0.9843557467820653,0.04410711119281083,0.19639337699273818
CD015532,5,Postoperative bleeding,3,172.0,28.0,1.0540910393484053,0.12600568469881868,0.1659565444565857
CD015532,6,Airway obstruction,3,171.0,24.0,1.104170299937946,0.08515330554460766,0.22140502139545737
CD015532,7,Liberation from invasive mechanical ventilation,5,155.0,102.0,0.9389692423300681,0.9145413780939607,0.9014453621794623
CD015532,7,Liberation from mechanical ventilation,4,136.0,91.0,0.9434610172940325,0.8993605522474093,0.9172703004519811
CD015532,9,Ventilator-associated pneumonia,3,467.0,170.0,1.0697159182676483,0.2374180242421035,0.9442166537791039
CD015532,10,Ventilator-associated pneumonia,5,589.0,172.0,0.9844926335912041,0.295473620034375,0.0026778319725865307
CD015532,12,Postoperative bleeding,6,526.0,92.0,1.0336570111661565,0.13414074532901465,0.48209793229267617
CD015532,15,Need for ECMO ,3,139.0,4.0,0.3800915524845817,0.5441727313494902,0.9483246684392583
CD015536_pub2,1,Proportion of people with serious adverse events (risk of bias),15,1013.0,39.0,0.7406893659094804,0.1483853348812583,0.1808329071265422
CD015536_pub2,2,All-cause mortality (conducting the analyses according to the 'worst-best' case scenario),10,854.0,1.0,0.0,1.0,1.0
CD015536_pub2,2,Proportion of people with serious adverse events,15,1013.0,39.0,0.7514446488191232,0.14396128717067092,0.17679985618704797
CD015536_pub2,2,Proportion of people with serious adverse events (age of participants),14,973.0,39.0,0.7381959172019872,0.15452220513999165,0.19006500976633545
CD015536_pub2,3,Proportion of people with serious adverse events (history of treatment with other antivirals),7,500.0,14.0,2.118435069582538,3.000248520088357e-05,0.7121230540641785
CD015536_pub2,4,Proportion of people with non-serious adverse events,10,853.0,476.0,1.2119639405205873,0.13978205851500825,0.7066523614507358
CD015536_pub2,4,Proportion of people with serious adverse events (co-interventions),15,1013.0,39.0,0.749689452113014,0.1417738392534201,0.1697386960381717
CD015536_pub2,6,Proportion of people with detectable HBsAg,8,823.0,609.0,0.9576467773127726,1.1928724457749766,0.23675427602629717
CD015536_pub2,6,Proportion of people with serious adverse events (restricting the analysis to trials with no mixed populations),15,1013.0,39.0,0.7514446488191232,0.14396128717067092,0.17679985618704797
CD015536_pub2,7,Proportion of people with detectable HBV-DNA,15,1069.0,533.0,0.7971330545575049,2.3532849469106876,0.7621285852307487
CD015536_pub2,7,Proportion of people with serious adverse events (conducting the analyses with fixed-effect model),15,1013.0,39.0,0.7514446488191232,0.14396128717067092,0.17679985618704797
CD015536_pub2,8,Proportion of people with detectable HBeAg,7,384.0,289.0,0.90922833498369,1.251440315088143,0.8352596370526593
CD015536_pub2,8,Proportion of people with serious adverse events (restricting the analysis to trial with no missing data (if the missing data were thought to introduce serious bias)),14,990.0,39.0,0.7282422391482108,0.16191095251572926,0.20352140118601036
CD015536_pub2,9,Proportion of people with serious adverse events (conducting the analyses according to the 'best-worst' case scenario),15,1034.0,39.0,0.750279368415793,0.14436191777271085,0.18204671345354062
CD015536_pub2,9,Proportion of people without HBeAg seroconversion,9,549.0,442.0,0.9165008711840366,1.3347183851253686,0.8055096002718521
CD015536_pub2,10,Proportion of people with serious adverse events (conducting the analyses according to the 'worst-best' case scenario),15,1034.0,60.0,0.8649221604077488,0.0804309409673994,0.039846578110266706
CD015536_pub2,10,Proportion of people without normalisation of transaminases,10,604.0,271.0,1.0901797724726814,0.2716553204754792,0.24988356725254546
CD015551_pub2,3,Any-grade adverse events (up to 30 days after final dose),3,1496.0,1226.0,1.0475102293132403,0.5791143471939887,0.9999984550709988
CD015551_pub2,4,Serious adverse events (up to 30 days after final dose),3,1496.0,321.0,1.1773713588051526,0.0599827710965397,0.9954356204249359
CD015551_pub2,5,Localised events at the injection site (up to 30 days after final dose),3,1491.0,563.0,0.9920072538104596,0.3800366871197047,0.07410468572099682
CD015551_pub2,6,Systemic events (up to 30 days after final dose),3,1491.0,171.0,1.139624697046885,0.029686352679796954,0.3754395384608895
CD015573,2,Complications of treatment,4,142.0,3.0,1.8986641713806158,0.00019441388810248722,0.3220917083608832
CD015584_pub2,1,Need for adjunctive placement measures: ultrasound guidance,3,121.0,2.0,0.9168678684226802,0.02728690274733634,0.05623778533346524
CD015584_pub2,1,Pain: during intrauterine device placement (dichotomous; % moderate/severe pain),3,329.0,161.0,0.8727340015592213,0.9583940584315507,0.6031080297609499
CD015584_pub2,1,Placement success (restricted to studies with low overall risk of bias),12,638.0,621.0,0.9872921779165076,1.0495409561736413,0.9022539707898425
CD015584_pub2,2,Need for adjunctive placement measures: local anesthesia,5,181.0,18.0,1.6107935112391465,0.0061148306465112585,0.18467677595298082
CD015584_pub2,2,Providers' ease of placement (dichotomous; % easy placement),3,168.0,132.0,1.0385062712796405,0.666287560342198,0.20603236299438887
CD015584_pub2,4,Misoprostol side effects occurring before clinic discharge: nausea,8,399.0,54.0,0.5944995395570409,1.4126342606196332,0.9152321444251225
CD015584_pub2,5,Misoprostol side effects occurring before clinic discharge: vomiting,6,257.0,11.0,0.9693014421431326,0.05031232011599235,0.025143220417349843
CD015584_pub2,5,Need for adjunctive placement measures: cervical dilation,7,331.0,31.0,3.9972994935864468,2.2128356243246433e-09,0.8481609623357975
CD015584_pub2,6,Placement success,13,838.0,793.0,0.9803287438855149,1.0851323564535338,0.8349396953056392
CD015584_pub2,8,Misoprostol side effects occurring before clinic discharge: preplacement abdominal pain or cramping,7,388.0,151.0,1.8593778424823213,0.0032448031236601707,0.7985658913748808
CD015584_pub2,9,Misoprostol side effects occurring before clinic discharge: diarrhea,9,469.0,33.0,0.4282362327700039,2.2845301824733957,0.9784133404551548
CD015584_pub2,10,Adverse events occurring before clinic discharge: vasovagal reaction,6,388.0,9.0,0.9219832032426507,0.045835180226333525,0.02039011816260905
CD015588_pub2,1,All-cause death,30,25377.0,1497.0,1.196610461436037,0.008224700046537066,0.8260628121912686
CD015588_pub2,3,Cardiovascular death,20,24337.0,1015.0,0.9761854549937883,0.04948928206998901,0.021868177935998157
CD015588_pub2,7,Nonfatal myocardial infarction,3,5695.0,315.0,0.42736572889379176,7.813792884044574,0.9898161596611064
CD015588_pub2,10,Fatal or nonfatal myocardial infarction,3,9134.0,505.0,0.8872311022915589,0.14197288278758868,0.41248252250375406
CD015588_pub2,16,Fatal or nonfatal stroke,3,9134.0,312.0,0.9047137925883839,0.07959997998584907,0.8737051859875911
CD015588_pub2,18,Kidney failure,6,5667.0,377.0,1.6900022101045207,0.00018558068596706532,0.9692727401313588
CD015588_pub2,20,3P-MACE,10,21377.0,2064.0,0.8746286655579301,0.326338942449046,0.8130246142319726
CD015588_pub2,22,4P-MACE,4,13147.0,1647.0,1.0055515422605827,0.11492714847968531,0.004328798612064366
CD015588_pub2,26,Hospital admission for heart failure,9,16422.0,556.0,0.9223254150517001,0.06634723683265217,0.4110894286911321
CD015588_pub2,33,Kidney composite outcome,8,19504.0,571.0,0.5682099721071368,1.7770652201704067,0.8589129672950903
CD015588_pub2,42,Hypoglycaemia,18,16162.0,2954.0,0.7388365839748106,1.984350407114887,0.7763296755004956
CD015588_pub2,44,Hypoglycaemia requiring third-party assistance,17,15222.0,364.0,1.1363480570862943,0.00527073142232589,0.27773227858517624
CD015588_pub2,47,Withdrawn due to adverse events,17,10320.0,922.0,0.5773649058554544,4.155382865679434,0.9598770960631027
CD015588_pub2,49,Amputation,8,15079.0,253.0,0.66469891395049,0.3907280223285469,0.7950421306684944
CD015588_pub2,51,Fracture,16,21798.0,779.0,0.934209144153299,0.06865800379981357,0.43528937828329606
CD015588_pub2,53,Genital infection,16,16269.0,607.0,0.8127722810125743,0.19167970758046954,0.6831874170610159
CD015588_pub2,55,Diabetic ketoacidosis,14,21066.0,82.0,1.062687252434219,0.001994982184329998,0.058394031822989856
CD015592_pub3,1,Successful lumbar puncture procedure at the first attempt,3,707.0,343.0,0.8711645227019744,1.0950151231496064,0.9585915687179775
CD015610_pub2,2,Weight loss (categorical),16,936.0,380.0,0.8297499678535446,1.3560047218192885,0.7474099693103047
CD015610_pub2,3,Adverse events,16,732.0,237.0,0.806170459063621,0.8266810120552092,0.30741843675321867
CD015610_pub2,4,Adverse events,14,614.0,210.0,0.6876887331529147,1.6923393870449008,0.5181032524336465
CD015673_pub2,1,Number of participants with continuous abstinence,7,855.0,337.0,1.1087382194055209,0.21971614609242818,0.41810091866778465
CD015673_pub2,2,Number of heavy-drinking participants,9,1345.0,898.0,1.1253901928431709,0.2773553215810438,0.7654713025122551
CD015673_pub2,5,Dropouts,3,673.0,192.0,0.5118190380807952,6.705915634662208,0.9965915045286861
CD015673_pub2,6,Adverse events,4,262.0,198.0,1.189178673527664,0.28209984961582174,0.955067789259055
CD015673_pub2,7,Serious adverse events,4,271.0,1.0,0.0,1.0,1.0
CD015673_pub2,8,Dropouts,15,1745.0,366.0,0.9079969628732291,0.31505072517239163,0.14364249147928465
CD015673_pub2,9,Dropouts due to adverse events,8,868.0,35.0,0.9652753482022544,0.04978654810335814,0.02114232953763706
CD015698_pub2,5,Anastomotic leakage (Subgroup analysis: IPC Types),4,192.0,7.0,1.9705801657818134,0.0001829122316483946,0.5717172738593652
CD015721_pub2,1,Functional independence: mRS score < 3 within 90 days,6,1170.0,636.0,1.3221492026473967,0.05594111181269881,0.9437766638236733
CD015721_pub2,2,Excellent functional outcome: mRS score < 2 within 90 days,6,1170.0,406.0,1.4049599672613868,0.018298115296103194,0.5249234964140026
CD015721_pub2,3,Mortality within 90 days,6,1170.0,175.0,0.8338491082303618,0.5029966117125846,0.8779911333969042
CD015721_pub2,4,Asymptomatic intracranial haemorrhage within 90 days,6,1168.0,349.0,0.8447121209933836,0.8732182722438969,0.8880145884189135
CD015721_pub2,5,Symptomatic intracranial haemorrhage within 90 days,6,1170.0,66.0,0.997912494871308,0.062529258160985,0.00011851588290623383
CD015721_pub2,6,Successful revascularisation: TICI grades 2b to 3,6,1168.0,990.0,1.0338160740029707,0.649181229061753,0.2579860655291507
CD015721_pub2,7,Complete revascularisation: TICI grade 3,5,1022.0,397.0,1.1719441909868034,0.12322931545847592,0.8323402265989792
CD015723_pub2,1,Corneal re-epithelialization at 1 to 3 months post-intervention&nbsp;,6,228.0,146.0,1.1961675272494892,0.22690637289500673,0.9314270893147854
CD015723_pub2,5,Proportion of participants with adverse events at 4 to 8 weeks,3,149.0,44.0,0.7520343920248773,0.9647788792653467,0.6419294674042832
CD015723_pub2,6,Proportion of participants with serious adverse events at 4 to 8 weeks,4,159.0,16.0,2.2520238495953624,0.00019333129456867965,0.9476774080545121
CD015746_pub2,1,Acute typhoid fever,7,51062.0,87.0,1.0460434875139852,0.0010917845778228145,0.004785939733380928
CD015746_pub2,1,Acute typhoid fever sensitivity analysis for risk of bias and heterogeneity,5,50980.0,61.0,1.1759431425766667,0.00017279533734650506,0.7735731139994407
CD015746_pub2,1,Adverse events sensitivity analysis for trial phase,3,872.0,160.0,1.0669583875474742,0.11068319712718491,0.13189649490819444
CD015746_pub2,2,Acute typhoid fever from 12 to 24 months post vaccination,3,36150.0,37.0,1.1199583608901071,0.00031107446136225384,0.49975012369836225
CD015746_pub2,2,Adverse events,7,1019.0,222.0,0.8025081215885262,0.9134838694759476,0.523407136210361
CD015746_pub2,2,Adverse events sensitivity analysis for heterogeneity,3,586.0,120.0,0.8745244441014113,0.4166763503126049,0.8508325143826282
CD015746_pub2,2,All-cause mortality,4,50219.0,31.0,0.49691036973523706,0.14714813809126714,0.9195178590794493
CD015746_pub2,2,All-cause mortality sensitivity analysis for heterogeneity,3,30065.0,15.0,0.14606090138868866,3.444840772279687,0.9948377166778546
CD015746_pub2,3,Adverse events,3,15047.0,234.0,0.11134406562998045,86.73076197625842,0.9890808123145027
CD015746_pub2,3,Serious adverse events,5,1253.0,6.0,1.4920540607671666,0.00014855811236678086,0.8426367873742913
CD015746_pub2,4,Serious adverse events,6,45133.0,323.0,0.7965510775286886,0.07238733350422888,0.8717528448500937
CD015746_pub2,4,Serious adverse events sensitivity analysis for risk of bias and trial phase,5,45092.0,322.0,0.7018819953859585,0.16191189364444136,0.8692469860207023
CD015749_pub2,2,Occurrence of adverse events,6,202.0,40.0,2.1608896432002287,0.0003743820535102049,0.8818923582369813
CD015751_pub2,2,Participant discontinuation,3,136.0,7.0,0.32574797833693725,1.3647958262730442,0.9914126110314077
CD015779,1,Recurrence of rheumatic fever,6,918.0,16.0,0.461725893749397,0.3601171338235899,0.6314188425864529
CD015786_pub2,3,Early adverse effects,8,2890.0,71.0,1.05667905734097,0.016747986410525825,0.05082694647299313
CD015786_pub2,4,Late adverse effects,4,1671.0,8.0,0.3639061977230066,0.5265369504857393,0.99461176228551
CD015786_pub2,5,Early adverse effects,10,330.0,2.0,0.5458711886999882,0.08072592464302834,0.5539971679281321
CD015788_pub2,3,Proportion of participants who were adherent,8,1071.0,492.0,0.963672064741395,0.6425260319328814,0.03325258222316885
CD015804_pub2,2,Proportion of participants who lost fewer than 15 letters in BCVA from baseline at 24 to 48 weeks,7,1356.0,1310.0,1.0143777163201944,0.8772124189278339,0.6676348995308043
CD015804_pub2,3,Proportion of participants who experienced at least one serious ocular adverse event (AE) during the study period,7,1672.0,24.0,1.4080419038493286,0.0008740963929919599,0.6750212880498123
CD015804_pub2,7,Proportion of participants who experienced at least one serious non-ocular AE during the study period,7,1672.0,123.0,1.4988175853699375,0.0022681168003531316,0.7524628206740549
CD015804_pub2,8,Proportion of participants who experienced TEAEs during the study period,8,1642.0,861.0,1.2939144395669366,0.06474352185417914,0.767302638797563
CD015804_pub2,9,Proportion of participants who experienced TEAEs leading to investigational product discontinuation or death,8,1774.0,41.0,0.8776855919152757,0.057966995765698505,0.5197513934870406
CD015804_pub2,10,The cumulative incidence of antidrug antibodies (ADAs) during the study period,8,1564.0,68.0,1.0575545363032064,0.024197710589296515,0.04615680462092908
CD015820_pub2,6,Adverse events,4,135.0,25.0,2.5545551524771195,0.00012408307632893318,0.8438459843339381
CD015824_pub2,1,Clinical worsening,12,1960.0,452.0,1.7016792723394452,0.0012514135788233849,0.9574223249614557
CD015824_pub2,2,Mortality,11,1255.0,65.0,1.1855548538762564,0.014465688211228187,0.08734254936050545
CD015824_pub2,3,Hospitalisation,6,954.0,43.0,0.9847444139513988,0.04000030822773236,0.00200190558665414
CD015824_pub2,6,Worsening in World Health Organization functional class,3,214.0,22.0,0.47585481486003267,1.6727755699063978,0.9937485849096533
CD015824_pub2,6,Worsening in World Health Organization functional class ,9,1013.0,80.0,0.733982690192635,0.4590194250207241,0.7969133180383732
CD015824_pub2,8,Serious adverse events,8,1008.0,378.0,0.9472921125802733,0.5826213968349384,0.14580316082884204
CD015824_pub2,9,Withdrawal from the trial,10,1298.0,286.0,1.287532415615803,0.03137655789505229,0.9548057298505896
CD015839_pub2,2,Any adverse events,5,247.0,20.0,1.483097519028267,0.006573686771627326,0.7794470315583628
CD015839_pub2,2,Presence of AOM (mid term),4,333.0,47.0,0.34424133137415847,5.882616532697206,0.9561568724302998
CD015839_pub2,4,Presence of OME (short term),4,236.0,38.0,1.667703583574382,0.003284386305258818,0.5232135438207373
CD015839_pub2,5,Presence of OME (long term),4,124.0,24.0,1.4972155293547944,0.01566288318179011,0.6957461426230065
CD015839_pub2,5,Presence of OME (short term),3,220.0,71.0,2.298898969816668,0.00029080489117938287,0.9998794985168887
CD015839_pub2,6,Presence of OME (long term),3,100.0,44.0,2.0147849977603034,0.004140495543008509,0.9993771717727262
CD015839_pub2,6,Presence of OME (short term),3,146.0,30.0,2.7910091129979886,2.6543952854060113e-05,0.9861628927013595
CD015849_pub2,1,All-cause death,40,20010.0,1327.0,1.324341969176657,0.003024226859162961,0.7296373663882458
CD015849_pub2,2,Cardiovascular death,14,9407.0,418.0,1.5127285081442046,0.0004218540346871102,0.9895664404453058
CD015849_pub2,3,Cardiovascular death,22,10483.0,430.0,1.543172732981209,0.0002873513573570985,0.9873777914826013
CD015849_pub2,5,3-point MACE,8,12591.0,1350.0,1.0491296934658456,0.0724270057214944,0.24233945011010538
CD015849_pub2,9,Kidney failure,3,2070.0,94.0,1.0383878020549084,0.02962210711474795,0.01601712315668946
CD015849_pub2,11,Composite kidney outcome,3,8442.0,392.0,0.9976477987876964,0.05377930965748503,3.415604098688796e-05
CD015849_pub2,12,Withdrawal due to adverse events,6,569.0,68.0,0.9337055755142274,0.1975307666141975,0.2637249438596857
CD015849_pub2,13,Severe hypoglycaemia,4,3186.0,96.0,1.5357552053763055,0.0005911005046356925,0.8178909792859551
CD015849_pub2,14,Withdrawal due to adverse events,6,569.0,68.0,0.9337055755142274,0.1975307666141975,0.2637249438596857
CD015849_pub2,19,Fatal or nonfatal myocardial infarction,3,8442.0,560.0,1.5348033165600654,0.0005388218013691799,0.9179581642562019
CD015849_pub2,23,Fatal or nonfatal stroke,4,8605.0,225.0,1.552653035584029,0.0001790720908164639,0.9377822175543592
CD015849_pub2,28,Hospitalisation due to heart failure,4,8605.0,296.0,0.6285149950276467,1.029446081450177,0.8726326986402378
CD015849_pub2,39,Withdrawal due to adverse events,8,3451.0,373.0,0.9600307537778733,0.13895747095931607,0.05214390578565409
CD015849_pub2,41,Hypoglycaemia,3,333.0,39.0,0.34506184769018466,5.2724962959694395,0.9998864881285991
CD015849_pub2,43,Acute kidney injury,3,359.0,2.0,0.0,1.9999999999999991,1.0
CD015854,1,Improvement of muscle strength (assessed with the achievement of > 15% improvement in muscle strength (MMT-8)),3,14.0,5.0,0.9123232170109482,0.44961257464452076,0.995078740876108
CD015854,2,Serious adverse event,4,51.0,5.0,0.41745082162543323,0.988490356100559,0.9805001704242055
CD015854,3,Withdrawals for either lack of benefit or adverse events,4,51.0,10.0,1.7227143627492458,0.009715313382920221,0.847998179269892
CD015854,4,Achievement of definitions of improvement (assessed with IMACS DOI) ,3,95.0,53.0,1.0419888073493084,0.4663819484617492,0.6605220652281052
CD015854,6,Serious adverse event,8,114.0,6.0,1.2825485689352625,0.013797883031229126,0.3823010116476607
CD015854,7,Withdrawals for either lack of benefit or adverse events,6,106.0,7.0,1.1014945020916966,0.04867683726507314,0.03216124429517808
CD015855,4,Achievement of definitions of improvement,7,290.0,212.0,1.0061999126618457,0.7016964226364375,0.3336138300173075
CD015855,4,Withdrawals for either lack of benefit or adverse events ,3,45.0,6.0,1.0000000000000038,0.1333333333333317,0.0
CD015855,5,Serious adverse event,5,165.0,17.0,0.6199584506373877,0.5621111155079793,0.7786504681903085
CD015855,6,Withdrawals for either lack of benefit or adverse events,3,75.0,19.0,1.068811620160739,0.18151415534749737,0.2548779089378631
CD015855,6,Withdrawals for either lack of benefit or adverse events ,3,73.0,16.0,1.1982136133530323,0.10331810785183584,0.7706688283877917
CD015906_pub2,1,Cardiovascular death,21,8404.0,512.0,2.0841947404227508,3.874904256062206e-06,0.9771873669753042
CD015906_pub2,2,Death (any cause),4,212.0,8.0,0.5917419326766078,0.33536901136872005,0.9528767741191011
CD015906_pub2,2,Hypoglycaemia requiring third-party assistance,4,625.0,7.0,0.47512831272611566,0.2816987147665694,0.7912602820157381
CD015906_pub2,3,Death (any cause),12,4536.0,383.0,1.2497715957302313,0.009586982715334333,0.3566257901558024
CD015906_pub2,3,Hypoglycaemia requiring third-party assistance,10,4739.0,119.0,1.8953045874287953,1.3239189815033315e-05,0.9479058543804958
CD015906_pub2,4,Death (any cause),5,453.0,6.0,0.8168610457305141,0.04164903285204301,0.12146171758364532
CD015906_pub2,5,3-point MACE&nbsp;,3,6988.0,868.0,1.2766049130349675,0.011525619863220015,0.8328374675485131
CD015906_pub2,14,Death (any cause),12,4495.0,385.0,1.2399743545003543,0.008929861707633775,0.2744806793472059
CD015906_pub2,18,Hospitalisation for heart failure,4,7170.0,418.0,1.5735264741592312,0.0004086359077944161,0.8416318123898106
CD015906_pub2,21,Acute kidney injury,3,3744.0,102.0,0.7969310845557922,0.12271027356350542,0.4586806615427874
CD015906_pub2,24,Proteinuria,3,6988.0,34.0,0.9341094370423584,0.00857196405498219,0.8328374675485114
CD015906_pub2,32,Hypoglycaemia,16,5391.0,1346.0,1.4115911051575514,0.008305493403572797,0.8439547728599264
CD015906_pub2,39,Withdrawal due to adverse events,14,4758.0,420.0,1.0778979071695263,0.04154786555095265,0.26727906613796804
CD015907_pub2,1,Cardiovascular death,13,465.0,1.0,1.674216321134736e-13,0.9999999999990123,1.0
CD015907_pub2,2,Death (any cause),7,297.0,1.0,0.0,1.0,1.0
CD015907_pub2,3,Death (any cause),10,528.0,23.0,1.2821083648947431,0.009614041129616634,0.5498596082101637
CD015907_pub2,10,Withdrawal due to adverse events,4,258.0,14.0,1.3818597277709403,0.006818610723622197,0.9876198603580111
CD015907_pub2,17,Withdrawal due to adverse events,7,164.0,2.0,0.42968009641434757,0.18697746633896448,0.6343398207288763
CD015932_pub2,1,All-cause mortality,14,1017.0,158.0,1.051198371435682,0.11941706467931384,0.056021155862221006
CD015932_pub2,2,All-cause mortality (with RCT),13,971.0,158.0,1.0620634773138151,0.11291257923687406,0.07236731598692003
CD015932_pub2,3,Rate of pulmonary complications (pneumonia),4,5506.0,2541.0,0.8513164471651887,1.6710531105889055,0.9900551371908028
CD015932_pub2,12,Rate of pulmonary complications – pneumonia,9,13672.0,4597.0,0.9409621257538905,0.7033293628635321,0.30548772392295964
CD015932_pub2,13,Rate of pulmonary complications – pneumonia (with RCT),10,13701.0,4625.0,0.9438398993703796,0.6897949809858112,0.2893543997736956
CD015932_pub2,15,Rate of pulmonary complications – ventilator-associated pneumonia,4,615.0,108.0,1.3111887289774522,0.026792998353927913,0.7580979861620256
CD016001,1,Death,26,509.0,3.0,2.105624458287317,6.6460556084884285e-06,0.5644412484188377
CD016002,1,Death,34,977.0,8.0,1.0973666263185395,0.0035845629664971145,0.02401567707093466
CD016002,3,Secondary events,12,515.0,11.0,0.4157193725891174,0.8454252741199909,0.8550159179112884
CD016002,4,Falls,5,131.0,21.0,1.5163259992491391,0.015481640237440286,0.7405617282329877
CD016017,4,Weight: people achieving a 5% weight reduction - medium term,82,19814.0,12787.0,1.0043951515879148,0.6249760392400053,0.014362015374350445
CD016017,5,Weight: people achieving a 10% weight reduction - medium term,82,19814.0,6928.0,1.0045822912959292,0.33413202057360414,0.00866009825048153
CD016017,6,Adverse events: any adverse events - medium term,72,24072.0,21669.0,1.0045972997278463,0.870003045866495,0.48439178495355173
CD016017,7,Adverse events: non-serious adverse events - medium term,82,21703.0,18903.0,0.9849719192024842,1.0365624636671222,0.285076870459404
CD016017,8,Adverse events: serious adverse events - medium term,96,24938.0,1473.0,1.2932508370819773,0.003232664182965391,0.8475485495014302
CD016017,9,Adverse events: adverse events leading to withdrawal - medium term,86,25658.0,2220.0,1.116840657270185,0.02827371200926751,0.9029823841807175
CD016017,10,Major adverse cardiovascular events (MACE) - medium term,25,18100.0,205.0,0.6595824379921582,0.30340578973430454,0.9441408995700497
CD016017,16,Mortality - medium term,84,24425.0,10.0,2.1065776009453643,4.651485976262109e-09,0.6753121256629669
CD016017,18,Heart failure as an adverse event (dichotomous) - medium term,7,3888.0,54.0,0.8664376826886392,0.040693948283225125,0.1773421572894993
CD016017,19,Heart failure: hospitalizations (dichotomous) - medium term,5,3613.0,2.0,0.4883838276826076,0.03726907151237857,0.9978729392849042
CD016017,24,Diabetes-related outcomes: people achieving target HbA1c levels &lt; 7.0% - medium term,4,825.0,548.0,0.7237082272567915,4.129321443220562,0.8550069639338128
CD016017,26,Blood pressure-related outcomes: need for antihypertensives - medium term,3,3260.0,146.0,1.5567188335311042,0.0007316336701825498,0.5650709954777866
CD016017,39,Obstructive sleep apnea: reported as an adverse event - medium term,6,3833.0,14.0,1.583032580494109,2.8192070466206167e-05,0.9039186032810979
CD016017,48,Lipid metabolism-related outcomes: need for lipid-lowering treatment - medium term,3,3260.0,85.0,1.1088742264586275,0.013246564983518555,0.15374290377366984
CD016018,4,Weight: People achieving a 5% weight reduction - medium term,7,3829.0,3417.0,0.9811216470357793,1.05538859241971,0.5925171153233171
CD016018,5,Weight: People achieving a 10% weight reduction - medium term,7,3833.0,2905.0,0.9526032052773385,1.1453624232065196,0.7606817844661289
CD016018,6,Adverse events: Non-serious adverse events - medium term,8,4244.0,2484.0,0.8978460716563739,1.3909794973896648,0.9727148596116668
CD016018,7,Adverse events: Serious adverse events - medium term,12,5128.0,390.0,0.98160441266346,0.08641248498800937,0.02214375311565242
CD016018,8,Adverse events: Adverse events leading to withdrawal - medium term,13,5492.0,312.0,0.8514451452314304,0.21137677715394737,0.9496761396489869
CD016018,9,Major adverse cardiovascular event (MACE) - medium term,8,3665.0,20.0,1.543119031984145,6.886524905292017e-05,0.7546884391463307
CD016018,9,Major adverse cardiovascular events (MACE) - medium term,3,1099.0,10.0,0.6764240860604775,0.09128284436183275,0.8011482777277159
CD016018,12,Mortality - medium term,3,1099.0,3.0,0.7689532719984729,0.01440484633289264,0.6138297103632688
CD016018,14,Mortality - medium term,8,3665.0,11.0,0.8143499572412811,0.014415708864565797,0.6373884614781822
CD016018,16,Heart failure (dichotomous) - medium term,5,3505.0,32.0,11.946267967661052,2.1176225647692956e-41,0.8791517193770934
CD016031,8,"Comparison 3: Lateral vs posterior, Outcome 8: Mortality, early (≤ 4 months, categorical data)",4,742.0,79.0,0.9292186387906103,0.1544499180411722,0.0760195087040958
CD016031,9,"Comparison 1: Anterior vs posterior, Outcome 9: Mortality, early (≤ 4 months, categorical data)",3,108.0,8.0,1.3216885441143003,0.016302166787111768,0.997643780639347
CD016031,9,"Comparison 3: Lateral vs posterior, Outcome 9: Mortality, intermediate (4-24 months, categorical data)",4,645.0,105.0,0.8319374818050987,0.48672835381131935,0.9656409806505954
CD016031,10,"Comparison 1: Anterior vs posterior, Outcome 10: Mortality, intermediate (4-24 months, categorical data)",4,128.0,18.0,0.6031680675563049,1.0102153548994983,0.9624112442824135
CD016031,13,"Comparison 2: Anterior vs lateral, Outcome 13: Adverse events, implant related (categorical data)",13,664.0,31.0,1.6293580056812762,0.0010817488673001197,0.20354559476566014
CD016031,13,"Comparison 3: Lateral vs posterior, Outcome 13: Re-operation rate, early (≤ 4 months, categorical data)",3,176.0,6.0,0.5555054822889962,0.35042834852461646,0.989017920116954
CD016031,14,"Comparison 2 Anterior vs lateral, Outcome 14: Adverse events, not implant related (categorical data)",6,162.0,4.0,0.7609365048054847,0.10069734943863241,0.5890268511741579
CD016031,14,"Comparison 3: Lateral vs posterior, Outcome 14: Re-operation rate, intermediate (4-24 months, categorical data)",4,648.0,31.0,0.8334555508326298,0.10722069130736675,0.2747851383105757
CD016031,15,"Comparison 3: Lateral vs posterior, Outcome 15: Adverse events, implant related (categorical data)",28,2462.0,38.0,0.761371012322909,0.13106685327200407,0.3640058335981735
CD016031,16,"Comparison 3: Lateral vs posterior, Outcome 16: Adverse events, not implant related (categorical data)",14,1880.0,191.0,0.7812132672293056,0.17865173269163706,0.1755411324730607
CD016031,17,"Comparison 1: Anterior vs posterior, Outcome 17: Adverse events, implant related (categorical data)",21,612.0,6.0,0.9963664903055897,0.012622068623699101,5.2386327915265873e-05
CD016031,18,"Comparison 1: Anterior vs posterior, Outcome 18: Adverse events, not implant related (categorical data)",8,212.0,5.0,0.35334606442173755,0.8168522750759415,0.9190101784481342
CD016031,18,"Comparison 3: Lateral vs posterior, Outcome 18: Operative details (Categorical data)",5,484.0,46.0,0.7700163332239323,0.4150006486499392,0.7232876175285148
CD016031,20,Comparison 3: Outcome 20: Post-operative care outcomes (Categorical data),3,507.0,237.0,0.5368450859909226,8.591261256650068,0.9819729309198509
CD016058_pub2,1,Vaping cessation at 6 months or longer,4,92.0,31.0,1.0534929856276543,0.2697865853234415,0.5884839071505907
CD016058_pub2,2,Vaping cessation at between 3 & 6 months,5,370.0,139.0,0.7938655933347266,1.049761577321054,0.7556188033664613
CD016058_pub2,3,Vaping cessation at between 3 & 6 months,6,594.0,242.0,1.0237080820127782,0.3582820357651713,0.8846654828880791
CD016058_pub2,4,Number of participants reporting AEs,6,547.0,212.0,0.8584230485001831,1.07327979241512,0.9130392367184341
CD016058_pub3,1,Participants reporting AEs,3,45.0,33.0,1.0991254470958718,0.5195732865108998,0.594754470199522
CD016058_pub3,1,Vaping cessation at 6 months or longer,8,2345.0,708.0,1.3533094947528936,0.019787051558719772,0.9649610508337615
CD016058_pub3,1,Vaping cessation at between 3 &amp; 6 months,4,42.0,12.0,0.6193968718088356,1.1585730066980544,0.9425079475862803
CD016058_pub3,2,Number of participants reporting SAEs,4,158.0,4.0,1.3438812323429588,0.0041739082021726125,0.47801915133378725
CD016058_pub3,2,Vaping cessation at between 3 &amp; 6 months,6,401.0,142.0,0.788817892738646,0.9381664044057789,0.5464615536446915
CD016058_pub3,3,Vaping cessation at between 3 &amp; 6 months,4,179.0,81.0,1.1592656380678872,0.19696102453837014,0.9424267870898926
CD016058_pub3,4,Number of participants reporting AEs,5,264.0,179.0,0.9095905845531115,0.9940448010026586,0.8640839371116006
CD016058_pub3,4,Vaping cessation at between 3 &amp; 6 months,3,357.0,158.0,0.9194387880882631,0.710562543974043,0.9994089712224067
CD016058_pub3,6,Number of participants reporting AEs,5,1271.0,120.0,0.7176345941253315,0.327881396923964,0.14800926020127037
CD016064,5,Adverse events,8,961.0,60.0,0.8712678280897549,0.14585411384166708,0.3464994838600891
CD016119,1,Requirement for blood transfusion,17,4024.0,188.0,1.0706163041602397,0.021230200259808325,0.02874062158749391
CD016119,2,Incidence of haemorrhage,9,688.0,86.0,1.014359883908512,0.11679875821893873,0.0366519031818171
CD016119,3,Size of fibroid on incidence of haemorrhage,6,148.0,19.0,1.170235281393476,0.05135541778988005,0.7401094156976181
CD016119,8,Major surgery at time of procedure,4,389.0,11.0,0.9955487938751991,0.02618917612870357,0.00011024224051892073
CD016119,9,Postpartum fever,12,954.0,102.0,1.155414154576355,0.030285554621362152,0.2906347517644152
CD016119,20,Complications (unspecified),3,589.0,15.0,0.9870850938908602,0.03031822157844607,0.02388516314071154
CD016120,1,Allogenic (donor) blood transfusion,3,1562.0,38.0,1.011406511899881,0.021117765184676954,0.005198331319658411
CD016120,2,Transfusion related adverse reactions,4,1655.0,7.0,4.300228091424524,1.0662060646467187e-13,0.6154078577634529
CD016120,12,Side effects,5,1698.0,136.0,1.0824711192906873,0.04401005709112547,0.9808739184165312
CD016131,1,All-cause medically attended acute respiratory illnesses (MAARI),5,115.0,45.0,1.1324824966463907,0.21977559279947015,0.5831061638025794
CD016131,1,Medically attended RSV-associated lower respiratory tract illness in infants,3,6880.0,97.0,0.39356925795304387,2.9931037095681465,0.9997711878863739
CD016131,1,RSV-associated lower respiratory tract illness,4,50047.0,60.0,0.4476680844723233,0.43024936710550055,0.9591350162720219
CD016131,2,Medically attended RSV-associated severe lower respiratory tract illness in infants,3,6880.0,34.0,0.2749163897492666,2.9957857074808225,0.9999957456573266
CD016131,2,RSV-associated acute respiratory illness,4,48202.0,158.0,0.5969656081922821,0.2901524709896927,0.9393506494639394
CD016131,2,RSV-associated medically attended acute respiratory illnesses (MAARI),5,136.0,15.0,1.3038230856581712,0.025719464112367942,0.258213294494677
CD016131,3,Acute otitis Media,5,145.0,8.0,1.3622525223937723,0.009626263802198753,0.5223541056917704
CD016131,5,Any solicited systemic reaction (fever),5,145.0,28.0,1.153122345823147,0.10539213538046666,0.18378480566780575
CD016131,5,Serious adverse events (SAEs) related to vaccination,4,42831.0,9.0,0.7076465601065709,0.0046824488606032255,0.9374129562306471
CD016131,6,Any unsolicited adverse events (spontaneously reported/ other adverse events),3,23073.0,4473.0,1.1329446658197322,0.05109090884977967,0.9996827085665357
CD016131,6,Serious adverse events (SAEs) related to vaccination,3,7054.0,6.0,1.375016880696868,3.0377386748161725e-05,0.8558078888242058
CD016131,7,"Any solicited adverse events (Local reactions- redness, swelling, pain/tenderness and systemic reactions - fever, fatigue, etc.)",3,18358.0,12389.0,1.2375175891899746,0.06583475055564988,0.9999295007595614
CD016147,1,Manual removal of the placenta (end of treatment),7,435.0,164.0,0.8888454352047928,0.7914183512747767,0.4943827942919614
CD016147,2,Additional uterotonics,3,279.0,25.0,2.0478431734365063,0.0003225525698947977,0.6912946977474286
CD016147,3,Blood transfusion,3,279.0,8.0,1.308938537843528,0.005541296253377618,0.6130621575449768
CD016147,11,Blood transfusion,3,137.0,22.0,0.7335358884822609,0.5656048763201963,0.9137712670215207
CD016148,1,2nd degree tears,13,4893.0,1581.0,0.6783889788510351,4.695074473154451,0.8748137592855083
CD016148,2,3rd degree tears,7,1418.0,20.0,0.7227930441568537,0.10144705230053935,0.5995570798621364
CD016148,2,3rd or 4th degree tears,6,3811.0,61.0,1.446203265038016,0.000411504840086116,0.5431233510231007
CD016148,3,3rd degree tears,3,571.0,4.0,0.5781474672252609,0.09104915935252529,0.2710472207628619
CD016148,3,4th degree tears,5,1257.0,1.0,0.0,1.0,1.0
CD016168,2,Severe maternal morbidity – ICU admission,3,1313.0,100.0,0.9204799377299808,0.09130226393452026,0.15713959071478845
CD016211,1,Maternal sepsis,4,21280.0,239.0,0.8892259795376941,0.01934228810913752,0.0876430673564591
CD016211,2,Maternal sepsis: subgroup analysis (polypharmacy vs monopharmacy),5,21280.0,242.0,0.8264910939052301,0.038297739430898974,0.19522099782474267
CD016211,3,Maternal mortality,4,21248.0,20.0,0.9707477480236777,0.0014255116680200633,0.0687769476990382
CD016211,4,Maternal mortality: subgroup analysis (polypharmacy vs monopharmacy),5,21248.0,20.0,0.9707477480236777,0.0014255116680200633,0.0687769476990382
CD016211,11,Adverse effects of antibiotics: vomiting,3,20897.0,902.0,1.537122364201936,0.0003661136154165075,0.6507966989897214
CD016211,17,Other maternal infections: mastitis or breast abscess,4,21280.0,62.0,0.5887025585140345,0.1555315287225685,0.9683288193588055
CD016220_pub2,1,Smoking cessation at longest follow-up,3,51.0,4.0,0.5601115239900947,0.4346777007553456,0.9926896299542906
CD016274,1,All-cause mortality until hospital discharge,4,211.0,26.0,1.66213499931537,0.004818519869332019,0.669843120158616
CD016274,2,"Chronic lung disease (CLD/BPD) 36 weeks' postmenstrual age, defined as need for oxygen or respiratory support",6,276.0,56.0,0.8131413994023855,0.5813407591934557,0.5872478957283873
CD016278,1,Estimated blood loss ≥ 1000ml,4,6563.0,900.0,0.3850074983553795,30.52184715615794,0.9999783929695548
CD016278,5,Blood transfusion,5,7903.0,245.0,1.4135483159585553,0.000756307906072624,0.9925070104198513
CD016278,6,Receipt of surgical interventions to control PPH,4,7848.0,248.0,2.3282931515814207,2.1219242236383132e-07,0.9994269540879278
CD016278,7,Thromboembolic events,4,7301.0,16.0,0.5577869256798949,0.11233589322678623,0.998845620530941
CD016278,8,Receipt of additional uterotonics,4,7925.0,849.0,1.371663923706635,0.0037960650931585767,0.867362268851549
CD016278,12,Clinical diagnosis of PPH,3,2313.0,308.0,0.4109587947993414,12.76429324637174,0.9983145141553603
CD016278,17,Seizures,4,7258.0,3.0,0.8811577500235501,0.0011950188713472157,0.9852113453564483
CD016278,19,ICU admission,3,7296.0,53.0,0.42470173071446204,1.21231783238507,0.9999978922049085
CD016278,20,Nausea,3,7786.0,1306.0,0.25881905279528905,128.45838449753973,0.9999999783673132
CD016347,2,Serious adverse events,6,8656.0,260.0,1.0344709178844245,0.021359912959884653,0.5076775623566758
CD016347,3,Adverse events,6,8656.0,6476.0,0.9930762679138557,0.8009352609865762,0.4950957019470882
CD016347,4,Adverse drug reactions: injection site reactions,6,8664.0,6572.0,1.0476840209614373,0.47771652651401736,0.6380687246056502
